ID;Plot;Plant_sp;Plant_id;Branch_inflorescence_id;Flowers_produced;Fruits_produced;;
1;A;UPAR;1;1;NA;NA;;
1;A;UPAR;1;2;NA;NA;;
1;A;UPAR;1;3;NA;NA;;
1;A;UPAR;1;4;NA;NA;;
1;A;UPAR;1;5;NA;NA;;
2;A;UPAR;2;1;NA;NA;;
2;A;UPAR;2;2;NA;NA;;
2;A;UPAR;2;3;NA;NA;;
2;A;UPAR;2;4;NA;NA;;
2;A;UPAR;2;5;NA;NA;;
3;A;UPAR;3;1;NA;NA;;
3;A;UPAR;3;2;NA;NA;;
3;A;UPAR;3;3;NA;NA;;
3;A;UPAR;3;4;NA;NA;;
3;A;UPAR;3;5;NA;NA;;
4;A;UPAR;4;1;NA;NA;;
4;A;UPAR;4;2;NA;NA;;
4;A;UPAR;4;3;NA;NA;;
4;A;UPAR;4;4;NA;NA;;
4;A;UPAR;4;5;NA;NA;;
5;A;UPAR;5;1;NA;NA;;
5;A;UPAR;5;2;NA;NA;;
5;A;UPAR;5;3;NA;NA;;
5;A;UPAR;5;4;NA;NA;;
5;A;UPAR;5;5;NA;NA;;
6;A;UPAR;6;1;NA;NA;;
6;A;UPAR;6;2;NA;NA;;
6;A;UPAR;6;3;NA;NA;;
6;A;UPAR;6;4;NA;NA;;
6;A;UPAR;6;5;NA;NA;;
7;A;UPAR;7;1;NA;NA;;
7;A;UPAR;7;2;NA;NA;;
7;A;UPAR;7;3;NA;NA;;
7;A;UPAR;7;4;NA;NA;;
7;A;UPAR;7;5;NA;NA;;
8;A;UPAR;8;1;NA;NA;;
8;A;UPAR;8;2;NA;NA;;
8;A;UPAR;8;3;NA;NA;;
8;A;UPAR;8;4;NA;NA;;
8;A;UPAR;8;5;NA;NA;;
9;A;UPAR;9;1;NA;NA;;
9;A;UPAR;9;2;NA;NA;;
9;A;UPAR;9;3;NA;NA;;
9;A;UPAR;9;4;NA;NA;;
9;A;UPAR;9;5;NA;NA;;
10;A;UPAR;10;1;NA;NA;;
10;A;UPAR;10;2;NA;NA;;
10;A;UPAR;10;3;NA;NA;;
10;A;UPAR;10;4;NA;NA;;
10;A;UPAR;10;5;NA;NA;;
11;A;UPAR;11;1;NA;NA;;
11;A;UPAR;11;2;NA;NA;;
11;A;UPAR;11;3;NA;NA;;
11;A;UPAR;11;4;NA;NA;;
11;A;UPAR;11;5;NA;NA;;
12;A;UPAR;12;1;NA;NA;;
12;A;UPAR;12;2;NA;NA;;
12;A;UPAR;12;3;NA;NA;;
12;A;UPAR;12;4;NA;NA;;
12;A;UPAR;12;5;NA;NA;;
13;A;UPAR;13;1;NA;NA;;
13;A;UPAR;13;2;NA;NA;;
13;A;UPAR;13;3;NA;NA;;
13;A;UPAR;13;4;NA;NA;;
13;A;UPAR;13;5;NA;NA;;
14;A;UPAR;14;1;NA;NA;;
14;A;UPAR;14;2;NA;NA;;
14;A;UPAR;14;3;NA;NA;;
14;A;UPAR;14;4;NA;NA;;
14;A;UPAR;14;5;NA;NA;;
15;A;UPAR;15;1;NA;NA;;
15;A;UPAR;15;2;NA;NA;;
15;A;UPAR;15;3;NA;NA;;
15;A;UPAR;15;4;NA;NA;;
15;A;UPAR;15;5;NA;NA;;
16;A;HCOM;106;1;27;17;;
16;A;HCOM;106;2;18;8;;
16;A;HCOM;106;3;21;8;;
16;A;HCOM;106;4;23;10;;
16;A;HCOM;106;5;18;9;;
17;A;HCOM;107;1;15;5;;
17;A;HCOM;107;2;12;3;;
17;A;HCOM;107;3;16;4;;
17;A;HCOM;107;4;14;5;;
17;A;HCOM;107;5;12;5;;
18;A;HCOM;108;1;11;1;;
18;A;HCOM;108;2;14;2;;
18;A;HCOM;108;3;15;4;;
18;A;HCOM;108;4;6;1;;
18;A;HCOM;108;5;8;3;;
19;A;HCOM;109;1;10;2;;
19;A;HCOM;109;2;7;3;;
19;A;HCOM;109;3;28;9;;
19;A;HCOM;109;4;11;2;;
19;A;HCOM;109;5;6;2;;
20;A;HCOM;110;1;18;9;;
20;A;HCOM;110;2;19;5;;
20;A;HCOM;110;3;24;5;;
20;A;HCOM;110;4;18;5;;
20;A;HCOM;110;5;13;5;;
21;A;HCOM;111;1;13;4;;
21;A;HCOM;111;2;12;8;;
21;A;HCOM;111;3;8;2;;
21;A;HCOM;111;4;6;2;;
21;A;HCOM;111;5;15;5;;
22;A;HCOM;112;1;7;3;;
22;A;HCOM;112;2;16;1;;
22;A;HCOM;112;3;19;4;;
22;A;HCOM;112;4;7;1;;
22;A;HCOM;112;5;13;1;;
23;A;HCOM;113;1;14;4;;
23;A;HCOM;113;2;15;9;;
23;A;HCOM;113;3;17;4;;
23;A;HCOM;113;4;15;3;;
23;A;HCOM;113;5;16;7;;
24;A;HCOM;114;1;16;7;;
24;A;HCOM;114;2;21;9;;
24;A;HCOM;114;3;15;7;;
24;A;HCOM;114;4;14;9;;
24;A;HCOM;114;5;18;10;;
25;A;HCOM;115;1;21;5;;
25;A;HCOM;115;2;24;10;;
25;A;HCOM;115;3;23;2;;
25;A;HCOM;115;4;24;8;;
25;A;HCOM;115;5;15;5;;
26;A;HCOM;116;1;21;2;;
26;A;HCOM;116;2;12;1;;
26;A;HCOM;116;3;18;9;;
26;A;HCOM;116;4;10;2;;
26;A;HCOM;116;5;13;1;;
27;A;HCOM;117;1;26;10;;
27;A;HCOM;117;2;25;13;;
27;A;HCOM;117;3;24;7;;
27;A;HCOM;117;4;11;5;;
27;A;HCOM;117;5;12;3;;
28;A;HCOM;118;1;29;8;;
28;A;HCOM;118;2;10;3;;
28;A;HCOM;118;3;11;4;;
28;A;HCOM;118;4;12;6;;
28;A;HCOM;118;5;19;9;;
29;A;HCOM;119;1;20;9;;
29;A;HCOM;119;2;24;6;;
29;A;HCOM;119;3;20;6;;
29;A;HCOM;119;4;19;7;;
29;A;HCOM;119;5;17;5;;
30;A;HCOM;120;1;13;7;;
30;A;HCOM;120;2;22;7;;
30;A;HCOM;120;3;28;18;;
30;A;HCOM;120;4;13;4;;
30;A;HCOM;120;5;17;9;;
31;A;ROFF;236;1;13;6;;
31;A;ROFF;236;2;18;11;;
31;A;ROFF;236;3;8;0;;
31;A;ROFF;236;4;16;0;;
31;A;ROFF;236;5;12;8;;
32;A;ROFF;237;1;10;7;;
32;A;ROFF;237;2;16;11;;
32;A;ROFF;237;3;16;12;;
32;A;ROFF;237;4;17;11;;
32;A;ROFF;237;5;18;11;;
33;A;ROFF;238;1;16;13;;
33;A;ROFF;238;2;7;4;;
33;A;ROFF;238;3;14;4;;
33;A;ROFF;238;4;10;7;;
33;A;ROFF;238;5;10;5;;
34;A;ROFF;239;1;14;7;;
34;A;ROFF;239;2;14;12;;
34;A;ROFF;239;3;14;13;;
34;A;ROFF;239;4;12;10;;
34;A;ROFF;239;5;10;9;;
35;A;ROFF;240;1;14;8;;
35;A;ROFF;240;2;16;14;;
35;A;ROFF;240;3;14;11;;
35;A;ROFF;240;4;14;13;;
35;A;ROFF;240;5;0;0;;
36;A;SGEN;241;1;97;16;;
36;A;SGEN;241;2;38;17;;
36;A;SGEN;241;3;71;17;;
36;A;SGEN;241;4;34;12;;
36;A;SGEN;241;5;73;20;;
37;A;SGEN;242;1;18;10;;
37;A;SGEN;242;2;23;13;;
37;A;SGEN;242;3;20;14;;
37;A;SGEN;242;4;25;16;;
37;A;SGEN;242;5;22;10;;
38;A;SGEN;243;1;39;18;;
38;A;SGEN;243;2;89;17;;
38;A;SGEN;243;3;30;12;;
38;A;SGEN;243;4;20;8;;
38;A;SGEN;243;5;23;12;;
39;A;SGEN;244;1;28;9;;
39;A;SGEN;244;2;15;10;;
39;A;SGEN;244;3;23;11;;
39;A;SGEN;244;4;17;12;;
39;A;SGEN;244;5;23;8;;
40;A;SGEN;245;1;45;14;;
40;A;SGEN;245;2;33;9;;
40;A;SGEN;245;3;48;24;;
40;A;SGEN;245;4;39;26;;
40;A;SGEN;245;5;57;24;;
41;A;SGEN;246;1;80;8;;
41;A;SGEN;246;2;29;2;;
41;A;SGEN;246;3;34;7;;
41;A;SGEN;246;4;31;2;;
41;A;SGEN;246;5;16;2;;
42;A;SGEN;247;1;28;11;;
42;A;SGEN;247;2;58;32;;
42;A;SGEN;247;3;34;18;;
42;A;SGEN;247;4;65;22;;
42;A;SGEN;247;5;42;10;;
43;A;SGEN;248;1;34;19;;
43;A;SGEN;248;2;23;12;;
43;A;SGEN;248;3;64;28;;
43;A;SGEN;248;4;46;25;;
43;A;SGEN;248;5;13;6;;
44;A;SGEN;249;1;39;20;;
44;A;SGEN;249;2;26;15;;
44;A;SGEN;249;3;42;19;;
44;A;SGEN;249;4;35;22;;
44;A;SGEN;249;5;23;11;;
45;A;SGEN;250;1;58;24;;
45;A;SGEN;250;2;39;15;;
45;A;SGEN;250;3;33;18;;
45;A;SGEN;250;4;45;20;;
45;A;SGEN;250;5;21;8;;
46;A;SGEN;Y;1;27;12;;
46;A;SGEN;Y;2;17;8;;
46;A;SGEN;Y;3;10;3;;
46;A;SGEN;Y;4;27;6;;
46;A;SGEN;Y;5;18;6;;
47;A;LPED;261;1;34;9;;
47;A;LPED;261;2;49;9;Comido, tubos, larva recogida;
47;A;LPED;261;3;35;9;;
47;A;LPED;261;4;50;6;;
47;A;LPED;261;5;34;9;;
48;A;LPED;262;1;30;12;;
48;A;LPED;262;2;47;9;;
48;A;LPED;262;3;43;17;;
48;A;LPED;262;4;46;12;;
48;A;LPED;262;5;70;17;;
49;A;LPED;263;1;42;15;;
49;A;LPED;263;2;45;11;;
49;A;LPED;263;3;34;7;Comido, tubos;
49;A;LPED;263;4;49;12;;
49;A;LPED;263;5;31;12;;
50;A;LPED;264;1;72;17;;
50;A;LPED;264;2;76;14;;
50;A;LPED;264;3;37;10;;
50;A;LPED;264;4;62;12;comido;
50;A;LPED;264;5;37;17;;
51;A;LPED;265;1;34;8;;
51;A;LPED;265;2;94;29;;
51;A;LPED;265;3;11;0;;
51;A;LPED;265;4;12;1;;
51;A;LPED;265;5;61;17;;
52;A;LPED;266;1;50;14;;
52;A;LPED;266;2;35;3;;
52;A;LPED;266;3;46;10;;
52;A;LPED;266;4;55;12;;
52;A;LPED;266;5;41;13;;
53;A;LPED;267;1;46;15;;
53;A;LPED;267;2;52;15;;
53;A;LPED;267;3;70;27;;
53;A;LPED;267;4;71;25;;
53;A;LPED;267;5;52;23;;
54;A;LPED;268;1;21;10;;
54;A;LPED;268;2;33;9;;
54;A;LPED;268;3;44;22;;
54;A;LPED;268;4;42;10;;
54;A;LPED;268;5;67;17;;
55;A;LPED;269;1;30;4;;
55;A;LPED;269;2;59;6;;
55;A;LPED;269;3;42;10;;
55;A;LPED;269;4;53;4;;
55;A;LPED;269;5;46;15;;
56;A;LPED;270;1;47;20;;
56;A;LPED;270;2;39;16;;
56;A;LPED;270;3;25;10;;
56;A;LPED;270;4;21;7;;
56;A;LPED;270;5;31;13;;
57;A;LPED;271;1;22;3;;
57;A;LPED;271;2;13;1;;
57;A;LPED;271;3;50;20;;
57;A;LPED;271;4;42;18;;
57;A;LPED;271;5;55;26;;
58;A;LPED;272;1;42;19;;
58;A;LPED;272;2;14;1;;
58;A;LPED;272;3;32;7;;
58;A;LPED;272;4;27;8;;
58;A;LPED;272;5;46;18;;
59;A;LPED;273;1;61;18;;
59;A;LPED;273;2;39;14;;
59;A;LPED;273;3;24;11;;
59;A;LPED;273;4;28;13;;
59;A;LPED;273;5;37;13;;
60;A;LPED;274;1;42;23;;
60;A;LPED;274;2;63;21;;
60;A;LPED;274;3;42;11;;
60;A;LPED;274;4;36;17;;
60;A;LPED;274;5;47;18;;
61;A;LPED;275;1;47;24;;
61;A;LPED;275;2;46;19;;
61;A;LPED;275;3;68;28;;
61;A;LPED;275;4;45;10;;
61;A;LPED;275;5;66;36;;
62;A;CLIB;366;1;10;6;;
62;A;CLIB;366;2;9;5;;
62;A;CLIB;366;3;5;3;;
62;A;CLIB;366;4;13;10;;
62;A;CLIB;366;5;5;3;;
63;A;CLIB;367;1;10;7;;
63;A;CLIB;367;2;4;4;;
63;A;CLIB;367;3;5;3;;
63;A;CLIB;367;4;5;4;;
63;A;CLIB;367;5;5;4;;
64;A;CLIB;368;1;8;8;;
64;A;CLIB;368;2;11;9;;
64;A;CLIB;368;3;5;4;;
64;A;CLIB;368;4;12;12;;
64;A;CLIB;368;5;4;3;;
65;A;CLIB;369;1;9;6;;
65;A;CLIB;369;2;6;6;;
65;A;CLIB;369;3;21;12;;
65;A;CLIB;369;4;7;4;;
65;A;CLIB;369;5;6;6;;
66;A;CLIB;370;1;6;5;;
66;A;CLIB;370;2;4;4;;
66;A;CLIB;370;3;13;8;;
66;A;CLIB;370;4;4;3;;
66;A;CLIB;370;5;3;2;;
67;A;CLIB;371;1;7;6;;
67;A;CLIB;371;2;8;8;;
67;A;CLIB;371;3;7;6;;
67;A;CLIB;371;4;2;4;;
67;A;CLIB;371;5;5;5;;
68;A;CLIB;372;1;5;5;;
68;A;CLIB;372;2;5;3;;
68;A;CLIB;372;3;5;5;;
68;A;CLIB;372;4;5;5;;
68;A;CLIB;372;5;4;4;;
69;A;CLIB;373;1;12;10;;
69;A;CLIB;373;2;7;6;;
69;A;CLIB;373;3;8;5;;
69;A;CLIB;373;4;6;6;;
69;A;CLIB;373;5;7;7;;
70;A;CLIB;374;1;5;4;;
70;A;CLIB;374;2;6;6;;
70;A;CLIB;374;3;6;5;;
70;A;CLIB;374;4;9;5;;
70;A;CLIB;374;5;16;11;;
71;A;CLIB;375;1;9;7;;
71;A;CLIB;375;2;10;8;;
71;A;CLIB;375;3;11;9;;
71;A;CLIB;375;4;8;7;;
71;A;CLIB;375;5;5;5;;
72;A;CLIB;376;1;6;4;;
72;A;CLIB;376;2;4;3;;
72;A;CLIB;376;3;3;2;;
72;A;CLIB;376;4;3;3;;
72;A;CLIB;376;5;6;5;;
73;A;CLIB;377;1;6;5;;
73;A;CLIB;377;2;4;4;;
73;A;CLIB;377;3;3;3;;
73;A;CLIB;377;4;8;7;;
73;A;CLIB;377;5;5;5;;
74;A;CLIB;378;1;6;3;;
74;A;CLIB;378;2;9;4;;
74;A;CLIB;378;3;4;8;;
74;A;CLIB;378;4;5;4;;
74;A;CLIB;378;5;4;5;;
75;A;CLIB;379;1;4;3;;
75;A;CLIB;379;2;4;2;;
75;A;CLIB;379;3;3;3;;
75;A;CLIB;379;4;5;3;;
75;A;CLIB;379;5;3;3;;
76;A;CLIB;380;1;6;5;;
76;A;CLIB;380;2;7;5;;
76;A;CLIB;380;3;23;2;;
76;A;CLIB;380;4;4;3;;
76;A;CLIB;380;5;4;2;;
77;A;HHAL;471;1;39;15;;
77;A;HHAL;471;2;52;26;;
77;A;HHAL;471;3;29;18;;
77;A;HHAL;471;4;37;20;;
77;A;HHAL;471;5;25;19;;
78;A;HHAL;472;1;38;28;;
78;A;HHAL;472;2;55;40;;
78;A;HHAL;472;3;50;28;;
78;A;HHAL;472;4;34;24;;
78;A;HHAL;472;5;36;15;;
79;A;HHAL;473;1;43;26;;
79;A;HHAL;473;2;22;9;;
79;A;HHAL;473;3;26;7;;
79;A;HHAL;473;4;16;5;;
79;A;HHAL;473;5;21;12;;
80;A;HHAL;474;1;18;7;;
80;A;HHAL;474;2;9;5;;
80;A;HHAL;474;3;0;0;;
80;A;HHAL;474;4;0;0;;
80;A;HHAL;474;5;0;0;;
81;A;HHAL;475;1;20;16;;
81;A;HHAL;475;2;8;6;;
81;A;HHAL;475;3;27;23;;
81;A;HHAL;475;4;10;9;;
81;A;HHAL;475;5;8;5;;
82;A;HHAL;476;1;19;10;;
82;A;HHAL;476;2;61;25;;
82;A;HHAL;476;3;0;0;;
82;A;HHAL;476;4;0;0;;
82;A;HHAL;476;5;0;0;;
83;A;HHAL;477;1;35;2;;
83;A;HHAL;477;2;27;1;;
83;A;HHAL;477;3;16;3;;
83;A;HHAL;477;4;31;3;;
83;A;HHAL;477;5;20;2;;
84;A;HHAL;478;1;31;28;;
84;A;HHAL;478;2;0;0;;
84;A;HHAL;478;3;0;0;;
84;A;HHAL;478;4;0;0;;
84;A;HHAL;478;5;0;0;;
85;A;HHAL;479;1;25;11;;
85;A;HHAL;479;2;39;21;;
85;A;HHAL;479;3;26;7;;
85;A;HHAL;479;4;11;7;;
85;A;HHAL;479;5;24;8;;
86;A;HHAL;480;1;24;9;;
86;A;HHAL;480;2;35;18;;
86;A;HHAL;480;3;14;6;;
86;A;HHAL;480;4;11;4;;
86;A;HHAL;480;5;6;3;;
87;A;HHAL;481;1;4;1;;
87;A;HHAL;481;2;3;1;;
87;A;HHAL;481;3;4;2;;
87;A;HHAL;481;4;0;0;;
87;A;HHAL;481;5;0;0;;
88;A;HHAL;482;1;28;14;;
88;A;HHAL;482;2;18;14;;
88;A;HHAL;482;3;29;20;;
88;A;HHAL;482;4;12;9;;
88;A;HHAL;482;5;38;26;;
89;A;HHAL;483;1;19;5;;
89;A;HHAL;483;2;16;4;;
89;A;HHAL;483;3;0;0;;
89;A;HHAL;483;4;0;0;;
89;A;HHAL;483;5;0;0;;
90;A;HHAL;484;1;17;15;;
90;A;HHAL;484;2;37;17;;
90;A;HHAL;484;3;22;9;;
90;A;HHAL;484;4;12;9;;
90;A;HHAL;484;5;11;5;;
91;A;HHAL;485;1;5;4;;
91;A;HHAL;485;2;3;1;;
91;A;HHAL;485;3;6;3;;
91;A;HHAL;485;4;0;0;;
91;A;HHAL;485;5;0;0;;
92;A;TMAS;566;1;72;1;;
92;A;TMAS;566;2;120;1;;
92;A;TMAS;566;3;118;2;;
92;A;TMAS;566;4;57;3;;
92;A;TMAS;566;5;156;0;;
93;A;TMAS;567;1;97;0;;
93;A;TMAS;567;2;59;0;;
93;A;TMAS;567;3;109;8;;
93;A;TMAS;567;4;86;3;;
93;A;TMAS;567;5;93;1;;
94;A;TMAS;568;1;76;0;;
94;A;TMAS;568;2;63;0;;
94;A;TMAS;568;3;44;0;;
94;A;TMAS;568;4;65;1;;
94;A;TMAS;568;5;72;0;;
95;A;TMAS;569;1;29;0;;
95;A;TMAS;569;2;76;0;;
95;A;TMAS;569;3;84;0;;
95;A;TMAS;569;4;102;0;;
95;A;TMAS;569;5;68;0;;
96;A;TMAS;570;1;50;0;;
96;A;TMAS;570;2;54;1;;
96;A;TMAS;570;3;66;1;;
96;A;TMAS;570;4;63;1;;
96;A;TMAS;570;5;78;0;;
97;A;TMAS;571;1;78;0;;
97;A;TMAS;571;2;67;0;;
97;A;TMAS;571;3;60;0;;
97;A;TMAS;571;4;97;0;;
97;A;TMAS;571;5;52;0;;
98;A;TMAS;572;1;62;1;;
98;A;TMAS;572;2;117;0;;
98;A;TMAS;572;3;87;0;;
98;A;TMAS;572;4;86;0;;
98;A;TMAS;572;5;111;0;;
99;A;TMAS;573;1;57;0;;
99;A;TMAS;573;2;53;0;;
99;A;TMAS;573;3;80;0;;
99;A;TMAS;573;4;77;4;;
99;A;TMAS;573;5;82;1;;
100;A;TMAS;574;1;96;0;;
100;A;TMAS;574;2;105;6;;
100;A;TMAS;574;3;93;2;;
100;A;TMAS;574;4;132;0;;
100;A;TMAS;574;5;99;5;;
101;A;TMAS;575;1;62;0;;
101;A;TMAS;575;2;48;0;;
101;A;TMAS;575;3;54;0;;
101;A;TMAS;575;4;60;2;;
101;A;TMAS;575;5;68;0;;
102;A;TMAS;572_1;1;34;11;;
102;A;TMAS;572_1;2;56;8;;
102;A;TMAS;572_1;3;40;9;;
102;A;TMAS;572_1;4;54;15;;
102;A;TMAS;572_1;5;66;13;;
103;B;ROFF;16;1;20;17;;
103;B;ROFF;16;2;14;13;;
103;B;ROFF;16;3;16;12;;
103;B;ROFF;16;4;14;13;;
103;B;ROFF;16;5;12;11;;
104;B;ROFF;17;1;14;13;;
104;B;ROFF;17;2;10;8;;
104;B;ROFF;17;3;18;16;;
104;B;ROFF;17;4;20;20;;
104;B;ROFF;17;5;18;17;;
105;B;ROFF;18;1;10;4;;
105;B;ROFF;18;2;10;9;;
105;B;ROFF;18;3;12;10;;
105;B;ROFF;18;4;12;11;;
105;B;ROFF;18;5;14;8;;
106;B;ROFF;19;1;10;10;;
106;B;ROFF;19;2;16;13;;
106;B;ROFF;19;3;10;8;;
106;B;ROFF;19;4;18;15;;
106;B;ROFF;19;5;18;16;;
107;B;ROFF;20;1;18;14;;
107;B;ROFF;20;2;10;8;;
107;B;ROFF;20;3;14;8;;
107;B;ROFF;20;4;14;7;;
107;B;ROFF;20;5;14;9;;
108;B;ROFF;21;1;16;11;;
108;B;ROFF;21;2;19;14;;
108;B;ROFF;21;3;10;7;;
108;B;ROFF;21;4;14;13;;
108;B;ROFF;21;5;14;12;;
109;B;ROFF;22;1;6;5;;
109;B;ROFF;22;2;12;3;;
109;B;ROFF;22;3;19;17;;
109;B;ROFF;22;4;16;13;;
109;B;ROFF;22;5;18;8;;
110;B;ROFF;23;1;12;6;;
110;B;ROFF;23;2;14;9;;
110;B;ROFF;23;3;8;7;;
110;B;ROFF;23;4;10;1;;
110;B;ROFF;23;5;10;10;;
111;B;ROFF;24;1;8;6;;
111;B;ROFF;24;2;12;11;;
111;B;ROFF;24;3;14;10;;
111;B;ROFF;24;4;10;8;;
111;B;ROFF;24;5;12;7;;
112;B;ROFF;25;1;16;11;;
112;B;ROFF;25;2;12;10;;
112;B;ROFF;25;3;8;7;;
112;B;ROFF;25;4;14;5;;
112;B;ROFF;25;5;12;2;;
113;B;ROFF;26;1;16;15;;
113;B;ROFF;26;2;16;11;;
113;B;ROFF;26;3;16;13;;
113;B;ROFF;26;4;12;6;;
113;B;ROFF;26;5;10;8;;
114;B;ROFF;27;1;12;10;;
114;B;ROFF;27;2;10;8;;
114;B;ROFF;27;3;12;9;;
114;B;ROFF;27;4;14;13;;
114;B;ROFF;27;5;10;8;;
115;B;ROFF;28;1;14;8;;
115;B;ROFF;28;2;10;10;;
115;B;ROFF;28;3;12;9;;
115;B;ROFF;28;4;14;7;;
115;B;ROFF;28;5;12;8;;
116;B;ROFF;29;1;14;9;;
116;B;ROFF;29;2;12;11;;
116;B;ROFF;29;3;10;9;;
116;B;ROFF;29;4;10;7;;
116;B;ROFF;29;5;16;15;;
117;B;ROFF;30;1;26;23;;
117;B;ROFF;30;2;6;6;;
117;B;ROFF;30;3;19;16;;
117;B;ROFF;30;4;18;17;;
117;B;ROFF;30;5;13;8;;
118;B;HCOM;121;1;9;1;;
118;B;HCOM;121;2;16;2;;
118;B;HCOM;121;3;29;2;;
118;B;HCOM;121;4;33;1;;
118;B;HCOM;121;5;17;3;;
119;B;HCOM;122;1;8;0;;
119;B;HCOM;122;2;14;4;;
119;B;HCOM;122;3;19;5;;
119;B;HCOM;122;4;14;3;;
119;B;HCOM;122;5;7;1;;
120;B;HCOM;123;1;17;4;;
120;B;HCOM;123;2;33;5;;
120;B;HCOM;123;3;25;7;;
120;B;HCOM;123;4;18;4;;
120;B;HCOM;123;5;17;3;;
121;B;HCOM;124;1;14;5;;
121;B;HCOM;124;2;9;3;;
121;B;HCOM;124;3;8;1;;
121;B;HCOM;124;4;6;2;;
121;B;HCOM;124;5;14;1;;
122;B;HCOM;125;1;19;4;;
122;B;HCOM;125;2;12;3;;
122;B;HCOM;125;3;18;7;;
122;B;HCOM;125;4;27;5;;
122;B;HCOM;125;5;16;6;;
123;B;HCOM;126;1;26;10;;
123;B;HCOM;126;2;23;9;;
123;B;HCOM;126;3;26;12;;
123;B;HCOM;126;4;35;13;;
123;B;HCOM;126;5;18;7;;
124;B;HCOM;127;1;7;4;;
124;B;HCOM;127;2;16;5;;
124;B;HCOM;127;3;11;3;;
124;B;HCOM;127;4;12;3;;
124;B;HCOM;127;5;7;2;;
125;B;HCOM;128;1;24;6;;
125;B;HCOM;128;2;20;7;;
125;B;HCOM;128;3;18;3;;
125;B;HCOM;128;4;19;3;;
125;B;HCOM;128;5;24;8;;
126;B;HCOM;129;1;11;4;;
126;B;HCOM;129;2;11;2;;
126;B;HCOM;129;3;10;1;;
126;B;HCOM;129;4;14;5;;
126;B;HCOM;129;5;12;1;;
127;B;HCOM;130;1;11;5;;
127;B;HCOM;130;2;10;2;;
127;B;HCOM;130;3;13;4;;
127;B;HCOM;130;4;14;3;;
127;B;HCOM;130;5;5;3;;
128;B;HCOM;131;1;13;0;;
128;B;HCOM;131;2;9;0;;
128;B;HCOM;131;3;10;1;;
128;B;HCOM;131;4;11;1;;
128;B;HCOM;131;5;8;1;;
129;B;HCOM;132;1;9;6;;
129;B;HCOM;132;2;17;5;;
129;B;HCOM;132;3;21;7;;
129;B;HCOM;132;4;12;6;;
129;B;HCOM;132;5;23;8;;
130;B;HCOM;133;1;13;0;;
130;B;HCOM;133;2;25;4;;
130;B;HCOM;133;3;20;4;;
130;B;HCOM;133;4;14;2;;
130;B;HCOM;133;5;11;2;;
131;B;HCOM;134;1;7;4;;
131;B;HCOM;134;2;5;2;;
131;B;HCOM;134;3;12;1;;
131;B;HCOM;134;4;10;1;;
131;B;HCOM;134;5;11;2;;
132;B;HCOM;135;1;15;6;;
132;B;HCOM;135;2;6;2;;
132;B;HCOM;135;3;8;2;;
132;B;HCOM;135;4;11;3;;
132;B;HCOM;135;5;8;2;;
133;B;SGEN;226;1;22;9;;
133;B;SGEN;226;2;11;8;;
133;B;SGEN;226;3;31;9;;
133;B;SGEN;226;4;19;9;;
133;B;SGEN;226;5;37;17;;
134;B;SGEN;227;1;28;16;;
134;B;SGEN;227;2;23;5;;
134;B;SGEN;227;3;33;5;;
134;B;SGEN;227;4;27;8;;
134;B;SGEN;227;5;28;7;;
135;B;SGEN;228;1;25;2;;
135;B;SGEN;228;2;19;5;;
135;B;SGEN;228;3;31;6;;
135;B;SGEN;228;4;16;5;;
135;B;SGEN;228;5;22;9;;
136;B;SGEN;229;1;47;27;;
136;B;SGEN;229;2;13;6;;
136;B;SGEN;229;3;24;8;;
136;B;SGEN;229;4;41;10;;
136;B;SGEN;229;5;22;9;;
137;B;SGEN;230;1;33;3;;
137;B;SGEN;230;2;52;7;;
137;B;SGEN;230;3;24;5;;
137;B;SGEN;230;4;55;14;;
137;B;SGEN;230;5;34;3;;
138;B;SGEN;231;1;66;6;;
138;B;SGEN;231;2;43;9;;
138;B;SGEN;231;3;59;13;;
138;B;SGEN;231;4;33;9;;
138;B;SGEN;231;5;27;4;;
139;B;SGEN;232;1;31;4;;
139;B;SGEN;232;2;46;14;;
139;B;SGEN;232;3;15;6;;
139;B;SGEN;232;4;23;8;;
139;B;SGEN;232;5;26;5;;
140;B;SGEN;233;1;15;3;;
140;B;SGEN;233;2;22;8;;
140;B;SGEN;233;3;14;6;;
140;B;SGEN;233;4;21;11;;
140;B;SGEN;233;5;19;14;;
141;B;SGEN;234;1;14;6;;
141;B;SGEN;234;2;39;14;;
141;B;SGEN;234;3;15;7;;
141;B;SGEN;234;4;49;12;;
141;B;SGEN;234;5;29;19;;
142;B;SGEN;235;1;40;7;;
142;B;SGEN;235;2;31;11;;
142;B;SGEN;235;3;18;5;;
142;B;SGEN;235;4;68;20;;
142;B;SGEN;235;5;41;10;;
143;B;LPED;276;1;68;13;;
143;B;LPED;276;2;66;9;;
143;B;LPED;276;3;43;10;;
143;B;LPED;276;4;22;3;;
143;B;LPED;276;5;43;9;;
144;B;LPED;277;1;48;18;;
144;B;LPED;277;2;46;12;;
144;B;LPED;277;3;40;14;;
144;B;LPED;277;4;22;0;;
144;B;LPED;277;5;38;13;;
145;B;LPED;278;1;48;3;;
145;B;LPED;278;2;62;13;;
145;B;LPED;278;3;47;18;;
145;B;LPED;278;4;57;15;;
145;B;LPED;278;5;52;14;;
146;B;LPED;279;1;34;13;;
146;B;LPED;279;2;39;15;;
146;B;LPED;279;3;34;9;;
146;B;LPED;279;4;32;17;;
146;B;LPED;279;5;28;4;;
147;B;LPED;280;1;22;3;;
147;B;LPED;280;2;29;9;;
147;B;LPED;280;3;25;4;;
147;B;LPED;280;4;46;24;;
147;B;LPED;280;5;30;15;;
148;B;LPED;281;1;53;11;;
148;B;LPED;281;2;40;11;;
148;B;LPED;281;3;42;10;;
148;B;LPED;281;4;50;13;;
148;B;LPED;281;5;45;18;;
149;B;LPED;282;1;38;12;;
149;B;LPED;282;2;51;7;;Un fruto depredado
149;B;LPED;282;3;45;18;;
149;B;LPED;282;4;42;11;;
149;B;LPED;282;5;24;8;;
150;B;LPED;283;1;NA;NA;56;10
150;B;LPED;283;2;NA;NA;71;24
150;B;LPED;283;3;NA;NA;28;7
150;B;LPED;283;4;NA;NA;37;7
150;B;LPED;283;5;NA;NA;44;9
151;B;LPED;284;1;54;18;;
151;B;LPED;284;2;32;7;;
151;B;LPED;284;3;38;22;;
151;B;LPED;284;4;50;19;;
151;B;LPED;284;5;69;31;;
152;B;LPED;285;1;41;17;;
152;B;LPED;285;2;28;6;;
152;B;LPED;285;3;39;7;;
152;B;LPED;285;4;19;2;;
152;B;LPED;285;5;31;7;;
153;B;LPED;286;1;34;6;;
153;B;LPED;286;2;49;25;;
153;B;LPED;286;3;48;11;comido, tubos;
153;B;LPED;286;4;44;10;;
153;B;LPED;286;5;26;5;;
154;B;LPED;287;1;62;4;;
154;B;LPED;287;2;42;5;;
154;B;LPED;287;3;89;18;;
154;B;LPED;287;4;48;7;;
154;B;LPED;287;5;68;22;;
155;B;LPED;288;1;27;7;;
155;B;LPED;288;2;53;14;;
155;B;LPED;288;3;49;13;;
155;B;LPED;288;4;49;9;;
155;B;LPED;288;5;43;12;;
156;B;LPED;289;1;58;23;;
156;B;LPED;289;2;44;13;;
156;B;LPED;289;3;38;14;;
156;B;LPED;289;4;20;8;;
156;B;LPED;289;5;40;11;;
157;B;LPED;290;1;42;10;;
157;B;LPED;290;2;57;10;;
157;B;LPED;290;3;41;12;;
157;B;LPED;290;4;67;20;;
157;B;LPED;290;5;64;8;;
158;B;CLIB;381;1;6;6;;
158;B;CLIB;381;2;13;12;;
158;B;CLIB;381;3;15;14;;
158;B;CLIB;381;4;10;9;;
158;B;CLIB;381;5;12;9;;
159;B;CLIB;382;1;16;15;;
159;B;CLIB;382;2;8;7;;
159;B;CLIB;382;3;8;7;;
159;B;CLIB;382;4;8;6;;
159;B;CLIB;382;5;8;6;;
160;B;CLIB;383;1;5;5;;
160;B;CLIB;383;2;6;6;;
160;B;CLIB;383;3;12;12;;
160;B;CLIB;383;4;15;13;;
160;B;CLIB;383;5;4;4;;
161;B;CLIB;384;1;8;7;;
161;B;CLIB;384;2;10;7;;
161;B;CLIB;384;3;10;8;;
161;B;CLIB;384;4;7;7;;
161;B;CLIB;384;5;8;3;;
162;B;CLIB;385;1;29;19;;
162;B;CLIB;385;2;6;6;;
162;B;CLIB;385;3;7;6;;
162;B;CLIB;385;4;14;11;;
162;B;CLIB;385;5;6;5;;
163;B;CLIB;386;1;12;9;;
163;B;CLIB;386;2;14;7;;
163;B;CLIB;386;3;4;3;;
163;B;CLIB;386;4;20;17;;
163;B;CLIB;386;5;8;8;;
164;B;CLIB;387;1;11;10;;
164;B;CLIB;387;2;9;6;;
164;B;CLIB;387;3;13;10;;
164;B;CLIB;387;4;7;7;;
164;B;CLIB;387;5;11;11;;
165;B;CLIB;388;1;24;13;;
165;B;CLIB;388;2;9;7;;
165;B;CLIB;388;3;7;6;;
165;B;CLIB;388;4;6;3;;
165;B;CLIB;388;5;23;8;;
166;B;CLIB;389;1;9;7;;
166;B;CLIB;389;2;4;4;;
166;B;CLIB;389;3;8;7;;
166;B;CLIB;389;4;9;9;;
166;B;CLIB;389;5;8;8;;
167;B;CLIB;390;1;8;8;;
167;B;CLIB;390;2;5;5;;
167;B;CLIB;390;3;12;10;;
167;B;CLIB;390;4;4;4;;
167;B;CLIB;390;5;8;7;;
168;B;CLIB;391;1;9;5;;
168;B;CLIB;391;2;11;7;;
168;B;CLIB;391;3;20;12;;
168;B;CLIB;391;4;8;6;;
168;B;CLIB;391;5;17;14;;
169;B;CLIB;392;1;8;7;;
169;B;CLIB;392;2;7;6;;
169;B;CLIB;392;3;11;11;;
169;B;CLIB;392;4;7;6;;
169;B;CLIB;392;5;10;7;;
170;B;CLIB;393;1;27;22;;
170;B;CLIB;393;2;13;11;;
170;B;CLIB;393;3;11;7;;
170;B;CLIB;393;4;6;6;;
170;B;CLIB;393;5;22;17;;
171;B;CLIB;394;1;8;6;;
171;B;CLIB;394;2;13;11;;
171;B;CLIB;394;3;7;6;;
171;B;CLIB;394;4;6;6;;
171;B;CLIB;394;5;4;4;;
172;B;CLIB;395;1;8;6;;
172;B;CLIB;395;2;6;5;;
172;B;CLIB;395;3;3;3;;
172;B;CLIB;395;4;10;7;;
172;B;CLIB;395;5;11;7;;
173;B;CSAL;Z;1;NA;NA;;
173;B;CSAL;Z;2;NA;NA;;
173;B;CSAL;Z;3;NA;NA;;
173;B;CSAL;Z;4;NA;NA;;
173;B;CSAL;Z;5;NA;NA;;
174;B;HHAL;486;1;19;13;;
174;B;HHAL;486;2;28;19;;
174;B;HHAL;486;3;21;13;;
174;B;HHAL;486;4;15;10;;
174;B;HHAL;486;5;8;3;;
175;B;HHAL;487;1;18;10;;
175;B;HHAL;487;2;19;14;;
175;B;HHAL;487;3;12;8;;
175;B;HHAL;487;4;25;16;;
175;B;HHAL;487;5;13;7;;
176;B;HHAL;488;1;19;8;;
176;B;HHAL;488;2;11;2;;
176;B;HHAL;488;3;24;15;;
176;B;HHAL;488;4;19;9;;
176;B;HHAL;488;5;23;10;;
177;B;HHAL;489;1;16;9;;
177;B;HHAL;489;2;20;11;;
177;B;HHAL;489;3;4;1;;
177;B;HHAL;489;4;11;4;;
177;B;HHAL;489;5;12;5;;
178;B;HHAL;490;1;7;4;;
178;B;HHAL;490;2;6;3;;
178;B;HHAL;490;3;0;0;;
178;B;HHAL;490;4;0;0;;
178;B;HHAL;490;5;0;0;;
179;B;HHAL;491;1;7;3;;
179;B;HHAL;491;2;4;0;;
179;B;HHAL;491;3;9;6;;
179;B;HHAL;491;4;19;10;;
179;B;HHAL;491;5;19;15;;
180;B;HHAL;492;1;7;6;;
180;B;HHAL;492;2;7;7;;
180;B;HHAL;492;3;6;6;;
180;B;HHAL;492;4;4;2;;
180;B;HHAL;492;5;0;0;;
181;B;HHAL;493;1;18;9;;
181;B;HHAL;493;2;54;20;;
181;B;HHAL;493;3;18;6;;
181;B;HHAL;493;4;19;11;;
181;B;HHAL;493;5;14;12;;
182;B;HHAL;494;1;22;19;;
182;B;HHAL;494;2;19;15;;
182;B;HHAL;494;3;26;25;;
182;B;HHAL;494;4;20;17;;
182;B;HHAL;494;5;12;12;;
183;B;HHAL;495;1;25;16;;
183;B;HHAL;495;2;30;21;;
183;B;HHAL;495;3;28;19;;
183;B;HHAL;495;4;23;14;;
183;B;HHAL;495;5;21;3;;
184;B;HHAL;496;1;15;8;;
184;B;HHAL;496;2;25;7;;
184;B;HHAL;496;3;26;12;;
184;B;HHAL;496;4;45;14;;
184;B;HHAL;496;5;17;4;;
185;B;HHAL;497;1;18;8;;
185;B;HHAL;497;2;13;8;;
185;B;HHAL;497;3;11;9;;
185;B;HHAL;497;4;39;8;;
185;B;HHAL;497;5;11;9;;
186;B;HHAL;498;1;34;22;;
186;B;HHAL;498;2;14;11;;
186;B;HHAL;498;3;29;24;;
186;B;HHAL;498;4;16;12;;
186;B;HHAL;498;5;52;41;;
187;B;HHAL;499;1;32;29;;
187;B;HHAL;499;2;9;7;;
187;B;HHAL;499;3;16;16;;
187;B;HHAL;499;4;20;18;;
187;B;HHAL;499;5;29;25;;
188;B;HHAL;500;1;17;13;;
188;B;HHAL;500;2;37;31;;
188;B;HHAL;500;3;38;22;;
188;B;HHAL;500;4;49;23;;
188;B;HHAL;500;5;24;16;;
189;B;TMAS;576;1;51;0;;
189;B;TMAS;576;2;53;0;;
189;B;TMAS;576;3;39;0;;
189;B;TMAS;576;4;104;0;;
189;B;TMAS;576;5;43;0;;
190;B;TMAS;577;1;47;0;;
190;B;TMAS;577;2;90;0;;
190;B;TMAS;577;3;109;0;;
190;B;TMAS;577;4;84;0;;
190;B;TMAS;577;5;81;0;;
191;B;TMAS;578;1;117;3;;
191;B;TMAS;578;2;98;1;;
191;B;TMAS;578;3;82;2;;
191;B;TMAS;578;4;67;1;;
191;B;TMAS;578;5;73;4;;
192;B;TMAS;579;1;45;0;;
192;B;TMAS;579;2;89;0;;
192;B;TMAS;579;3;86;0;;
192;B;TMAS;579;4;54;0;;
192;B;TMAS;579;5;74;0;;
193;B;TMAS;580;1;64;0;;
193;B;TMAS;580;2;50;0;;
193;B;TMAS;580;3;67;0;;
193;B;TMAS;580;4;66;0;;
193;B;TMAS;580;5;60;0;;
194;B;TMAS;581;1;56;0;;
194;B;TMAS;581;2;43;0;;
194;B;TMAS;581;3;47;0;;
194;B;TMAS;581;4;41;0;;
194;B;TMAS;581;5;48;0;;
195;B;TMAS;582;1;71;0;;
195;B;TMAS;582;2;84;4;;
195;B;TMAS;582;3;91;0;;
195;B;TMAS;582;4;82;1;;
195;B;TMAS;582;5;118;1;;
196;B;TMAS;583;1;91;0;;
196;B;TMAS;583;2;126;1;;
196;B;TMAS;583;3;91;0;;
196;B;TMAS;583;4;121;0;;
196;B;TMAS;583;5;113;0;;
197;B;TMAS;584;1;18;1;;3 semillas depredadas
197;B;TMAS;584;2;25;1;;1 semillas depredadas
197;B;TMAS;584;3;49;7;;2 semillas depredadas
197;B;TMAS;584;4;68;5;;1 semillas depredadas
197;B;TMAS;584;5;89;6;;1 semillas depredadas
198;B;TMAS;585;1;43;2;;
198;B;TMAS;585;2;44;4;;
198;B;TMAS;585;3;44;0;;
198;B;TMAS;585;4;NA;NA;;
198;B;TMAS;585;5;NA;NA;;
199;C;ROFF;31;1;16;13;;
199;C;ROFF;31;2;16;11;;
199;C;ROFF;31;3;10;8;;
199;C;ROFF;31;4;16;15;;
199;C;ROFF;31;5;12;8;;
200;C;ROFF;32;1;14;11;;
200;C;ROFF;32;2;16;15;;
200;C;ROFF;32;3;16;13;;
200;C;ROFF;32;4;10;10;;
200;C;ROFF;32;5;16;16;;
201;C;ROFF;33;1;12;10;;
201;C;ROFF;33;2;12;7;;
201;C;ROFF;33;3;10;5;;
201;C;ROFF;33;4;12;6;;
201;C;ROFF;33;5;6;5;;
202;C;ROFF;34;1;22;10;;
202;C;ROFF;34;2;16;8;;
202;C;ROFF;34;3;16;11;;
202;C;ROFF;34;4;20;13;;
202;C;ROFF;34;5;14;10;;
203;C;ROFF;35;1;16;16;;
203;C;ROFF;35;2;10;9;;
203;C;ROFF;35;3;12;11;;
203;C;ROFF;35;4;6;6;;
203;C;ROFF;35;5;18;16;;
204;C;ROFF;36;1;14;14;;
204;C;ROFF;36;2;10;7;;
204;C;ROFF;36;3;14;6;;
204;C;ROFF;36;4;12;8;;
204;C;ROFF;36;5;16;7;;
205;C;ROFF;37;1;10;7;;
205;C;ROFF;37;2;14;11;;
205;C;ROFF;37;3;14;4;;
205;C;ROFF;37;4;8;7;;
205;C;ROFF;37;5;8;6;;
206;C;ROFF;38;1;9;5;;
206;C;ROFF;38;2;10;5;;
206;C;ROFF;38;3;22;12;;
206;C;ROFF;38;4;12;5;;
206;C;ROFF;38;5;12;8;;
207;C;ROFF;39;1;12;6;;
207;C;ROFF;39;2;12;9;;
207;C;ROFF;39;3;10;10;;
207;C;ROFF;39;4;14;12;;
207;C;ROFF;39;5;20;18;;
208;C;ROFF;40;1;10;8;;
208;C;ROFF;40;2;12;9;;
208;C;ROFF;40;3;10;6;;
208;C;ROFF;40;4;14;4;;
208;C;ROFF;40;5;14;5;;
209;C;ROFF;41;1;18;14;;
209;C;ROFF;41;2;14;10;;
209;C;ROFF;41;3;12;11;;
209;C;ROFF;41;4;18;8;;
209;C;ROFF;41;5;14;12;;
210;C;ROFF;42;1;12;9;;
210;C;ROFF;42;2;12;8;;
210;C;ROFF;42;3;12;7;;
210;C;ROFF;42;4;12;8;;
210;C;ROFF;42;5;14;6;;
211;C;ROFF;43;1;14;12;;
211;C;ROFF;43;2;14;6;;
211;C;ROFF;43;3;12;9;;
211;C;ROFF;43;4;14;13;;
211;C;ROFF;43;5;10;9;;
212;C;ROFF;44;1;12;9;;
212;C;ROFF;44;2;16;5;;
212;C;ROFF;44;3;12;3;;
212;C;ROFF;44;4;18;8;;
212;C;ROFF;44;5;14;9;;
213;C;ROFF;45;1;10;10;;
213;C;ROFF;45;2;18;11;;
213;C;ROFF;45;3;16;10;;
213;C;ROFF;45;4;12;5;;
213;C;ROFF;45;5;10;6;;
214;C;HCOM;136;1;11;2;;
214;C;HCOM;136;2;19;2;;
214;C;HCOM;136;3;14;8;;
214;C;HCOM;136;4;20;9;;
214;C;HCOM;136;5;10;11;;
215;C;HCOM;137;1;21;4;;
215;C;HCOM;137;2;19;6;;
215;C;HCOM;137;3;11;3;;
215;C;HCOM;137;4;12;2;;
215;C;HCOM;137;5;16;2;;
216;C;HCOM;138;1;27;4;;
216;C;HCOM;138;2;11;2;;
216;C;HCOM;138;3;18;4;;
216;C;HCOM;138;4;13;2;;
216;C;HCOM;138;5;19;3;;
217;C;HCOM;139;1;7;0;;
217;C;HCOM;139;2;11;2;;
217;C;HCOM;139;3;13;1;;
217;C;HCOM;139;4;9;1;;
217;C;HCOM;139;5;11;1;;
218;C;HCOM;140;1;8;1;;
218;C;HCOM;140;2;13;2;;
218;C;HCOM;140;3;8;0;;
218;C;HCOM;140;4;5;0;;
218;C;HCOM;140;5;3;0;;
219;C;HCOM;141;1;14;3;;
219;C;HCOM;141;2;10;1;;
219;C;HCOM;141;3;11;0;;
219;C;HCOM;141;4;14;0;;
219;C;HCOM;141;5;11;5;;
220;C;HCOM;142;1;11;2;;
220;C;HCOM;142;2;10;1;;
220;C;HCOM;142;3;12;2;;
220;C;HCOM;142;4;12;1;;
220;C;HCOM;142;5;7;3;;
221;C;HCOM;143;1;9;0;;
221;C;HCOM;143;2;9;2;;
221;C;HCOM;143;3;40;1;;
221;C;HCOM;143;4;10;0;;
221;C;HCOM;143;5;19;2;;
222;C;HCOM;144;1;18;2;;
222;C;HCOM;144;2;16;2;;
222;C;HCOM;144;3;30;4;;
222;C;HCOM;144;4;16;2;;
222;C;HCOM;144;5;19;2;;
223;C;HCOM;145;1;12;3;;
223;C;HCOM;145;2;11;1;;
223;C;HCOM;145;3;6;1;;
223;C;HCOM;145;4;10;1;;
223;C;HCOM;145;5;7;1;;
224;C;HCOM;146;1;17;7;;
224;C;HCOM;146;2;16;3;;
224;C;HCOM;146;3;9;1;;
224;C;HCOM;146;4;17;2;;
224;C;HCOM;146;5;12;3;;
225;C;HCOM;147;1;19;12;;
225;C;HCOM;147;2;11;1;;
225;C;HCOM;147;3;25;7;;
225;C;HCOM;147;4;17;3;;
225;C;HCOM;147;5;23;3;;
226;C;HCOM;148;1;20;2;;
226;C;HCOM;148;2;7;5;;
226;C;HCOM;148;3;7;1;;
226;C;HCOM;148;4;5;1;;
226;C;HCOM;148;5;15;5;;
227;C;HCOM;149;1;5;3;;
227;C;HCOM;149;2;6;3;;
227;C;HCOM;149;3;5;2;;
227;C;HCOM;149;4;9;1;;
227;C;HCOM;149;5;3;0;;
228;C;HCOM;150;1;26;3;;
228;C;HCOM;150;2;8;1;;
228;C;HCOM;150;3;9;1;;
228;C;HCOM;150;4;7;0;;
228;C;HCOM;150;5;12;0;;
229;C;LPED;291;1;54;18;;
229;C;LPED;291;2;39;9;;
229;C;LPED;291;3;41;12;;
229;C;LPED;291;4;79;5;;
229;C;LPED;291;5;69;25;;
230;C;LPED;292;1;26;0;;
230;C;LPED;292;2;44;14;;
230;C;LPED;292;3;34;7;;
230;C;LPED;292;4;70;32;;
230;C;LPED;292;5;29;7;;
231;C;LPED;293;1;58;16;;
231;C;LPED;293;2;30;1;;
231;C;LPED;293;3;49;23;;
231;C;LPED;293;4;46;9;;
231;C;LPED;293;5;47;14;;
232;C;LPED;294;1;49;18;;
232;C;LPED;294;2;42;13;;
232;C;LPED;294;3;25;8;;
232;C;LPED;294;4;41;15;;
232;C;LPED;294;5;35;13;;
233;C;LPED;295;1;27;8;;Chalcididae (con pupa) guardada y con foto
233;C;LPED;295;2;56;21;;
233;C;LPED;295;3;58;6;;
233;C;LPED;295;4;41;12;;
233;C;LPED;295;5;80;30;;
234;C;LPED;296;1;30;17;;
234;C;LPED;296;2;38;20;;
234;C;LPED;296;3;24;10;;
234;C;LPED;296;4;33;15;;
234;C;LPED;296;5;22;8;;
235;C;LPED;297;1;34;7;;
235;C;LPED;297;2;27;16;;
235;C;LPED;297;3;47;0;;comido, tubos
235;C;LPED;297;4;49;9;;comido, tubos
235;C;LPED;297;5;65;19;;
236;C;LPED;298;1;22;8;;
236;C;LPED;298;2;35;3;;
236;C;LPED;298;3;53;16;;
236;C;LPED;298;4;58;13;;
236;C;LPED;298;5;62;30;;
237;C;LPED;299;1;37;21;;
237;C;LPED;299;2;28;8;;
237;C;LPED;299;3;40;12;;
237;C;LPED;299;4;62;24;;comido, tubos
237;C;LPED;299;5;33;12;;
238;C;LPED;300;1;35;8;;
238;C;LPED;300;2;47;21;;
238;C;LPED;300;3;27;7;;
238;C;LPED;300;4;40;7;;
238;C;LPED;300;5;22;5;;
239;C;LPED;301;1;40;23;;
239;C;LPED;301;2;27;10;;
239;C;LPED;301;3;26;10;;
239;C;LPED;301;4;23;0;;
239;C;LPED;301;5;37;13;;
240;C;LPED;302;1;59;15;;
240;C;LPED;302;2;25;4;;comido, pupa y lepidoptero capturado, en perfecto estado
240;C;LPED;302;3;49;10;;
240;C;LPED;302;4;46;15;;comido, pupa igual que la anterior pero con dos apendices, restos de larva también, agujero en la bolsa con muchos excrementos
240;C;LPED;302;5;32;11;;
241;C;LPED;303;1;66;15;;
241;C;LPED;303;2;50;13;;
241;C;LPED;303;3;41;9;;
241;C;LPED;303;4;39;5;;
241;C;LPED;303;5;12;2;;
242;C;LPED;304;1;66;23;;
242;C;LPED;304;2;28;7;;
242;C;LPED;304;3;36;8;;
242;C;LPED;304;4;28;0;;comido, tubos sin pupa, todas las semillas depredadas
242;C;LPED;304;5;65;15;;
243;C;LPED;305;1;40;11;;
243;C;LPED;305;2;56;14;;
243;C;LPED;305;3;41;9;;
243;C;LPED;305;4;60;19;;
243;C;LPED;305;5;41;0;;comido, tubos con restos de pupa, todas las semillas depredadas
244;C;SGEN;251;1;52;12;;
244;C;SGEN;251;2;45;7;;
244;C;SGEN;251;3;37;13;;
244;C;SGEN;251;4;26;6;;
244;C;SGEN;251;5;21;5;;
245;C;SGEN;252;1;35;6;;
245;C;SGEN;252;2;27;4;;
245;C;SGEN;252;3;21;5;;
245;C;SGEN;252;4;22;1;;
245;C;SGEN;252;5;23;5;;
246;C;SGEN;253;1;49;6;;
246;C;SGEN;253;2;66;6;;
246;C;SGEN;253;3;26;3;;
246;C;SGEN;253;4;18;2;;
246;C;SGEN;253;5;32;2;;
247;C;SGEN;254;1;59;9;;
247;C;SGEN;254;2;44;7;;
247;C;SGEN;254;3;27;13;;
247;C;SGEN;254;4;65;9;;
247;C;SGEN;254;5;75;16;;
248;C;SGEN;255;1;13;2;;
248;C;SGEN;255;2;28;2;;
248;C;SGEN;255;3;17;0;;
248;C;SGEN;255;4;18;1;;
248;C;SGEN;255;5;18;2;;
249;C;SGEN;256;1;2;0;;
249;C;SGEN;256;2;11;2;;
249;C;SGEN;256;3;15;1;;
249;C;SGEN;256;4;10;0;;
249;C;SGEN;256;5;14;1;;
250;C;SGEN;257;1;34;6;;
250;C;SGEN;257;2;15;3;;
250;C;SGEN;257;3;57;6;;
250;C;SGEN;257;4;12;1;;
250;C;SGEN;257;5;35;4;;
251;C;SGEN;258;1;19;5;;
251;C;SGEN;258;2;17;3;;
251;C;SGEN;258;3;24;2;;
251;C;SGEN;258;4;19;2;;
251;C;SGEN;258;5;17;2;;
252;C;SGEN;259;1;21;1;;
252;C;SGEN;259;2;20;0;;
252;C;SGEN;259;3;26;0;;
252;C;SGEN;259;4;29;1;;
252;C;SGEN;259;5;14;1;;
253;C;SGEN;260;1;57;5;;
253;C;SGEN;260;2;39;0;;
253;C;SGEN;260;3;25;2;;
253;C;SGEN;260;4;19;1;;
253;C;SGEN;260;5;13;1;;
254;C;AVEL;436;1;NA;NA;;
254;C;AVEL;436;2;NA;NA;;
254;C;AVEL;436;3;NA;NA;;
254;C;AVEL;436;4;NA;NA;;
254;C;AVEL;436;5;NA;NA;;
255;C;AVEL;437;1;NA;NA;;
255;C;AVEL;437;2;NA;NA;;
255;C;AVEL;437;3;NA;NA;;
255;C;AVEL;437;4;NA;NA;;
255;C;AVEL;437;5;NA;NA;;
256;C;CLIB;469;1;6;5;;
256;C;CLIB;469;2;5;4;;
256;C;CLIB;469;3;5;3;;
256;C;CLIB;469;4;8;6;;
256;C;CLIB;469;5;10;5;;
257;C;CLIB;470;1;3;1;;
257;C;CLIB;470;2;2;1;;
257;C;CLIB;470;3;21;3;;
257;C;CLIB;470;4;11;2;;
257;C;CLIB;470;5;6;1;;
258;C;HHAL;501;1;13;11;;
258;C;HHAL;501;2;16;9;;
258;C;HHAL;501;3;13;7;;
258;C;HHAL;501;4;12;9;;
258;C;HHAL;501;5;0;0;;
259;C;HHAL;502;1;18;10;;
259;C;HHAL;502;2;32;13;;
259;C;HHAL;502;3;16;12;;
259;C;HHAL;502;4;18;10;;
259;C;HHAL;502;5;21;16;;
260;C;HHAL;503;1;20;9;;
260;C;HHAL;503;2;14;10;;
260;C;HHAL;503;3;9;6;;
260;C;HHAL;503;4;19;8;;
260;C;HHAL;503;5;29;8;;
261;C;HHAL;504;1;24;21;;
261;C;HHAL;504;2;19;16;;
261;C;HHAL;504;3;12;10;;
261;C;HHAL;504;4;22;14;;
261;C;HHAL;504;5;13;9;;
262;C;HHAL;505;1;44;42;;
262;C;HHAL;505;2;21;18;;
262;C;HHAL;505;3;22;16;;
262;C;HHAL;505;4;12;9;;
262;C;HHAL;505;5;19;19;;
263;C;HHAL;506;1;37;21;;
263;C;HHAL;506;2;36;27;;
263;C;HHAL;506;3;29;24;;
263;C;HHAL;506;4;14;11;;
263;C;HHAL;506;5;20;12;;
264;C;HHAL;507;1;33;23;;
264;C;HHAL;507;2;16;11;;
264;C;HHAL;507;3;32;16;;
264;C;HHAL;507;4;28;15;;
264;C;HHAL;507;5;17;11;;
265;C;HHAL;508;1;0;0;;
265;C;HHAL;508;2;0;0;;
265;C;HHAL;508;3;0;0;;
265;C;HHAL;508;4;0;0;;
265;C;HHAL;508;5;0;0;;
266;C;HHAL;509;1;20;8;;
266;C;HHAL;509;2;22;13;;
266;C;HHAL;509;3;16;6;;
266;C;HHAL;509;4;13;8;;
266;C;HHAL;509;5;18;9;;
267;C;HHAL;510;1;25;20;;
267;C;HHAL;510;2;0;0;;
267;C;HHAL;510;3;0;0;;
267;C;HHAL;510;4;0;0;;
267;C;HHAL;510;5;0;0;;
268;C;HHAL;511;1;34;28;;
268;C;HHAL;511;2;15;10;;
268;C;HHAL;511;3;20;10;;
268;C;HHAL;511;4;11;7;;
268;C;HHAL;511;5;16;10;;
269;C;HHAL;512;1;29;23;;
269;C;HHAL;512;2;13;7;;
269;C;HHAL;512;3;12;8;;
269;C;HHAL;512;4;15;11;;
269;C;HHAL;512;5;8;5;;
270;C;HHAL;513;1;34;20;;
270;C;HHAL;513;2;20;15;;
270;C;HHAL;513;3;28;17;;
270;C;HHAL;513;4;6;3;;
270;C;HHAL;513;5;16;13;;
271;C;HHAL;514;1;13;7;;
271;C;HHAL;514;2;6;4;;
271;C;HHAL;514;3;2;2;;
271;C;HHAL;514;4;5;4;;
271;C;HHAL;514;5;9;7;;
272;C;HHAL;515;1;26;20;;
272;C;HHAL;515;2;13;8;;
272;C;HHAL;515;3;30;16;;
272;C;HHAL;515;4;15;14;;
272;C;HHAL;515;5;11;6;;
273;C;TMAS;586;1;39;3;;
273;C;TMAS;586;2;66;1;;
273;C;TMAS;586;3;59;13;;
273;C;TMAS;586;4;60;6;;
273;C;TMAS;586;5;49;2;;
274;C;TMAS;587;1;90;8;;
274;C;TMAS;587;2;79;6;;
274;C;TMAS;587;3;NA;NA;;
274;C;TMAS;587;4;NA;NA;;
274;C;TMAS;587;5;NA;NA;;
275;C;TMAS;588;1;16;1;;
275;C;TMAS;588;2;18;0;;
275;C;TMAS;588;3;37;1;;
275;C;TMAS;588;4;43;1;;
275;C;TMAS;588;5;NA;NA;;
276;C;TMAS;589;1;17;1;;
276;C;TMAS;589;2;61;0;;
276;C;TMAS;589;3;52;3;;
276;C;TMAS;589;4;30;1;;
276;C;TMAS;589;5;24;2;;
277;C;TMAS;590;1;NA;NA;;
277;C;TMAS;590;2;NA;NA;;
277;C;TMAS;590;3;NA;NA;;
277;C;TMAS;590;4;NA;NA;;
277;C;TMAS;590;5;NA;NA;;
278;D;ROFF;46;1;12;8;;
278;D;ROFF;46;2;14;12;;
278;D;ROFF;46;3;12;8;;
278;D;ROFF;46;4;14;6;;
278;D;ROFF;46;5;14;10;;
279;D;ROFF;47;1;14;13;;
279;D;ROFF;47;2;8;7;;
279;D;ROFF;47;3;6;4;;
279;D;ROFF;47;4;10;6;;
279;D;ROFF;47;5;10;9;;
280;D;ROFF;48;1;10;8;;
280;D;ROFF;48;2;12;11;;
280;D;ROFF;48;3;10;5;;
280;D;ROFF;48;4;14;13;;
280;D;ROFF;48;5;10;10;;
281;D;ROFF;49;1;16;12;;
281;D;ROFF;49;2;14;13;;
281;D;ROFF;49;3;14;14;;
281;D;ROFF;49;4;18;17;;
281;D;ROFF;49;5;10;7;;
282;D;ROFF;50;1;12;8;;
282;D;ROFF;50;2;16;9;;
282;D;ROFF;50;3;18;15;;
282;D;ROFF;50;4;14;11;;
282;D;ROFF;50;5;12;9;;
283;D;ROFF;51;1;8;8;;
283;D;ROFF;51;2;10;10;;
283;D;ROFF;51;3;8;6;;
283;D;ROFF;51;4;14;9;;
283;D;ROFF;51;5;12;10;;
284;D;ROFF;52;1;18;11;;
284;D;ROFF;52;2;14;12;;
284;D;ROFF;52;3;16;3;;
284;D;ROFF;52;4;10;8;;
284;D;ROFF;52;5;14;13;;
285;D;ROFF;53;1;10;7;;
285;D;ROFF;53;2;10;9;;
285;D;ROFF;53;3;10;8;;
285;D;ROFF;53;4;10;4;;
285;D;ROFF;53;5;10;5;;
286;D;ROFF;54;1;18;16;;
286;D;ROFF;54;2;14;14;;
286;D;ROFF;54;3;12;12;;
286;D;ROFF;54;4;14;14;;
286;D;ROFF;54;5;14;9;;
287;D;ROFF;55;1;16;13;;
287;D;ROFF;55;2;16;11;;
287;D;ROFF;55;3;11;9;;
287;D;ROFF;55;4;10;9;;
287;D;ROFF;55;5;16;15;;
288;D;ROFF;56;1;14;8;;
288;D;ROFF;56;2;14;12;;
288;D;ROFF;56;3;8;8;;
288;D;ROFF;56;4;10;8;;
288;D;ROFF;56;5;10;8;;
289;D;ROFF;57;1;12;11;;
289;D;ROFF;57;2;16;8;;
289;D;ROFF;57;3;12;10;;
289;D;ROFF;57;4;10;7;;
289;D;ROFF;57;5;12;4;;
290;D;ROFF;58;1;12;10;;
290;D;ROFF;58;2;12;11;;
290;D;ROFF;58;3;10;9;;
290;D;ROFF;58;4;10;10;;
290;D;ROFF;58;5;12;12;;
291;D;ROFF;59;1;18;12;;
291;D;ROFF;59;2;10;9;;
291;D;ROFF;59;3;16;12;;
291;D;ROFF;59;4;10;8;;
291;D;ROFF;59;5;12;9;;
292;D;ROFF;60;1;8;6;;
292;D;ROFF;60;2;10;7;;
292;D;ROFF;60;3;12;10;;
292;D;ROFF;60;4;14;6;;
292;D;ROFF;60;5;10;8;;
293;D;HCOM;151;1;17;9;;
293;D;HCOM;151;2;8;1;;
293;D;HCOM;151;3;5;2;;
293;D;HCOM;151;4;8;4;;
293;D;HCOM;151;5;8;0;;
294;D;HCOM;152;1;11;3;;
294;D;HCOM;152;2;22;4;;
294;D;HCOM;152;3;13;2;;
294;D;HCOM;152;4;14;3;;
294;D;HCOM;152;5;10;4;;
295;D;HCOM;153;1;9;2;;
295;D;HCOM;153;2;9;4;;
295;D;HCOM;153;3;12;3;;
295;D;HCOM;153;4;10;3;;
295;D;HCOM;153;5;22;4;;
296;D;HCOM;154;1;34;8;;
296;D;HCOM;154;2;12;4;;
296;D;HCOM;154;3;22;7;;
296;D;HCOM;154;4;20;5;;
296;D;HCOM;154;5;12;0;;
297;D;HCOM;155;1;10;3;;
297;D;HCOM;155;2;7;3;;
297;D;HCOM;155;3;8;3;;
297;D;HCOM;155;4;17;6;;
297;D;HCOM;155;5;12;5;;
298;D;HCOM;156;1;16;2;;
298;D;HCOM;156;2;8;1;;
298;D;HCOM;156;3;6;1;;
298;D;HCOM;156;4;9;0;;
298;D;HCOM;156;5;12;1;;
299;D;HCOM;157;1;21;9;;
299;D;HCOM;157;2;10;3;;
299;D;HCOM;157;3;8;3;;
299;D;HCOM;157;4;12;2;;
299;D;HCOM;157;5;22;2;;
300;D;HCOM;158;1;12;3;;
300;D;HCOM;158;2;15;10;;
300;D;HCOM;158;3;9;3;;
300;D;HCOM;158;4;16;6;;
300;D;HCOM;158;5;27;5;;
301;D;HCOM;159;1;12;0;;
301;D;HCOM;159;2;11;0;;
301;D;HCOM;159;3;4;0;;
301;D;HCOM;159;4;5;1;;
301;D;HCOM;159;5;3;0;;
302;D;HCOM;160;1;16;4;;
302;D;HCOM;160;2;13;1;;
302;D;HCOM;160;3;18;1;;
302;D;HCOM;160;4;17;5;;
302;D;HCOM;160;5;10;0;;
303;D;HCOM;161;1;3;0;;
303;D;HCOM;161;2;12;0;;
303;D;HCOM;161;3;8;2;;
303;D;HCOM;161;4;4;0;;
303;D;HCOM;161;5;6;0;;
304;D;HCOM;162;1;6;1;;
304;D;HCOM;162;2;13;3;;
304;D;HCOM;162;3;8;2;;
304;D;HCOM;162;4;6;7;;
304;D;HCOM;162;5;4;2;;
305;D;HCOM;163;1;11;4;;
305;D;HCOM;163;2;14;2;;
305;D;HCOM;163;3;14;1;;
305;D;HCOM;163;4;10;0;;
305;D;HCOM;163;5;9;4;;
306;D;HCOM;164;1;11;5;;
306;D;HCOM;164;2;8;2;;
306;D;HCOM;164;3;14;8;;
306;D;HCOM;164;4;7;4;;
306;D;HCOM;164;5;17;4;;
307;D;HCOM;165;1;13;4;;
307;D;HCOM;165;2;9;4;;
307;D;HCOM;165;3;17;2;;
307;D;HCOM;165;4;29;6;;
307;D;HCOM;165;5;16;3;;
308;D;LPED;306;1;27;4;;
308;D;LPED;306;2;53;11;;
308;D;LPED;306;3;58;13;;
308;D;LPED;306;4;29;2;;
308;D;LPED;306;5;33;4;;
309;D;LPED;307;1;64;38;;
309;D;LPED;307;2;65;9;;
309;D;LPED;307;3;45;6;;
309;D;LPED;307;4;44;5;;
309;D;LPED;307;5;35;6;;
310;D;LPED;308;1;38;18;;comido, tubos
310;D;LPED;308;2;40;11;;
310;D;LPED;308;3;51;21;;
310;D;LPED;308;4;57;33;;
310;D;LPED;308;5;65;32;;
311;D;LPED;309;1;38;19;;
311;D;LPED;309;2;46;20;;
311;D;LPED;309;3;65;29;;
311;D;LPED;309;4;68;17;;
311;D;LPED;309;5;60;5;;
312;D;LPED;310;1;49;22;;
312;D;LPED;310;2;25;8;;beetle collected
312;D;LPED;310;3;56;31;;
312;D;LPED;310;4;68;34;;
312;D;LPED;310;5;69;20;;
313;D;LPED;311;1;41;7;;
313;D;LPED;311;2;77;30;;
313;D;LPED;311;3;56;14;;
313;D;LPED;311;4;59;23;;
313;D;LPED;311;5;66;28;;
314;D;LPED;312;1;29;9;;
314;D;LPED;312;2;37;13;;
314;D;LPED;312;3;72;35;;
314;D;LPED;312;4;47;19;;
314;D;LPED;312;5;56;16;;
315;D;LPED;313;1;37;23;;
315;D;LPED;313;2;35;21;;
315;D;LPED;313;3;44;25;;
315;D;LPED;313;4;41;25;;
315;D;LPED;313;5;22;15;;
316;D;LPED;314;1;54;10;;
316;D;LPED;314;2;56;7;;
316;D;LPED;314;3;49;17;;
316;D;LPED;314;4;62;29;;
316;D;LPED;314;5;65;13;;
317;D;LPED;315;1;65;21;;
317;D;LPED;315;2;26;8;;
317;D;LPED;315;3;43;12;;
317;D;LPED;315;4;34;8;;
317;D;LPED;315;5;39;14;;
318;D;LPED;316;1;48;21;;
318;D;LPED;316;2;26;9;;
318;D;LPED;316;3;33;12;;
318;D;LPED;316;4;54;22;;
318;D;LPED;316;5;68;33;;
319;D;LPED;317;1;60;34;;
319;D;LPED;317;2;44;19;;
319;D;LPED;317;3;56;27;;
319;D;LPED;317;4;62;40;;
319;D;LPED;317;5;78;36;;
320;D;LPED;318;1;57;27;;
320;D;LPED;318;2;50;13;;
320;D;LPED;318;3;57;29;;
320;D;LPED;318;4;48;16;;
320;D;LPED;318;5;42;20;;
321;D;LPED;319;1;20;9;;
321;D;LPED;319;2;27;0;;predated flowers
321;D;LPED;319;3;25;5;;
321;D;LPED;319;4;24;2;;
321;D;LPED;319;5;48;6;;predated flowers, bug collected in eppendorf
322;D;LPED;320;1;47;20;;
322;D;LPED;320;2;37;16;;
322;D;LPED;320;3;39;18;;
322;D;LPED;320;4;41;16;;
322;D;LPED;320;5;27;9;;
323;D;SGEN;166;1;20;2;;
323;D;SGEN;166;2;11;2;;
323;D;SGEN;166;3;28;3;;
323;D;SGEN;166;4;15;5;;
323;D;SGEN;166;5;18;5;;
324;D;SGEN;167;1;46;5;;
324;D;SGEN;167;2;27;6;;
324;D;SGEN;167;3;35;3;;
324;D;SGEN;167;4;25;6;;
324;D;SGEN;167;5;3;3;;
325;D;SGEN;168;1;52;4;;
325;D;SGEN;168;2;26;3;;
325;D;SGEN;168;3;27;4;;
325;D;SGEN;168;4;11;2;;
325;D;SGEN;168;5;22;0;;
326;D;SGEN;169;1;62;30;;
326;D;SGEN;169;2;82;20;;
326;D;SGEN;169;3;30;8;;
326;D;SGEN;169;4;51;13;;
326;D;SGEN;169;5;46;8;;
327;D;SGEN;170;1;22;5;;
327;D;SGEN;170;2;11;1;;
327;D;SGEN;170;3;5;0;;
327;D;SGEN;170;4;6;0;;
327;D;SGEN;170;5;2;0;;
328;D;SGEN;171;1;18;2;;
328;D;SGEN;171;2;33;4;;
328;D;SGEN;171;3;3;1;;
328;D;SGEN;171;4;14;1;;
328;D;SGEN;171;5;22;0;;
329;D;SGEN;172;1;27;2;;
329;D;SGEN;172;2;24;1;;
329;D;SGEN;172;3;30;1;;
329;D;SGEN;172;4;16;0;;
329;D;SGEN;172;5;29;2;;
330;D;SGEN;173;1;42;7;;
330;D;SGEN;173;2;31;6;;
330;D;SGEN;173;3;20;4;;
330;D;SGEN;173;4;34;7;;
330;D;SGEN;173;5;29;9;;
331;D;SGEN;174;1;21;2;;
331;D;SGEN;174;2;22;5;;
331;D;SGEN;174;3;16;6;;
331;D;SGEN;174;4;11;3;;
331;D;SGEN;174;5;10;2;;
332;D;SGEN;175;1;12;0;;
332;D;SGEN;175;2;20;9;;
332;D;SGEN;175;3;15;6;;
332;D;SGEN;175;4;23;2;;
332;D;SGEN;175;5;9;1;;
333;D;SGEN;176;1;15;2;;
333;D;SGEN;176;2;26;3;;
333;D;SGEN;176;3;6;2;;
333;D;SGEN;176;4;12;2;;
333;D;SGEN;176;5;46;4;;
334;D;SGEN;177;1;5;2;;
334;D;SGEN;177;2;10;2;;
334;D;SGEN;177;3;7;2;;
334;D;SGEN;177;4;8;1;;
334;D;SGEN;177;5;8;2;;
335;D;SGEN;178;1;42;8;;
335;D;SGEN;178;2;22;5;;
335;D;SGEN;178;3;21;4;;
335;D;SGEN;178;4;15;4;;
335;D;SGEN;178;5;28;6;;
336;D;SGEN;179;1;18;5;;
336;D;SGEN;179;2;7;1;;
336;D;SGEN;179;3;9;3;;
336;D;SGEN;179;4;7;1;;
336;D;SGEN;179;5;14;0;;
337;D;SGEN;180;1;37;5;;
337;D;SGEN;180;2;23;1;;
337;D;SGEN;180;3;21;4;;
337;D;SGEN;180;4;19;3;;
337;D;SGEN;180;5;24;3;;
338;D;CLIB;396;1;3;1;;
338;D;CLIB;396;2;4;5;;
338;D;CLIB;396;3;5;3;;
338;D;CLIB;396;4;3;2;;
338;D;CLIB;396;5;12;5;;
339;D;CLIB;397;1;17;12;;
339;D;CLIB;397;2;7;4;;
339;D;CLIB;397;3;6;6;;
339;D;CLIB;397;4;13;10;;
339;D;CLIB;397;5;4;3;;
340;D;CLIB;398;1;6;3;;
340;D;CLIB;398;2;7;6;;
340;D;CLIB;398;3;8;1;;
340;D;CLIB;398;4;2;2;;
340;D;CLIB;398;5;7;5;;
341;D;CLIB;399;1;8;5;;
341;D;CLIB;399;2;9;7;;
341;D;CLIB;399;3;6;6;;
341;D;CLIB;399;4;9;8;;
341;D;CLIB;399;5;8;7;;
342;D;CLIB;400;1;7;6;;
342;D;CLIB;400;2;7;7;;
342;D;CLIB;400;3;5;5;;
342;D;CLIB;400;4;6;2;;
342;D;CLIB;400;5;8;6;;
343;D;CLIB;401;1;6;6;;
343;D;CLIB;401;2;13;9;;
343;D;CLIB;401;3;5;4;;
343;D;CLIB;401;4;6;6;;
343;D;CLIB;401;5;15;14;;
344;D;CLIB;402;1;5;5;;
344;D;CLIB;402;2;7;6;;
344;D;CLIB;402;3;9;7;;
344;D;CLIB;402;4;8;7;;
344;D;CLIB;402;5;10;6;;
345;D;CLIB;403;1;9;6;;
345;D;CLIB;403;2;13;9;;
345;D;CLIB;403;3;4;2;;
345;D;CLIB;403;4;6;5;;
345;D;CLIB;403;5;5;3;;
346;D;CLIB;404;1;9;6;;
346;D;CLIB;404;2;8;4;;
346;D;CLIB;404;3;7;7;;
346;D;CLIB;404;4;8;8;;
346;D;CLIB;404;5;8;6;;
347;D;CLIB;405;1;6;4;;
347;D;CLIB;405;2;8;6;;
347;D;CLIB;405;3;7;5;;
347;D;CLIB;405;4;7;4;;
347;D;CLIB;405;5;4;4;;
348;D;CLIB;406;1;5;4;;
348;D;CLIB;406;2;10;10;;
348;D;CLIB;406;3;10;7;;
348;D;CLIB;406;4;5;2;;
348;D;CLIB;406;5;9;5;;
349;D;CLIB;407;1;19;15;;
349;D;CLIB;407;2;6;6;;
349;D;CLIB;407;3;10;4;;
349;D;CLIB;407;4;10;6;;
349;D;CLIB;407;5;8;5;;
350;D;CLIB;408;1;9;5;;
350;D;CLIB;408;2;15;7;;
350;D;CLIB;408;3;7;6;;
350;D;CLIB;408;4;11;4;;
350;D;CLIB;408;5;8;7;;
351;D;CLIB;409;1;9;7;;
351;D;CLIB;409;2;7;7;;
351;D;CLIB;409;3;7;6;;
351;D;CLIB;409;4;6;5;;
351;D;CLIB;409;5;9;6;;
352;D;CLIB;410;1;17;10;;
352;D;CLIB;410;2;8;6;;
352;D;CLIB;410;3;10;4;;
352;D;CLIB;410;4;8;6;;
352;D;CLIB;410;5;5;5;;
353;D;AVEL;438;1;NA;NA;;
353;D;AVEL;438;2;NA;NA;;
353;D;AVEL;438;3;NA;NA;;
353;D;AVEL;438;4;NA;NA;;
353;D;AVEL;438;5;NA;NA;;
354;D;AVEL;439;1;NA;NA;;
354;D;AVEL;439;2;NA;NA;;
354;D;AVEL;439;3;NA;NA;;
354;D;AVEL;439;4;NA;NA;;
354;D;AVEL;439;5;NA;NA;;
355;D;AVEL;440;1;NA;NA;;
355;D;AVEL;440;2;NA;NA;;
355;D;AVEL;440;3;NA;NA;;
355;D;AVEL;440;4;NA;NA;;
355;D;AVEL;440;5;NA;NA;;
356;D;AVEL;441;1;NA;NA;;
356;D;AVEL;441;2;NA;NA;;
356;D;AVEL;441;3;NA;NA;;
356;D;AVEL;441;4;NA;NA;;
356;D;AVEL;441;5;NA;NA;;
357;D;AVEL;442;1;NA;NA;;
357;D;AVEL;442;2;NA;NA;;
357;D;AVEL;442;3;NA;NA;;
357;D;AVEL;442;4;NA;NA;;
357;D;AVEL;442;5;NA;NA;;
358;D;AVEL;443;1;NA;NA;;
358;D;AVEL;443;2;NA;NA;;
358;D;AVEL;443;3;NA;NA;;
358;D;AVEL;443;4;NA;NA;;
358;D;AVEL;443;5;NA;NA;;
359;D;AVEL;444;1;NA;NA;;
359;D;AVEL;444;2;NA;NA;;
359;D;AVEL;444;3;NA;NA;;
359;D;AVEL;444;4;NA;NA;;
359;D;AVEL;444;5;NA;NA;;
360;D;AVEL;445;1;NA;NA;;
360;D;AVEL;445;2;NA;NA;;
360;D;AVEL;445;3;NA;NA;;
360;D;AVEL;445;4;NA;NA;;
360;D;AVEL;445;5;NA;NA;;
361;D;AVEL;446;1;NA;NA;;
361;D;AVEL;446;2;NA;NA;;
361;D;AVEL;446;3;NA;NA;;
361;D;AVEL;446;4;NA;NA;;
361;D;AVEL;446;5;NA;NA;;
362;D;AVEL;447;1;NA;NA;;
362;D;AVEL;447;2;NA;NA;;
362;D;AVEL;447;3;NA;NA;;
362;D;AVEL;447;4;NA;NA;;
362;D;AVEL;447;5;NA;NA;;
363;D;AVEL;448;1;NA;NA;;
363;D;AVEL;448;2;NA;NA;;
363;D;AVEL;448;3;NA;NA;;
363;D;AVEL;448;4;NA;NA;;
363;D;AVEL;448;5;NA;NA;;
364;D;AVEL;449;1;NA;NA;;
364;D;AVEL;449;2;NA;NA;;
364;D;AVEL;449;3;NA;NA;;
364;D;AVEL;449;4;NA;NA;;
364;D;AVEL;449;5;NA;NA;;
365;D;HHAL;516;1;3;1;;
365;D;HHAL;516;2;5;3;;
365;D;HHAL;516;3;0;0;;
365;D;HHAL;516;4;0;0;;
365;D;HHAL;516;5;0;0;;
366;D;HHAL;517;1;16;6;;
366;D;HHAL;517;2;16;5;;
366;D;HHAL;517;3;13;6;;
366;D;HHAL;517;4;16;7;;
366;D;HHAL;517;5;11;1;;
367;D;HHAL;518;1;15;10;;
367;D;HHAL;518;2;22;15;;
367;D;HHAL;518;3;34;20;;
367;D;HHAL;518;4;11;5;;
367;D;HHAL;518;5;10;7;;
368;D;HHAL;519;1;6;5;;
368;D;HHAL;519;2;12;11;;
368;D;HHAL;519;3;12;5;;
368;D;HHAL;519;4;10;8;;
368;D;HHAL;519;5;9;9;;
369;D;HHAL;520;1;27;13;;
369;D;HHAL;520;2;24;15;;
369;D;HHAL;520;3;25;14;;
369;D;HHAL;520;4;0;0;;
369;D;HHAL;520;5;0;0;;
370;D;HHAL;521;1;9;7;;
370;D;HHAL;521;2;14;7;;
370;D;HHAL;521;3;10;7;;
370;D;HHAL;521;4;8;5;;
370;D;HHAL;521;5;0;0;;
371;D;HHAL;522;1;23;18;;
371;D;HHAL;522;2;18;14;;
371;D;HHAL;522;3;46;35;;
371;D;HHAL;522;4;30;25;;
371;D;HHAL;522;5;28;22;;
372;D;HHAL;523;1;36;23;;
372;D;HHAL;523;2;24;19;;
372;D;HHAL;523;3;31;24;;
372;D;HHAL;523;4;19;17;;
372;D;HHAL;523;5;18;14;;
373;D;HHAL;524;1;13;9;;
373;D;HHAL;524;2;8;8;;
373;D;HHAL;524;3;13;5;;
373;D;HHAL;524;4;26;7;;
373;D;HHAL;524;5;9;8;;
374;D;HHAL;525;1;12;8;;
374;D;HHAL;525;2;18;15;;
374;D;HHAL;525;3;14;12;;
374;D;HHAL;525;4;7;6;;
374;D;HHAL;525;5;23;15;;
375;D;HHAL;526;1;21;13;;
375;D;HHAL;526;2;10;9;;
375;D;HHAL;526;3;9;4;;
375;D;HHAL;526;4;5;2;;
375;D;HHAL;526;5;21;8;;
376;D;HHAL;527;1;17;9;;
376;D;HHAL;527;2;18;13;;
376;D;HHAL;527;3;12;6;;
376;D;HHAL;527;4;21;16;;
376;D;HHAL;527;5;26;18;;
377;D;HHAL;528;1;10;6;;
377;D;HHAL;528;2;20;12;;
377;D;HHAL;528;3;12;7;;
377;D;HHAL;528;4;6;6;;
377;D;HHAL;528;5;35;21;;
378;D;HHAL;529;1;11;6;;
378;D;HHAL;529;2;20;15;;
378;D;HHAL;529;3;14;11;;
378;D;HHAL;529;4;21;5;;
378;D;HHAL;529;5;27;10;;
379;D;HHAL;530;1;27;23;;
379;D;HHAL;530;2;14;13;;
379;D;HHAL;530;3;15;15;;
379;D;HHAL;530;4;15;12;;
379;D;HHAL;530;5;12;8;;
380;D;TMAS;591;1;53;0;;
380;D;TMAS;591;2;45;0;;
380;D;TMAS;591;3;64;0;;
380;D;TMAS;591;4;56;1;;
380;D;TMAS;591;5;41;1;;
381;D;TMAS;592;1;51;3;;
381;D;TMAS;592;2;40;2;;
381;D;TMAS;592;3;65;12;;
381;D;TMAS;592;4;60;3;;
381;D;TMAS;592;5;46;13;;
382;D;TMAS;593;1;107;0;;
382;D;TMAS;593;2;87;0;;
382;D;TMAS;593;3;88;0;;
382;D;TMAS;593;4;134;3;;
382;D;TMAS;593;5;104;2;;
383;D;TMAS;594;1;42;0;;
383;D;TMAS;594;2;57;0;;
383;D;TMAS;594;3;63;1;;
383;D;TMAS;594;4;56;0;;
383;D;TMAS;594;5;56;2;;
384;D;TMAS;595;1;34;2;;
384;D;TMAS;595;2;85;0;;
384;D;TMAS;595;3;55;0;;
384;D;TMAS;595;4;82;0;;
384;D;TMAS;595;5;68;0;;
385;D;TMAS;596;1;98;0;;
385;D;TMAS;596;2;85;0;;
385;D;TMAS;596;3;93;0;;
385;D;TMAS;596;4;122;0;;
385;D;TMAS;596;5;NA;NA;;
386;D;TMAS;597;1;58;1;;
386;D;TMAS;597;2;41;0;;
386;D;TMAS;597;3;65;0;;
386;D;TMAS;597;4;50;0;;
386;D;TMAS;597;5;47;0;;
387;D;TMAS;598;1;87;1;;
387;D;TMAS;598;2;109;0;;
387;D;TMAS;598;3;92;0;;
387;D;TMAS;598;4;89;0;;
387;D;TMAS;598;5;50;1;;
388;D;TMAS;599;1;78;1;;
388;D;TMAS;599;2;40;0;;
388;D;TMAS;599;3;61;1;;
388;D;TMAS;599;4;96;1;;
388;D;TMAS;599;5;74;0;;
389;D;TMAS;600;1;40;1;;
389;D;TMAS;600;2;75;18;;
389;D;TMAS;600;3;84;4;;
389;D;TMAS;600;4;73;4;;
389;D;TMAS;600;5;81;2;;
390;E;UPAR;61;1;NA;NA;;
390;E;UPAR;61;2;NA;NA;;
390;E;UPAR;61;3;NA;NA;;
390;E;UPAR;61;4;NA;NA;;
390;E;UPAR;61;5;NA;NA;;
391;E;UPAR;62;1;NA;NA;;
391;E;UPAR;62;2;NA;NA;;
391;E;UPAR;62;3;NA;NA;;
391;E;UPAR;62;4;NA;NA;;
391;E;UPAR;62;5;NA;NA;;
392;E;UPAR;63;1;NA;NA;;
392;E;UPAR;63;2;NA;NA;;
392;E;UPAR;63;3;NA;NA;;
392;E;UPAR;63;4;NA;NA;;
392;E;UPAR;63;5;NA;NA;;
393;E;UPAR;64;1;NA;NA;;
393;E;UPAR;64;2;NA;NA;;
393;E;UPAR;64;3;NA;NA;;
393;E;UPAR;64;4;NA;NA;;
393;E;UPAR;64;5;NA;NA;;
394;E;UPAR;65;1;NA;NA;;
394;E;UPAR;65;2;NA;NA;;
394;E;UPAR;65;3;NA;NA;;
394;E;UPAR;65;4;NA;NA;;
394;E;UPAR;65;5;NA;NA;;
395;E;UPAR;66;1;NA;NA;;
395;E;UPAR;66;2;NA;NA;;
395;E;UPAR;66;3;NA;NA;;
395;E;UPAR;66;4;NA;NA;;
395;E;UPAR;66;5;NA;NA;;
396;E;UPAR;67;1;NA;NA;;
396;E;UPAR;67;2;NA;NA;;
396;E;UPAR;67;3;NA;NA;;
396;E;UPAR;67;4;NA;NA;;
396;E;UPAR;67;5;NA;NA;;
397;E;UPAR;68;1;NA;NA;;
397;E;UPAR;68;2;NA;NA;;
397;E;UPAR;68;3;NA;NA;;
397;E;UPAR;68;4;NA;NA;;
397;E;UPAR;68;5;NA;NA;;
398;E;UPAR;69;1;NA;NA;;
398;E;UPAR;69;2;NA;NA;;
398;E;UPAR;69;3;NA;NA;;
398;E;UPAR;69;4;NA;NA;;
398;E;UPAR;69;5;NA;NA;;
399;E;UPAR;70;1;NA;NA;;
399;E;UPAR;70;2;NA;NA;;
399;E;UPAR;70;3;NA;NA;;
399;E;UPAR;70;4;NA;NA;;
399;E;UPAR;70;5;NA;NA;;
400;E;UPAR;71;1;NA;NA;;
400;E;UPAR;71;2;NA;NA;;
400;E;UPAR;71;3;NA;NA;;
400;E;UPAR;71;4;NA;NA;;
400;E;UPAR;71;5;NA;NA;;
401;E;UPAR;72;1;NA;NA;;
401;E;UPAR;72;2;NA;NA;;
401;E;UPAR;72;3;NA;NA;;
401;E;UPAR;72;4;NA;NA;;
401;E;UPAR;72;5;NA;NA;;
402;E;UPAR;73;1;NA;NA;;
402;E;UPAR;73;2;NA;NA;;
402;E;UPAR;73;3;NA;NA;;
402;E;UPAR;73;4;NA;NA;;
402;E;UPAR;73;5;NA;NA;;
403;E;UPAR;74;1;NA;NA;;
403;E;UPAR;74;2;NA;NA;;
403;E;UPAR;74;3;NA;NA;;
403;E;UPAR;74;4;NA;NA;;
403;E;UPAR;74;5;NA;NA;;
404;E;UPAR;75;1;NA;NA;;
404;E;UPAR;75;2;NA;NA;;
404;E;UPAR;75;3;NA;NA;;
404;E;UPAR;75;4;NA;NA;;
404;E;UPAR;75;5;NA;NA;;
405;E;SGEN;351;1;27;3;;
405;E;SGEN;351;2;15;4;;
405;E;SGEN;351;3;8;0;;
405;E;SGEN;351;4;3;1;;
405;E;SGEN;351;5;22;9;;
406;E;SGEN;352;1;19;6;;
406;E;SGEN;352;2;16;4;;
406;E;SGEN;352;3;19;3;;
406;E;SGEN;352;4;11;2;;
406;E;SGEN;352;5;20;5;;
407;E;SGEN;353;1;28;2;;
407;E;SGEN;353;2;25;4;;
407;E;SGEN;353;3;11;5;;
407;E;SGEN;353;4;23;3;;
407;E;SGEN;353;5;13;0;;
408;E;SGEN;354;1;6;2;;
408;E;SGEN;354;2;25;1;;
408;E;SGEN;354;3;10;2;;
408;E;SGEN;354;4;22;2;;
408;E;SGEN;354;5;15;1;;
409;E;SGEN;355;1;17;0;;
409;E;SGEN;355;2;12;1;;
409;E;SGEN;355;3;10;1;;
409;E;SGEN;355;4;8;0;;
409;E;SGEN;355;5;7;0;;
410;E;SGEN;356;1;6;1;;
410;E;SGEN;356;2;6;0;;
410;E;SGEN;356;3;4;0;;
410;E;SGEN;356;4;14;0;;
410;E;SGEN;356;5;9;2;;
411;E;SGEN;357;1;16;2;;
411;E;SGEN;357;2;33;0;;
411;E;SGEN;357;3;15;1;;
411;E;SGEN;357;4;19;1;;
411;E;SGEN;357;5;13;0;;
412;E;SGEN;358;1;29;6;;
412;E;SGEN;358;2;20;3;;
412;E;SGEN;358;3;29;7;;
412;E;SGEN;358;4;15;3;;
412;E;SGEN;358;5;11;1;;
413;E;SGEN;359;1;30;8;;
413;E;SGEN;359;2;44;7;;
413;E;SGEN;359;3;11;5;;
413;E;SGEN;359;4;21;5;;
413;E;SGEN;359;5;24;9;;
414;E;SGEN;360;1;41;6;;
414;E;SGEN;360;2;25;3;;
414;E;SGEN;360;3;14;4;;
414;E;SGEN;360;4;9;1;;
414;E;SGEN;360;5;24;2;;
415;E;ROFF;76;1;18;17;;
415;E;ROFF;76;2;22;20;;
415;E;ROFF;76;3;12;12;;
415;E;ROFF;76;4;14;11;;
415;E;ROFF;76;5;22;17;;
416;E;ROFF;77;1;14;10;;
416;E;ROFF;77;2;16;13;;
416;E;ROFF;77;3;14;7;;
416;E;ROFF;77;4;10;5;;
416;E;ROFF;77;5;12;9;;
417;E;ROFF;78;1;10;9;;
417;E;ROFF;78;2;12;7;;
417;E;ROFF;78;3;14;8;;
417;E;ROFF;78;4;20;19;;
417;E;ROFF;78;5;22;21;;
418;E;ROFF;79;1;14;13;;
418;E;ROFF;79;2;8;6;;
418;E;ROFF;79;3;14;12;;
418;E;ROFF;79;4;16;14;;
418;E;ROFF;79;5;12;11;;
419;E;ROFF;80;1;16;9;;
419;E;ROFF;80;2;10;7;;
419;E;ROFF;80;3;14;10;;
419;E;ROFF;80;4;16;9;;
419;E;ROFF;80;5;12;11;;
420;E;ROFF;81;1;10;8;;
420;E;ROFF;81;2;10;9;;
420;E;ROFF;81;3;8;3;;
420;E;ROFF;81;4;10;8;;
420;E;ROFF;81;5;8;6;;
421;E;ROFF;82;1;8;6;;
421;E;ROFF;82;2;10;8;;
421;E;ROFF;82;3;12;6;;
421;E;ROFF;82;4;12;10;;
421;E;ROFF;82;5;14;12;;
422;E;ROFF;83;1;14;13;;
422;E;ROFF;83;2;16;10;;
422;E;ROFF;83;3;12;9;;
422;E;ROFF;83;4;14;8;;
422;E;ROFF;83;5;8;5;;
423;E;ROFF;84;1;18;18;;
423;E;ROFF;84;2;22;20;;
423;E;ROFF;84;3;20;17;;
423;E;ROFF;84;4;12;10;;
423;E;ROFF;84;5;10;9;;
424;E;ROFF;85;1;18;12;;
424;E;ROFF;85;2;14;12;;
424;E;ROFF;85;3;17;16;;
424;E;ROFF;85;4;14;7;;
424;E;ROFF;85;5;12;11;;
425;E;ROFF;86;1;14;14;;
425;E;ROFF;86;2;8;8;;
425;E;ROFF;86;3;11;7;;
425;E;ROFF;86;4;10;9;;
425;E;ROFF;86;5;16;12;;
426;E;ROFF;87;1;8;6;;
426;E;ROFF;87;2;10;7;;
426;E;ROFF;87;3;10;9;;
426;E;ROFF;87;4;6;5;;
426;E;ROFF;87;5;8;7;;
427;E;ROFF;88;1;16;13;;
427;E;ROFF;88;2;14;12;;
427;E;ROFF;88;3;16;15;;
427;E;ROFF;88;4;18;12;;
427;E;ROFF;88;5;16;15;;
428;E;ROFF;89;1;12;11;;
428;E;ROFF;89;2;10;4;;
428;E;ROFF;89;3;14;9;;
428;E;ROFF;89;4;10;9;;
428;E;ROFF;89;5;14;10;;
429;E;ROFF;90;1;16;12;;
429;E;ROFF;90;2;14;9;;
429;E;ROFF;90;3;12;10;;
429;E;ROFF;90;4;14;8;;
429;E;ROFF;90;5;12;11;;
430;E;HCOM;181;1;18;2;;
430;E;HCOM;181;2;16;2;;
430;E;HCOM;181;3;28;1;;
430;E;HCOM;181;4;19;1;;
430;E;HCOM;181;5;29;1;;
431;E;HCOM;182;1;21;8;;
431;E;HCOM;182;2;23;3;;
431;E;HCOM;182;3;15;3;;
431;E;HCOM;182;4;19;4;;
431;E;HCOM;182;5;19;5;;
432;E;HCOM;183;1;18;3;;
432;E;HCOM;183;2;9;2;;
432;E;HCOM;183;3;21;6;;
432;E;HCOM;183;4;8;2;;
432;E;HCOM;183;5;22;2;;
433;E;HCOM;184;1;13;3;;
433;E;HCOM;184;2;5;1;;
433;E;HCOM;184;3;21;7;;
433;E;HCOM;184;4;18;6;;
433;E;HCOM;184;5;12;1;;
434;E;HCOM;185;1;29;9;;
434;E;HCOM;185;2;13;2;;
434;E;HCOM;185;3;11;2;;
434;E;HCOM;185;4;13;3;;
434;E;HCOM;185;5;31;12;;
435;E;HCOM;186;1;30;9;;
435;E;HCOM;186;2;21;6;;
435;E;HCOM;186;3;7;4;;
435;E;HCOM;186;4;14;5;;
435;E;HCOM;186;5;34;6;;
436;E;HCOM;187;1;43;16;;
436;E;HCOM;187;2;18;0;;
436;E;HCOM;187;3;15;0;;
436;E;HCOM;187;4;13;4;;
436;E;HCOM;187;5;12;3;;
437;E;HCOM;188;1;13;6;;
437;E;HCOM;188;2;17;4;;
437;E;HCOM;188;3;16;4;;
437;E;HCOM;188;4;14;4;;
437;E;HCOM;188;5;20;6;;
438;E;HCOM;189;1;21;6;;
438;E;HCOM;189;2;7;2;;
438;E;HCOM;189;3;12;11;;
438;E;HCOM;189;4;13;3;;
438;E;HCOM;189;5;16;1;;
439;E;HCOM;190;1;15;1;;
439;E;HCOM;190;2;7;1;;
439;E;HCOM;190;3;9;4;;
439;E;HCOM;190;4;5;0;;
439;E;HCOM;190;5;10;1;;
440;E;HCOM;191;1;19;9;;
440;E;HCOM;191;2;14;9;;
440;E;HCOM;191;3;4;16;;
440;E;HCOM;191;4;20;16;;
440;E;HCOM;191;5;19;4;;
441;E;HCOM;192;1;10;5;;
441;E;HCOM;192;2;13;2;;
441;E;HCOM;192;3;5;1;;
441;E;HCOM;192;4;7;4;;
441;E;HCOM;192;5;9;1;;
442;E;HCOM;193;1;7;3;;
442;E;HCOM;193;2;11;4;;
442;E;HCOM;193;3;16;4;;
442;E;HCOM;193;4;11;1;;
442;E;HCOM;193;5;15;2;;
443;E;HCOM;194;1;15;1;;
443;E;HCOM;194;2;18;0;;
443;E;HCOM;194;3;13;3;;
443;E;HCOM;194;4;18;2;;
443;E;HCOM;194;5;6;1;;
444;E;HCOM;195;1;18;8;;
444;E;HCOM;195;2;14;2;;
444;E;HCOM;195;3;17;5;;
444;E;HCOM;195;4;12;1;;
444;E;HCOM;195;5;20;6;;
445;E;LPED;321;1;44;22;;parte superior del fruto depredada (galería)
445;E;LPED;321;2;26;0;;pupa marrrón con polilla (con foto) todas las semillas comidas
445;E;LPED;321;3;44;10;;data lost
445;E;LPED;321;4;47;14;;
445;E;LPED;321;5;37;13;;
446;E;LPED;322;1;90;10;;data lost
446;E;LPED;322;2;80;12;;data lost
446;E;LPED;322;3;60;15;;data lost
446;E;LPED;322;4;39;11;;
446;E;LPED;322;5;46;7;;
447;E;LPED;323;1;64;25;;
447;E;LPED;323;2;47;20;;
447;E;LPED;323;3;52;20;;
447;E;LPED;323;4;47;9;;
447;E;LPED;323;5;34;5;;bug (in bag) collected in eppendorf
448;E;LPED;324;1;11;2;;
448;E;LPED;324;2;21;5;;
448;E;LPED;324;3;27;13;;
448;E;LPED;324;4;42;17;;
448;E;LPED;324;5;48;15;;
449;E;LPED;325;1;36;10;;
449;E;LPED;325;2;20;4;;Predated fruit, same damage as 345
449;E;LPED;325;3;23;8;;
449;E;LPED;325;4;36;15;;
449;E;LPED;325;5;20;4;;
450;E;LPED;326;1;40;23;;
450;E;LPED;326;2;38;11;;
450;E;LPED;326;3;32;18;;
450;E;LPED;326;4;36;7;;
450;E;LPED;326;5;38;18;;
451;E;LPED;327;1;50;22;;
451;E;LPED;327;2;43;14;;
451;E;LPED;327;3;49;17;;
451;E;LPED;327;4;58;19;;
451;E;LPED;327;5;66;24;;
452;E;LPED;328;1;43;17;;
452;E;LPED;328;2;44;16;;
452;E;LPED;328;3;57;25;;muchos frutos depredados
452;E;LPED;328;4;52;18;;
452;E;LPED;328;5;62;26;;
453;E;LPED;329;1;62;30;;
453;E;LPED;329;2;34;9;;
453;E;LPED;329;3;45;14;;muchos frutos depredados, todo lleno de excrementos
453;E;LPED;329;4;32;10;;
453;E;LPED;329;5;47;19;;muchos frutos depredados, todo lleno de excrementos
454;E;LPED;330;1;79;36;;
454;E;LPED;330;2;29;4;;
454;E;LPED;330;3;59;19;;
454;E;LPED;330;4;32;10;;
454;E;LPED;330;5;43;21;;
455;E;LPED;331;1;56;21;;Predator collected
455;E;LPED;331;2;43;9;;
455;E;LPED;331;3;53;17;;
455;E;LPED;331;4;40;6;;
455;E;LPED;331;5;36;14;;
456;E;LPED;332;1;44;17;;
456;E;LPED;332;2;28;12;;
456;E;LPED;332;3;44;1;;
456;E;LPED;332;4;36;15;;
456;E;LPED;332;5;28;13;;
457;E;LPED;333;1;45;16;;
457;E;LPED;333;2;36;15;;
457;E;LPED;333;3;71;39;;
457;E;LPED;333;4;43;8;;
457;E;LPED;333;5;48;12;;
458;E;LPED;334;1;20;0;;
458;E;LPED;334;2;30;13;;
458;E;LPED;334;3;24;2;;
458;E;LPED;334;4;27;13;;
458;E;LPED;334;5;29;10;;
459;E;LPED;335;1;15;5;;
459;E;LPED;335;2;19;6;;
459;E;LPED;335;3;28;13;;
459;E;LPED;335;4;23;2;;
459;E;LPED;335;5;32;9;;
460;E;CSAL;361;1;9;6;;
460;E;CSAL;361;2;13;5;;
460;E;CSAL;361;3;5;2;;
460;E;CSAL;361;4;4;2;;
460;E;CSAL;361;5;9;4;;
461;E;CSAL;362;1;15;9;;
461;E;CSAL;362;2;6;2;;
461;E;CSAL;362;3;8;3;;
461;E;CSAL;362;4;14;6;;
461;E;CSAL;362;5;10;4;;
462;E;CSAL;363;1;8;9;;
462;E;CSAL;363;2;5;1;;
462;E;CSAL;363;3;5;2;;
462;E;CSAL;363;4;14;2;;
462;E;CSAL;363;5;2;2;;
463;E;CSAL;364;1;12;1;;
463;E;CSAL;364;2;11;2;;
463;E;CSAL;364;3;11;4;;
463;E;CSAL;364;4;7;2;;
463;E;CSAL;364;5;13;6;;
464;E;CSAL;365;1;2;1;;
464;E;CSAL;365;2;2;1;;
464;E;CSAL;365;3;2;1;;
464;E;CSAL;365;4;1;0;;
464;E;CSAL;365;5;2;0;;
465;E;CSAL;365_1;1;3;1;;
465;E;CSAL;365_1;2;3;1;;
465;E;CSAL;365_1;3;5;1;;
465;E;CSAL;365_1;4;13;1;;
465;E;CSAL;365_1;5;6;0;;
466;E;CSAL;365_2;1;15;4;;
466;E;CSAL;365_2;2;5;3;;
466;E;CSAL;365_2;3;15;3;;
466;E;CSAL;365_2;4;13;1;;
466;E;CSAL;365_2;5;5;2;;
467;E;CSAL;365_3;1;19;6;;
467;E;CSAL;365_3;2;9;0;;
467;E;CSAL;365_3;3;9;1;;
467;E;CSAL;365_3;4;4;1;;
467;E;CSAL;365_3;5;12;1;;
468;E;CSAL;365_4;1;8;2;;
468;E;CSAL;365_4;2;9;2;;
468;E;CSAL;365_4;3;3;2;;
468;E;CSAL;365_4;4;8;4;;
468;E;CSAL;365_4;5;3;1;;
469;E;CLIB;411;1;6;6;;
469;E;CLIB;411;2;5;5;;
469;E;CLIB;411;3;4;4;;
469;E;CLIB;411;4;4;3;;
469;E;CLIB;411;5;8;8;;
470;E;CLIB;412;1;8;6;;
470;E;CLIB;412;2;9;6;;
470;E;CLIB;412;3;14;13;;
470;E;CLIB;412;4;9;6;;
470;E;CLIB;412;5;7;5;;
471;E;CLIB;413;1;17;7;;
471;E;CLIB;413;2;7;5;;
471;E;CLIB;413;3;10;9;;
471;E;CLIB;413;4;7;4;;
471;E;CLIB;413;5;4;4;;
472;E;CLIB;414;1;12;4;;
472;E;CLIB;414;2;4;2;;
472;E;CLIB;414;3;4;4;;
472;E;CLIB;414;4;5;2;;
472;E;CLIB;414;5;7;4;;
473;E;CLIB;415;1;5;4;;
473;E;CLIB;415;2;4;2;;
473;E;CLIB;415;3;4;3;;
473;E;CLIB;415;4;5;3;;
473;E;CLIB;415;5;6;2;;
474;E;CLIB;416;1;9;8;;
474;E;CLIB;416;2;5;5;;
474;E;CLIB;416;3;16;11;;
474;E;CLIB;416;4;8;6;;
474;E;CLIB;416;5;12;10;;
475;E;CLIB;417;1;13;9;;
475;E;CLIB;417;2;8;3;;
475;E;CLIB;417;3;6;5;;
475;E;CLIB;417;4;5;3;;
475;E;CLIB;417;5;4;2;;
476;E;CLIB;418;1;3;2;;
476;E;CLIB;418;2;4;3;;
476;E;CLIB;418;3;8;3;;
476;E;CLIB;418;4;5;2;;
476;E;CLIB;418;5;5;2;;
477;E;CLIB;419;1;9;7;;
477;E;CLIB;419;2;9;6;;
477;E;CLIB;419;3;9;3;;
477;E;CLIB;419;4;10;7;;
477;E;CLIB;419;5;8;8;;
478;E;CLIB;420;1;4;4;;
478;E;CLIB;420;2;12;8;;
478;E;CLIB;420;3;5;4;;
478;E;CLIB;420;4;4;4;;
478;E;CLIB;420;5;9;4;;
479;E;CLIB;421;1;17;8;;
479;E;CLIB;421;2;4;4;;
479;E;CLIB;421;3;14;12;;
479;E;CLIB;421;4;11;7;;
479;E;CLIB;421;5;7;6;;
480;E;CLIB;422;1;7;6;;
480;E;CLIB;422;2;5;4;;
480;E;CLIB;422;3;12;10;;
480;E;CLIB;422;4;11;8;;
480;E;CLIB;422;5;6;3;;
481;E;CLIB;423;1;12;11;;
481;E;CLIB;423;2;7;6;;
481;E;CLIB;423;3;6;5;;
481;E;CLIB;423;4;8;8;;
481;E;CLIB;423;5;11;8;;
482;E;CLIB;424;1;10;6;;
482;E;CLIB;424;2;7;5;;
482;E;CLIB;424;3;7;2;;
482;E;CLIB;424;4;7;4;;
482;E;CLIB;424;5;2;1;;
483;E;CLIB;425;1;13;9;;
483;E;CLIB;425;2;9;6;;
483;E;CLIB;425;3;7;7;;
483;E;CLIB;425;4;7;6;;
483;E;CLIB;425;5;9;8;;
484;E;AVEL;450;1;NA;NA;;
484;E;AVEL;450;2;NA;NA;;
484;E;AVEL;450;3;NA;NA;;
484;E;AVEL;450;4;NA;NA;;
484;E;AVEL;450;5;NA;NA;;
485;E;AVEL;451;1;NA;NA;;
485;E;AVEL;451;2;NA;NA;;
485;E;AVEL;451;3;NA;NA;;
485;E;AVEL;451;4;NA;NA;;
485;E;AVEL;451;5;NA;NA;;
486;E;AVEL;452;1;NA;NA;;
486;E;AVEL;452;2;NA;NA;;
486;E;AVEL;452;3;NA;NA;;
486;E;AVEL;452;4;NA;NA;;
486;E;AVEL;452;5;NA;NA;;
487;E;AVEL;453;1;NA;NA;;
487;E;AVEL;453;2;NA;NA;;
487;E;AVEL;453;3;NA;NA;;
487;E;AVEL;453;4;NA;NA;;
487;E;AVEL;453;5;NA;NA;;
488;E;AVEL;454;1;NA;NA;;
488;E;AVEL;454;2;NA;NA;;
488;E;AVEL;454;3;NA;NA;;
488;E;AVEL;454;4;NA;NA;;
488;E;AVEL;454;5;NA;NA;;
489;E;AVEL;455;1;NA;NA;;
489;E;AVEL;455;2;NA;NA;;
489;E;AVEL;455;3;NA;NA;;
489;E;AVEL;455;4;NA;NA;;
489;E;AVEL;455;5;NA;NA;;
490;E;AVEL;456;1;NA;NA;;
490;E;AVEL;456;2;NA;NA;;
490;E;AVEL;456;3;NA;NA;;
490;E;AVEL;456;4;NA;NA;;
490;E;AVEL;456;5;NA;NA;;
491;E;AVEL;457;1;NA;NA;;
491;E;AVEL;457;2;NA;NA;;
491;E;AVEL;457;3;NA;NA;;
491;E;AVEL;457;4;NA;NA;;
491;E;AVEL;457;5;NA;NA;;
492;E;AVEL;458;1;NA;NA;;
492;E;AVEL;458;2;NA;NA;;
492;E;AVEL;458;3;NA;NA;;
492;E;AVEL;458;4;NA;NA;;
492;E;AVEL;458;5;NA;NA;;
493;E;AVEL;459;1;NA;NA;;
493;E;AVEL;459;2;NA;NA;;
493;E;AVEL;459;3;NA;NA;;
493;E;AVEL;459;4;NA;NA;;
493;E;AVEL;459;5;NA;NA;;
494;E;HHAL;531;1;0;0;;
494;E;HHAL;531;2;0;0;;
494;E;HHAL;531;3;0;0;;
494;E;HHAL;531;4;0;0;;
494;E;HHAL;531;5;0;0;;
495;E;HHAL;532;1;0;0;;
495;E;HHAL;532;2;0;0;;
495;E;HHAL;532;3;0;0;;
495;E;HHAL;532;4;0;0;;
495;E;HHAL;532;5;0;0;;
496;E;HHAL;533;1;17;13;;
496;E;HHAL;533;2;23;20;;
496;E;HHAL;533;3;26;15;;
496;E;HHAL;533;4;11;10;;
496;E;HHAL;533;5;16;15;;
497;E;HHAL;534;1;13;11;;
497;E;HHAL;534;2;14;9;;
497;E;HHAL;534;3;12;2;;
497;E;HHAL;534;4;12;6;;
497;E;HHAL;534;5;14;10;;
498;E;HHAL;535;1;4;3;;
498;E;HHAL;535;2;5;1;;
498;E;HHAL;535;3;0;0;;
498;E;HHAL;535;4;0;0;;
498;E;HHAL;535;5;0;0;;
499;E;HHAL;536;1;16;14;;
499;E;HHAL;536;2;7;7;;
499;E;HHAL;536;3;4;3;;
499;E;HHAL;536;4;15;14;;
499;E;HHAL;536;5;3;3;;
500;E;HHAL;537;1;20;20;;
500;E;HHAL;537;2;21;21;;
500;E;HHAL;537;3;22;17;;
500;E;HHAL;537;4;18;12;;
500;E;HHAL;537;5;21;19;;
501;E;HHAL;538;1;10;6;;
501;E;HHAL;538;2;10;8;;
501;E;HHAL;538;3;17;10;;
501;E;HHAL;538;4;9;7;;
501;E;HHAL;538;5;23;21;;
502;E;HHAL;539;1;14;14;;
502;E;HHAL;539;2;20;18;;
502;E;HHAL;539;3;13;11;;
502;E;HHAL;539;4;25;21;;
502;E;HHAL;539;5;26;21;;
503;E;HHAL;540;1;14;11;;
503;E;HHAL;540;2;10;7;;
503;E;HHAL;540;3;22;8;;
503;E;HHAL;540;4;13;13;;
503;E;HHAL;540;5;15;12;;
504;E;HHAL;541;1;13;4;;
504;E;HHAL;541;2;6;1;;
504;E;HHAL;541;3;13;9;;
504;E;HHAL;541;4;9;7;;
504;E;HHAL;541;5;10;7;;
505;E;HHAL;542;1;18;18;;
505;E;HHAL;542;2;7;6;;
505;E;HHAL;542;3;13;13;;
505;E;HHAL;542;4;9;6;;
505;E;HHAL;542;5;16;16;;
506;E;HHAL;543;1;20;11;;
506;E;HHAL;543;2;6;4;;
506;E;HHAL;543;3;11;5;;
506;E;HHAL;543;4;8;4;;
506;E;HHAL;543;5;8;5;;
507;E;HHAL;544;1;10;10;;
507;E;HHAL;544;2;2;1;;
507;E;HHAL;544;3;0;0;;
507;E;HHAL;544;4;0;0;;
507;E;HHAL;544;5;0;0;;
508;E;HHAL;545;1;16;13;;
508;E;HHAL;545;2;8;8;;
508;E;HHAL;545;3;15;14;;
508;E;HHAL;545;4;10;6;;
508;E;HHAL;545;5;14;14;;
509;E;TMAS;601;1;78;4;;
509;E;TMAS;601;2;63;5;;
509;E;TMAS;601;3;53;1;;
509;E;TMAS;601;4;44;0;;
509;E;TMAS;601;5;38;3;;
510;E;TMAS;602;1;91;10;;
510;E;TMAS;602;2;97;2;;
510;E;TMAS;602;3;84;9;;
510;E;TMAS;602;4;83;3;;
510;E;TMAS;602;5;52;2;;
511;E;TMAS;603;1;34;0;;
511;E;TMAS;603;2;66;0;;
511;E;TMAS;603;3;41;1;;
511;E;TMAS;603;4;22;1;;
511;E;TMAS;603;5;64;0;;
512;E;TMAS;604;1;85;4;;
512;E;TMAS;604;2;55;5;;
512;E;TMAS;604;3;65;0;;
512;E;TMAS;604;4;57;1;;
512;E;TMAS;604;5;NA;NA;;
513;E;TMAS;605;1;114;0;;
513;E;TMAS;605;2;138;0;;
513;E;TMAS;605;3;113;1;;
513;E;TMAS;605;4;141;0;;
513;E;TMAS;605;5;160;0;;
514;E;TMAS;606;1;51;0;;
514;E;TMAS;606;2;39;0;;
514;E;TMAS;606;3;65;1;;
514;E;TMAS;606;4;59;1;;
514;E;TMAS;606;5;56;0;;
515;E;TMAS;607;1;63;1;;
515;E;TMAS;607;2;41;0;;
515;E;TMAS;607;3;54;0;;
515;E;TMAS;607;4;57;2;;
515;E;TMAS;607;5;65;2;;
516;E;TMAS;608;1;54;0;;
516;E;TMAS;608;2;52;0;;
516;E;TMAS;608;3;104;0;;
516;E;TMAS;608;4;59;0;;
516;E;TMAS;608;5;104;1;;
517;E;TMAS;609;1;74;5;;
517;E;TMAS;609;2;64;1;;
517;E;TMAS;609;3;39;1;;
517;E;TMAS;609;4;77;5;;
517;E;TMAS;609;5;28;0;;
518;E;TMAS;610;1;16;0;;
518;E;TMAS;610;2;42;0;;
518;E;TMAS;610;3;43;0;;
518;E;TMAS;610;4;80;0;;
518;E;TMAS;610;5;57;0;;
519;F;LPED;336;1;44;13;;
519;F;LPED;336;2;40;18;;
519;F;LPED;336;3;35;12;;
519;F;LPED;336;4;29;3;;
519;F;LPED;336;5;25;3;;
520;F;LPED;337;1;22;8;;
520;F;LPED;337;2;34;5;;
520;F;LPED;337;3;31;10;;
520;F;LPED;337;4;31;2;;
520;F;LPED;337;5;28;13;;
521;F;LPED;338;1;59;7;;
521;F;LPED;338;2;62;4;;
521;F;LPED;338;3;35;0;;
521;F;LPED;338;4;47;2;;
521;F;LPED;338;5;83;12;;
522;F;LPED;339;1;16;4;;
522;F;LPED;339;2;23;11;;
522;F;LPED;339;3;25;7;;
522;F;LPED;339;4;23;9;;
522;F;LPED;339;5;46;9;;
523;F;LPED;340;1;22;9;;
523;F;LPED;340;2;31;4;;
523;F;LPED;340;3;28;4;;
523;F;LPED;340;4;21;9;;
523;F;LPED;340;5;23;14;;
524;F;LPED;341;1;41;13;;
524;F;LPED;341;2;40;15;;
524;F;LPED;341;3;37;7;;
524;F;LPED;341;4;54;11;;
524;F;LPED;341;5;36;6;;
525;F;LPED;342;1;24;3;;
525;F;LPED;342;2;26;4;;
525;F;LPED;342;3;32;4;;
525;F;LPED;342;4;23;1;;
525;F;LPED;342;5;40;0;;
526;F;LPED;343;1;43;5;;
526;F;LPED;343;2;35;1;;
526;F;LPED;343;3;23;0;;
526;F;LPED;343;4;29;7;;
526;F;LPED;343;5;25;7;;
527;F;LPED;344;1;52;15;;
527;F;LPED;344;2;23;1;;
527;F;LPED;344;3;38;1;;
527;F;LPED;344;4;36;3;;
527;F;LPED;344;5;71;8;;
528;F;LPED;345;1;32;2;;Predator collected, predated seed (photo 16/5)
528;F;LPED;345;2;12;0;;
528;F;LPED;345;3;22;0;;
528;F;LPED;345;4;34;1;;
528;F;LPED;345;5;17;0;;The whole fruit is predated
529;F;LPED;346;1;27;5;;
529;F;LPED;346;2;33;6;;
529;F;LPED;346;3;53;9;;Escarabajo negro recogido
529;F;LPED;346;4;32;11;;
529;F;LPED;346;5;36;2;;Todos los frutos con agujeros pequeños y excrementos
530;F;LPED;347;1;48;5;;
530;F;LPED;347;2;42;18;;
530;F;LPED;347;3;47;11;;
530;F;LPED;347;4;60;10;;
530;F;LPED;347;5;56;0;;Comido, con pupa y lepidoptero emergido, recogido
531;F;LPED;348;1;28;0;;
531;F;LPED;348;2;27;8;;
531;F;LPED;348;3;41;16;;
531;F;LPED;348;4;51;26;;
531;F;LPED;348;5;69;14;;
532;F;LPED;349;1;43;9;;
532;F;LPED;349;2;60;13;;
532;F;LPED;349;3;31;7;;
532;F;LPED;349;4;45;6;;
532;F;LPED;349;5;63;7;;
533;F;LPED;350;1;25;9;;
533;F;LPED;350;2;28;11;;
533;F;LPED;350;3;25;1;;
533;F;LPED;350;4;30;8;;
533;F;LPED;350;5;22;6;;
534;F;ROFF;91;1;16;13;;
534;F;ROFF;91;2;18;16;;
534;F;ROFF;91;3;18;12;;
534;F;ROFF;91;4;12;11;;
534;F;ROFF;91;5;18;13;;
535;F;ROFF;92;1;12;7;;
535;F;ROFF;92;2;8;6;;
535;F;ROFF;92;3;8;6;;
535;F;ROFF;92;4;8;3;;
535;F;ROFF;92;5;6;6;;
536;F;ROFF;93;1;12;11;;
536;F;ROFF;93;2;20;19;;
536;F;ROFF;93;3;12;9;;
536;F;ROFF;93;4;12;9;;
536;F;ROFF;93;5;10;9;;
537;F;ROFF;94;1;6;4;;
537;F;ROFF;94;2;10;8;;
537;F;ROFF;94;3;6;6;;
537;F;ROFF;94;4;4;4;;
537;F;ROFF;94;5;8;7;;
538;F;ROFF;95;1;8;7;;
538;F;ROFF;95;2;8;7;;
538;F;ROFF;95;3;8;7;;
538;F;ROFF;95;4;8;6;;
538;F;ROFF;95;5;10;7;;
539;F;ROFF;96;1;11;11;;
539;F;ROFF;96;2;11;1;;
539;F;ROFF;96;3;15;14;;
539;F;ROFF;96;4;14;12;;
539;F;ROFF;96;5;12;12;;
540;F;ROFF;97;1;16;10;;
540;F;ROFF;97;2;18;13;;
540;F;ROFF;97;3;10;9;;
540;F;ROFF;97;4;12;9;;
540;F;ROFF;97;5;10;8;;
541;F;ROFF;98;1;14;11;;
541;F;ROFF;98;2;16;12;;
541;F;ROFF;98;3;16;15;;
541;F;ROFF;98;4;10;8;;
541;F;ROFF;98;5;12;9;;
542;F;ROFF;99;1;16;15;;
542;F;ROFF;99;2;16;14;;
542;F;ROFF;99;3;8;8;;
542;F;ROFF;99;4;18;16;;
542;F;ROFF;99;5;18;17;;
543;F;ROFF;100;1;14;14;;
543;F;ROFF;100;2;14;7;;
543;F;ROFF;100;3;6;6;;
543;F;ROFF;100;4;10;7;;
543;F;ROFF;100;5;12;7;;
544;F;ROFF;101;1;14;9;;
544;F;ROFF;101;2;16;14;;
544;F;ROFF;101;3;12;12;;
544;F;ROFF;101;4;16;13;;
544;F;ROFF;101;5;12;10;;
545;F;ROFF;102;1;18;16;;
545;F;ROFF;102;2;14;13;;
545;F;ROFF;102;3;12;12;;
545;F;ROFF;102;4;18;18;;
545;F;ROFF;102;5;10;10;;
546;F;ROFF;103;1;8;5;;
546;F;ROFF;103;2;18;12;;
546;F;ROFF;103;3;18;14;;
546;F;ROFF;103;4;19;12;;
546;F;ROFF;103;5;26;23;;
547;F;ROFF;104;1;10;5;;
547;F;ROFF;104;2;16;8;;
547;F;ROFF;104;3;10;6;;
547;F;ROFF;104;4;16;14;;
547;F;ROFF;104;5;12;7;;
548;F;ROFF;105;1;14;5;;
548;F;ROFF;105;2;12;7;;
548;F;ROFF;105;3;16;5;;
548;F;ROFF;105;4;14;1;;
548;F;ROFF;105;5;8;2;;
549;F;HCOM;196;1;10;4;;
549;F;HCOM;196;2;11;2;;
549;F;HCOM;196;3;14;1;;
549;F;HCOM;196;4;9;1;;
549;F;HCOM;196;5;17;2;;
550;F;HCOM;197;1;5;3;;
550;F;HCOM;197;2;5;2;;
550;F;HCOM;197;3;2;1;;
550;F;HCOM;197;4;4;1;;
550;F;HCOM;197;5;3;2;;
551;F;HCOM;198;1;7;5;;
551;F;HCOM;198;2;21;7;;
551;F;HCOM;198;3;12;5;;
551;F;HCOM;198;4;13;5;;
551;F;HCOM;198;5;8;2;;
552;F;HCOM;199;1;16;7;;
552;F;HCOM;199;2;20;6;;
552;F;HCOM;199;3;9;4;;
552;F;HCOM;199;4;8;3;;
552;F;HCOM;199;5;9;2;;
553;F;HCOM;200;1;24;9;;
553;F;HCOM;200;2;6;3;;
553;F;HCOM;200;3;15;6;;
553;F;HCOM;200;4;12;8;;
553;F;HCOM;200;5;16;9;;
554;F;HCOM;201;1;18;6;;
554;F;HCOM;201;2;19;11;;
554;F;HCOM;201;3;27;9;;
554;F;HCOM;201;4;12;2;;
554;F;HCOM;201;5;24;5;;
555;F;HCOM;202;1;13;1;;
555;F;HCOM;202;2;12;4;;
555;F;HCOM;202;3;15;7;;
555;F;HCOM;202;4;20;6;;
555;F;HCOM;202;5;17;9;;
556;F;HCOM;203;1;18;5;;
556;F;HCOM;203;2;9;1;;
556;F;HCOM;203;3;10;4;;
556;F;HCOM;203;4;4;3;;
556;F;HCOM;203;5;11;3;;
557;F;HCOM;204;1;7;2;;
557;F;HCOM;204;2;7;0;;
557;F;HCOM;204;3;8;1;;
557;F;HCOM;204;4;5;1;;
557;F;HCOM;204;5;10;0;;
558;F;HCOM;205;1;19;11;;
558;F;HCOM;205;2;12;6;;
558;F;HCOM;205;3;12;5;;
558;F;HCOM;205;4;22;8;;
558;F;HCOM;205;5;14;6;;
559;F;HCOM;206;1;12;5;;
559;F;HCOM;206;2;5;2;;
559;F;HCOM;206;3;8;1;;
559;F;HCOM;206;4;12;8;;
559;F;HCOM;206;5;4;1;;
560;F;HCOM;207;1;18;4;;
560;F;HCOM;207;2;7;0;;
560;F;HCOM;207;3;15;0;;
560;F;HCOM;207;4;9;1;;
560;F;HCOM;207;5;20;2;;
561;F;HCOM;208;1;17;7;;
561;F;HCOM;208;2;16;7;;
561;F;HCOM;208;3;12;6;;
561;F;HCOM;208;4;8;2;;
561;F;HCOM;208;5;18;6;;
562;F;HCOM;209;1;24;4;;
562;F;HCOM;209;2;22;3;;
562;F;HCOM;209;3;22;4;;
562;F;HCOM;209;4;14;2;;
562;F;HCOM;209;5;12;2;;
563;F;HCOM;210;1;16;4;;
563;F;HCOM;210;2;10;4;;
563;F;HCOM;210;3;9;2;;
563;F;HCOM;210;4;9;2;;
563;F;HCOM;210;5;23;2;;
564;F;UPAR;212;1;NA;NA;;
564;F;UPAR;212;2;NA;NA;;
564;F;UPAR;212;3;NA;NA;;
564;F;UPAR;212;4;NA;NA;;
564;F;UPAR;212;5;NA;NA;;
565;F;UPAR;214;1;NA;NA;;
565;F;UPAR;214;2;NA;NA;;
565;F;UPAR;214;3;NA;NA;;
565;F;UPAR;214;4;NA;NA;;
565;F;UPAR;214;5;NA;NA;;
566;F;UPAR;218;1;NA;NA;;
566;F;UPAR;218;2;NA;NA;;
566;F;UPAR;218;3;NA;NA;;
566;F;UPAR;218;4;NA;NA;;
566;F;UPAR;218;5;NA;NA;;
567;F;UPAR;221;1;NA;NA;;
567;F;UPAR;221;2;NA;NA;;
567;F;UPAR;221;3;NA;NA;;
567;F;UPAR;221;4;NA;NA;;
567;F;UPAR;221;5;NA;NA;;
568;F;UPAR;222;1;NA;NA;;
568;F;UPAR;222;2;NA;NA;;
568;F;UPAR;222;3;NA;NA;;
568;F;UPAR;222;4;NA;NA;;
568;F;UPAR;222;5;NA;NA;;
569;F;UPAR;223;1;NA;NA;;
569;F;UPAR;223;2;NA;NA;;
569;F;UPAR;223;3;NA;NA;;
569;F;UPAR;223;4;NA;NA;;
569;F;UPAR;223;5;NA;NA;;
570;F;UPAR;224;1;NA;NA;;
570;F;UPAR;224;2;NA;NA;;
570;F;UPAR;224;3;NA;NA;;
570;F;UPAR;224;4;NA;NA;;
570;F;UPAR;224;5;NA;NA;;
571;F;UPAR;X;1;NA;NA;;
571;F;UPAR;X;2;NA;NA;;
571;F;UPAR;X;3;NA;NA;;
571;F;UPAR;X;4;NA;NA;;
571;F;UPAR;X;5;NA;NA;;
572;F;SGEN;213;1;14;0;;
572;F;SGEN;213;2;21;2;;
572;F;SGEN;213;3;8;2;;
572;F;SGEN;213;4;12;2;;
572;F;SGEN;213;5;7;2;;
573;F;SGEN;215;1;11;2;;
573;F;SGEN;215;2;10;2;;
573;F;SGEN;215;3;11;1;;
573;F;SGEN;215;4;14;2;;
573;F;SGEN;215;5;14;1;;
574;F;SGEN;216;1;19;1;;
574;F;SGEN;216;2;9;2;;
574;F;SGEN;216;3;13;1;;
574;F;SGEN;216;4;24;5;;
574;F;SGEN;216;5;12;0;;
575;F;SGEN;217;1;21;6;;
575;F;SGEN;217;2;22;4;;
575;F;SGEN;217;3;16;1;;
575;F;SGEN;217;4;17;1;;
575;F;SGEN;217;5;11;1;;
576;F;SGEN;219;1;14;0;;
576;F;SGEN;219;2;15;0;;
576;F;SGEN;219;3;11;1;;
576;F;SGEN;219;4;26;1;;
576;F;SGEN;219;5;18;1;;
577;F;SGEN;220;1;16;4;;
577;F;SGEN;220;2;20;4;;
577;F;SGEN;220;3;11;1;;
577;F;SGEN;220;4;31;9;;
577;F;SGEN;220;5;14;1;;
578;F;SGEN;225;1;7;3;;
578;F;SGEN;225;2;10;1;;
578;F;SGEN;225;3;18;0;;
578;F;SGEN;225;4;15;1;;
578;F;SGEN;225;5;7;3;;
579;F;SGEN;211;1;27;3;;
579;F;SGEN;211;2;28;5;;
579;F;SGEN;211;3;24;7;;
579;F;SGEN;211;4;28;3;;
579;F;SGEN;211;5;26;5;;
580;F;CLIB;426;1;6;5;;
580;F;CLIB;426;2;7;3;;
580;F;CLIB;426;3;5;3;;
580;F;CLIB;426;4;4;3;;
580;F;CLIB;426;5;4;3;;
581;F;CLIB;427;1;14;10;;
581;F;CLIB;427;2;5;4;;
581;F;CLIB;427;3;6;5;;
581;F;CLIB;427;4;11;10;;
581;F;CLIB;427;5;10;8;;
582;F;CLIB;428;1;10;9;;
582;F;CLIB;428;2;12;10;;
582;F;CLIB;428;3;10;9;;
582;F;CLIB;428;4;9;8;;
582;F;CLIB;428;5;8;8;;
583;F;CLIB;429;1;9;4;;
583;F;CLIB;429;2;19;13;;
583;F;CLIB;429;3;6;4;;
583;F;CLIB;429;4;10;4;;
583;F;CLIB;429;5;11;7;;
584;F;CLIB;430;1;6;6;;
584;F;CLIB;430;2;7;4;;
584;F;CLIB;430;3;9;5;;
584;F;CLIB;430;4;8;6;;
584;F;CLIB;430;5;6;4;;
585;F;CLIB;431;1;4;3;;
585;F;CLIB;431;2;15;9;;
585;F;CLIB;431;3;5;4;;
585;F;CLIB;431;4;11;9;;
585;F;CLIB;431;5;6;5;;
586;F;CLIB;432;1;6;6;;
586;F;CLIB;432;2;11;7;;
586;F;CLIB;432;3;5;4;;
586;F;CLIB;432;4;6;5;;
586;F;CLIB;432;5;8;7;;
587;F;CLIB;433;1;19;9;;
587;F;CLIB;433;2;5;4;;
587;F;CLIB;433;3;17;11;;
587;F;CLIB;433;4;17;10;;
587;F;CLIB;433;5;10;2;;
588;F;CLIB;434;1;8;6;;
588;F;CLIB;434;2;8;7;;
588;F;CLIB;434;3;11;9;;
588;F;CLIB;434;4;4;4;;
588;F;CLIB;434;5;6;4;;
589;F;CLIB;435;1;16;9;;
589;F;CLIB;435;2;4;3;;
589;F;CLIB;435;3;6;6;;
589;F;CLIB;435;4;4;4;;
589;F;CLIB;435;5;16;11;;
590;F;CLIB;561;1;10;6;;
590;F;CLIB;561;2;10;6;;
590;F;CLIB;561;3;3;3;;
590;F;CLIB;561;4;7;3;;
590;F;CLIB;561;5;7;6;;
591;F;CLIB;562;1;7;6;;
591;F;CLIB;562;2;8;6;;
591;F;CLIB;562;3;6;4;;
591;F;CLIB;562;4;6;5;;
591;F;CLIB;562;5;5;3;;
592;F;CLIB;563;1;7;5;;
592;F;CLIB;563;2;7;5;;
592;F;CLIB;563;3;8;5;;
592;F;CLIB;563;4;5;4;;
592;F;CLIB;563;5;4;3;;
593;F;CLIB;564;1;18;17;;
593;F;CLIB;564;2;8;7;;
593;F;CLIB;564;3;8;7;;
593;F;CLIB;564;4;10;7;;
593;F;CLIB;564;5;16;15;;
594;F;CLIB;565;1;14;11;;
594;F;CLIB;565;2;5;5;;
594;F;CLIB;565;3;7;5;;
594;F;CLIB;565;4;6;6;;
594;F;CLIB;565;5;13;10;;
595;F;AVEL;460;1;NA;NA;;
595;F;AVEL;460;2;NA;NA;;
595;F;AVEL;460;3;NA;NA;;
595;F;AVEL;460;4;NA;NA;;
595;F;AVEL;460;5;NA;NA;;
596;F;AVEL;461;1;NA;NA;;
596;F;AVEL;461;2;NA;NA;;
596;F;AVEL;461;3;NA;NA;;
596;F;AVEL;461;4;NA;NA;;
596;F;AVEL;461;5;NA;NA;;
597;F;AVEL;462;1;NA;NA;;
597;F;AVEL;462;2;NA;NA;;
597;F;AVEL;462;3;NA;NA;;
597;F;AVEL;462;4;NA;NA;;
597;F;AVEL;462;5;NA;NA;;
598;F;AVEL;463;1;NA;NA;;
598;F;AVEL;463;2;NA;NA;;
598;F;AVEL;463;3;NA;NA;;
598;F;AVEL;463;4;NA;NA;;
598;F;AVEL;463;5;NA;NA;;
599;F;AVEL;464;1;NA;NA;;
599;F;AVEL;464;2;NA;NA;;
599;F;AVEL;464;3;NA;NA;;
599;F;AVEL;464;4;NA;NA;;
599;F;AVEL;464;5;NA;NA;;
600;F;AVEL;465;1;NA;NA;;
600;F;AVEL;465;2;NA;NA;;
600;F;AVEL;465;3;NA;NA;;
600;F;AVEL;465;4;NA;NA;;
600;F;AVEL;465;5;NA;NA;;
601;F;AVEL;466;1;NA;NA;;
601;F;AVEL;466;2;NA;NA;;
601;F;AVEL;466;3;NA;NA;;
601;F;AVEL;466;4;NA;NA;;
601;F;AVEL;466;5;NA;NA;;
602;F;AVEL;467;1;NA;NA;;
602;F;AVEL;467;2;NA;NA;;
602;F;AVEL;467;3;NA;NA;;
602;F;AVEL;467;4;NA;NA;;
602;F;AVEL;467;5;NA;NA;;
603;F;AVEL;468;1;NA;NA;;
603;F;AVEL;468;2;NA;NA;;
603;F;AVEL;468;3;NA;NA;;
603;F;AVEL;468;4;NA;NA;;
603;F;AVEL;468;5;NA;NA;;
604;F;HHAL;546;1;15;12;;
604;F;HHAL;546;2;12;5;;
604;F;HHAL;546;3;21;6;;
604;F;HHAL;546;4;45;23;;
604;F;HHAL;546;5;21;16;;
605;F;HHAL;547;1;9;6;;
605;F;HHAL;547;2;0;0;;
605;F;HHAL;547;3;0;0;;
605;F;HHAL;547;4;0;0;;
605;F;HHAL;547;5;0;0;;
606;F;HHAL;548;1;30;21;;
606;F;HHAL;548;2;15;13;;
606;F;HHAL;548;3;23;23;;
606;F;HHAL;548;4;16;15;;
606;F;HHAL;548;5;19;15;;
607;F;HHAL;549;1;32;9;;
607;F;HHAL;549;2;10;8;;
607;F;HHAL;549;3;11;1;;
607;F;HHAL;549;4;9;4;;
607;F;HHAL;549;5;29;10;;
608;F;HHAL;550;1;7;3;;
608;F;HHAL;550;2;7;2;;
608;F;HHAL;550;3;25;9;;
608;F;HHAL;550;4;14;7;;
608;F;HHAL;550;5;8;6;;
609;F;HHAL;551;1;11;6;;
609;F;HHAL;551;2;6;4;;
609;F;HHAL;551;3;7;4;;
609;F;HHAL;551;4;3;3;;
609;F;HHAL;551;5;8;6;;
610;F;HHAL;552;1;22;14;;
610;F;HHAL;552;2;12;6;;
610;F;HHAL;552;3;20;8;;
610;F;HHAL;552;4;19;11;;
610;F;HHAL;552;5;19;9;;
611;F;HHAL;553;1;18;12;;
611;F;HHAL;553;2;3;3;;
611;F;HHAL;553;3;3;2;;
611;F;HHAL;553;4;0;0;;
611;F;HHAL;553;5;0;0;;
612;F;HHAL;554;1;26;21;;
612;F;HHAL;554;2;17;9;;
612;F;HHAL;554;3;8;5;;
612;F;HHAL;554;4;15;13;;
612;F;HHAL;554;5;13;10;;
613;F;HHAL;555;1;23;15;;
613;F;HHAL;555;2;15;9;;
613;F;HHAL;555;3;19;17;;
613;F;HHAL;555;4;12;11;;
613;F;HHAL;555;5;16;11;;
614;F;HHAL;556;1;16;14;;
614;F;HHAL;556;2;17;15;;
614;F;HHAL;556;3;23;20;;
614;F;HHAL;556;4;15;13;;
614;F;HHAL;556;5;11;9;;
615;F;HHAL;557;1;28;17;;
615;F;HHAL;557;2;23;19;;
615;F;HHAL;557;3;19;14;;
615;F;HHAL;557;4;16;2;;
615;F;HHAL;557;5;12;7;;
616;F;HHAL;558;1;50;32;;
616;F;HHAL;558;2;17;12;;
616;F;HHAL;558;3;22;13;;
616;F;HHAL;558;4;15;9;;
616;F;HHAL;558;5;13;11;;
617;F;HHAL;559;1;23;19;;
617;F;HHAL;559;2;9;8;;
617;F;HHAL;559;3;19;14;;
617;F;HHAL;559;4;28;21;;
617;F;HHAL;559;5;26;13;;
618;F;HHAL;560;1;18;11;;
618;F;HHAL;560;2;15;13;;
618;F;HHAL;560;3;10;14;;
618;F;HHAL;560;4;10;7;;
618;F;HHAL;560;5;17;8;;
619;F;TMAS;611;1;93;0;;
619;F;TMAS;611;2;138;3;;
619;F;TMAS;611;3;117;1;;
619;F;TMAS;611;4;100;0;;
619;F;TMAS;611;5;126;0;;
620;F;TMAS;612;1;32;0;;
620;F;TMAS;612;2;48;0;;
620;F;TMAS;612;3;66;10;;
620;F;TMAS;612;4;48;8;;
620;F;TMAS;612;5;46;5;;
621;F;TMAS;613;1;43;8;;
621;F;TMAS;613;2;37;0;;
621;F;TMAS;613;3;27;0;;
621;F;TMAS;613;4;33;0;;
621;F;TMAS;613;5;37;0;;
622;F;TMAS;614;1;48;5;;
622;F;TMAS;614;2;42;6;;
622;F;TMAS;614;3;27;5;;
622;F;TMAS;614;4;28;4;;one predated seed
622;F;TMAS;614;5;23;7;;
623;F;TMAS;615;1;83;14;;
623;F;TMAS;615;2;46;3;;
623;F;TMAS;615;3;20;6;;
623;F;TMAS;615;4;43;5;;
623;F;TMAS;615;5;50;1;;
624;F;TMAS;616;1;92;1;;
624;F;TMAS;616;2;62;0;;
624;F;TMAS;616;3;74;0;;
624;F;TMAS;616;4;99;8;;
624;F;TMAS;616;5;123;14;;
625;F;TMAS;617;1;61;3;;
625;F;TMAS;617;2;62;4;;
625;F;TMAS;617;3;49;1;;
625;F;TMAS;617;4;40;0;;
625;F;TMAS;617;5;63;0;;
626;F;TMAS;618;1;56;0;;
626;F;TMAS;618;2;64;0;;
626;F;TMAS;618;3;71;0;;
626;F;TMAS;618;4;52;0;;
626;F;TMAS;618;5;64;2;;
627;F;TMAS;619;1;77;0;;
627;F;TMAS;619;2;60;0;;
627;F;TMAS;619;3;62;0;;
627;F;TMAS;619;4;37;1;;
627;F;TMAS;619;5;71;0;;
628;F;TMAS;620;1;60;0;;
628;F;TMAS;620;2;84;0;;
628;F;TMAS;620;3;98;19;;
628;F;TMAS;620;4;84;16;;
628;F;TMAS;620;5;53;0;;
629;F;TMAS;621;1;51;0;;
629;F;TMAS;621;2;62;0;;
629;F;TMAS;621;3;42;1;;
629;F;TMAS;621;4;61;0;;
629;F;TMAS;621;5;61;0;;
630;F;TMAS;622;1;38;0;;
630;F;TMAS;622;2;93;2;;
630;F;TMAS;622;3;52;0;;
630;F;TMAS;622;4;81;0;;
630;F;TMAS;622;5;79;0;;
631;F;TMAS;623;1;70;3;;
631;F;TMAS;623;2;71;0;;
631;F;TMAS;623;3;68;0;;
631;F;TMAS;623;4;69;0;;
631;F;TMAS;623;5;NA;NA;;
632;F;TMAS;624;1;50;1;;1 semillas depredada
632;F;TMAS;624;2;74;0;;           
632;F;TMAS;624;3;44;0;;
632;F;TMAS;624;4;105;0;;
632;F;TMAS;624;5;45;0;;
633;F;TMAS;625;1;45;0;;
633;F;TMAS;625;2;46;0;;
633;F;TMAS;625;3;50;0;;
633;F;TMAS;625;4;34;0;;
633;F;TMAS;625;5;65;0;;