ID;Plot;Plant_sp;Plant_sp_complete;Plant_id;N_fruit;N_seeds;Weight;predated_seeds;Antagonist_collected;Notes;Num_fruit;Num_seeds;Seeds_depredadas;Promedio
1;A;UPAR;Ulex_parviflorus;1;;;;;;;;;;
2;A;UPAR;Ulex_parviflorus;2;;;;;;;;;;
3;A;UPAR;Ulex_parviflorus;3;;;;;;;;;;
4;A;UPAR;Ulex_parviflorus;4;;;;;;;;;;
5;A;UPAR;Ulex_parviflorus;5;;;;;;;;;;
6;A;UPAR;Ulex_parviflorus;6;;;;;;;;;;
7;A;UPAR;Ulex_parviflorus;7;;;;;;;;;;
8;A;UPAR;Ulex_parviflorus;8;;;;;;;;;;
9;A;UPAR;Ulex_parviflorus;9;;;;;;;;;;
10;A;UPAR;Ulex_parviflorus;10;;;;;;;;;;
11;A;UPAR;Ulex_parviflorus;11;;;;;;;;;;
12;A;UPAR;Ulex_parviflorus;12;;;;;;;;;;
13;A;UPAR;Ulex_parviflorus;13;;;;;;;;;;
14;A;UPAR;Ulex_parviflorus;14;;;;;;;;;;
15;A;UPAR;Ulex_parviflorus;15;;;;;;;;;;
16;A;HCOM;Halimium_commutatum;106;1;3;;;;Blanquecina;;;;
16;A;HCOM;Halimium_commutatum;106;2;3;;;;;;;;
16;A;HCOM;Halimium_commutatum;106;3;3;;;;;;;;
16;A;HCOM;Halimium_commutatum;106;4;6;;;;;;;;
16;A;HCOM;Halimium_commutatum;106;5;3;;;;;;;;
16;A;HCOM;Halimium_commutatum;106;6;1;;;;Más pequeña;;;;
16;A;HCOM;Halimium_commutatum;106;7;4;;;;;;;;
16;A;HCOM;Halimium_commutatum;106;8;5;;;;;;;;
16;A;HCOM;Halimium_commutatum;106;9;4;;;;;;;;
16;A;HCOM;Halimium_commutatum;106;10;2;;;;;;;;
17;A;HCOM;Halimium_commutatum;107;1;4;;;;;;;;
17;A;HCOM;Halimium_commutatum;107;2;1;;;;Blanquecina;;;;
17;A;HCOM;Halimium_commutatum;107;3;1;;;;;;;;
17;A;HCOM;Halimium_commutatum;107;4;2;;;;;;;;
17;A;HCOM;Halimium_commutatum;107;5;3;;;;;;;;
17;A;HCOM;Halimium_commutatum;107;6;3;;;;;;;;
17;A;HCOM;Halimium_commutatum;107;7;3;;;;;;;;
17;A;HCOM;Halimium_commutatum;107;8;2;;;;;;;;
17;A;HCOM;Halimium_commutatum;107;9;2;;;;;;;;
17;A;HCOM;Halimium_commutatum;107;10;3;;;;;;;;
18;A;HCOM;Halimium_commutatum;108;1;1;;1;;Agujerito;;;;
18;A;HCOM;Halimium_commutatum;108;2;4;;;;;;;;
18;A;HCOM;Halimium_commutatum;108;3;3;;;;;;;;
18;A;HCOM;Halimium_commutatum;108;4;2;;;;;;;;
18;A;HCOM;Halimium_commutatum;108;5;1;;;;;;;;
18;A;HCOM;Halimium_commutatum;108;6;3;;;;;;;;
18;A;HCOM;Halimium_commutatum;108;7;3;;;;;;;;
18;A;HCOM;Halimium_commutatum;108;8;1;;;;;;;;
18;A;HCOM;Halimium_commutatum;108;9;2;;;;;;;;
18;A;HCOM;Halimium_commutatum;108;10;0;;;;2 semillas sin endosperma;;;;
19;A;HCOM;Halimium_commutatum;109;1;3;;;;;;;;
19;A;HCOM;Halimium_commutatum;109;2;3;;;;;;;;
19;A;HCOM;Halimium_commutatum;109;3;3;;;;;;;;
19;A;HCOM;Halimium_commutatum;109;4;2;;;;;;;;
19;A;HCOM;Halimium_commutatum;109;5;2;;;;;;;;
19;A;HCOM;Halimium_commutatum;109;6;2;;;;;;;;
19;A;HCOM;Halimium_commutatum;109;7;3;;;;;;;;
19;A;HCOM;Halimium_commutatum;109;8;2;;;;;;;;
19;A;HCOM;Halimium_commutatum;109;9;2;;;;;;;;
19;A;HCOM;Halimium_commutatum;109;10;2;;;;;;;;
20;A;HCOM;Halimium_commutatum;110;1;3;;;;;;;;
20;A;HCOM;Halimium_commutatum;110;2;4;;;;Blanquecinas;;;;
20;A;HCOM;Halimium_commutatum;110;3;2;;;;;;;;
20;A;HCOM;Halimium_commutatum;110;4;2;;;;;;;;
20;A;HCOM;Halimium_commutatum;110;5;2;;;;;;;;
20;A;HCOM;Halimium_commutatum;110;6;3;;;;;;;;
20;A;HCOM;Halimium_commutatum;110;7;3;;;;;;;;
20;A;HCOM;Halimium_commutatum;110;8;2;;;;;;;;
20;A;HCOM;Halimium_commutatum;110;9;3;;;;;;;;
20;A;HCOM;Halimium_commutatum;110;10;3;;;;Blancas con hongos;;;;
21;A;HCOM;Halimium_commutatum;111;1;4;;;;;;;;
21;A;HCOM;Halimium_commutatum;111;2;3;;;;;;;;
21;A;HCOM;Halimium_commutatum;111;3;3;;;;;;;;
21;A;HCOM;Halimium_commutatum;111;4;3;;;;;;;;
21;A;HCOM;Halimium_commutatum;111;5;3;;;;;;;;
21;A;HCOM;Halimium_commutatum;111;6;6;;;;;;;;
21;A;HCOM;Halimium_commutatum;111;7;4;;;;;;;;
21;A;HCOM;Halimium_commutatum;111;8;5;;;;;;;;
21;A;HCOM;Halimium_commutatum;111;9;5;;;;;;;;
21;A;HCOM;Halimium_commutatum;111;10;3;;;;;;;;
22;A;HCOM;Halimium_commutatum;112;1;6;;;;Tiene una especie de membrana en forma de retículo por fuera, sin terminar de formar???;;;;
22;A;HCOM;Halimium_commutatum;112;2;5;;;;Tiene una especie de membrana en forma de retículo por fuera, sin terminar de formar???;;;;
22;A;HCOM;Halimium_commutatum;112;3;5;;;;;;;;
22;A;HCOM;Halimium_commutatum;112;4;4;;;;Tiene una especie de membrana en forma de retículo por fuera, sin terminar de formar???;;;;
22;A;HCOM;Halimium_commutatum;112;5;2;;;;;;;;
22;A;HCOM;Halimium_commutatum;112;6;3;;;;;;;;
22;A;HCOM;Halimium_commutatum;112;7;2;;;;;;;;
22;A;HCOM;Halimium_commutatum;112;8;4;;;;;;;;
22;A;HCOM;Halimium_commutatum;112;9;2;;;;;;;;
22;A;HCOM;Halimium_commutatum;112;10;2;;;;;;;;
23;A;HCOM;Halimium_commutatum;113;1;2;;;;;;;;
23;A;HCOM;Halimium_commutatum;113;2;4;;;;;;;;
23;A;HCOM;Halimium_commutatum;113;3;3;;;;;;;;
23;A;HCOM;Halimium_commutatum;113;4;4;;;;;;;;
23;A;HCOM;Halimium_commutatum;113;5;6;;;;;;;;
23;A;HCOM;Halimium_commutatum;113;6;1;;;;;;;;
23;A;HCOM;Halimium_commutatum;113;7;3;;;;;;;;
23;A;HCOM;Halimium_commutatum;113;8;4;;;;;;;;
23;A;HCOM;Halimium_commutatum;113;9;3;;;;;;;;
23;A;HCOM;Halimium_commutatum;113;10;2;;;;;;;;
24;A;HCOM;Halimium_commutatum;114;1;3;;;;;;;;
24;A;HCOM;Halimium_commutatum;114;2;3;;;;;;;;
24;A;HCOM;Halimium_commutatum;114;3;3;;;;;;;;
24;A;HCOM;Halimium_commutatum;114;4;4;;;;;;;;
24;A;HCOM;Halimium_commutatum;114;5;4;;;;;;;;
24;A;HCOM;Halimium_commutatum;114;6;3;;;;;;;;
24;A;HCOM;Halimium_commutatum;114;7;4;;;;Blanquecinas hongos;;;;
24;A;HCOM;Halimium_commutatum;114;8;3;;;;;;;;
24;A;HCOM;Halimium_commutatum;114;9;3;;;;;;;;
24;A;HCOM;Halimium_commutatum;114;10;3;;;;;;;;
25;A;HCOM;Halimium_commutatum;115;1;3;;;;;;;;
25;A;HCOM;Halimium_commutatum;115;2;3;;;;;;;;
25;A;HCOM;Halimium_commutatum;115;3;3;;;;;;;;
25;A;HCOM;Halimium_commutatum;115;4;4;;;;;;;;
25;A;HCOM;Halimium_commutatum;115;5;2;;;;;;;;
25;A;HCOM;Halimium_commutatum;115;6;2;;;;;;;;
25;A;HCOM;Halimium_commutatum;115;7;4;;;;;;;;
25;A;HCOM;Halimium_commutatum;115;8;3;;;;;;;;
25;A;HCOM;Halimium_commutatum;115;9;3;;;;;;;;
25;A;HCOM;Halimium_commutatum;115;10;2;;;;;;;;
26;A;HCOM;Halimium_commutatum;116;1;3;;;;;;;;
26;A;HCOM;Halimium_commutatum;116;2;2;;;;;;;;
26;A;HCOM;Halimium_commutatum;116;3;2;;;;Blancas con hongos;;;;
26;A;HCOM;Halimium_commutatum;116;4;3;;;;Blancas con hongos;;;;
26;A;HCOM;Halimium_commutatum;116;5;4;;;;;;;;
26;A;HCOM;Halimium_commutatum;116;6;3;;;;;;;;
26;A;HCOM;Halimium_commutatum;116;7;3;;;;;;;;
26;A;HCOM;Halimium_commutatum;116;8;3;;;;;;;;
26;A;HCOM;Halimium_commutatum;116;9;3;;;;Blanquecinas;;;;
26;A;HCOM;Halimium_commutatum;116;10;2;;2;;;;;;
27;A;HCOM;Halimium_commutatum;117;1;3;;;;;;;;
27;A;HCOM;Halimium_commutatum;117;2;4;;;;Blanquecinas;;;;
27;A;HCOM;Halimium_commutatum;117;3;5;;;;;;;;
27;A;HCOM;Halimium_commutatum;117;4;4;;;;;;;;
27;A;HCOM;Halimium_commutatum;117;5;3;;;;;;;;
27;A;HCOM;Halimium_commutatum;117;6;5;;;;;;;;
27;A;HCOM;Halimium_commutatum;117;7;2;;;;;;;;
27;A;HCOM;Halimium_commutatum;117;8;3;;;;;;;;
27;A;HCOM;Halimium_commutatum;117;9;5;;;;;;;;
27;A;HCOM;Halimium_commutatum;117;10;3;;;;;;;;
28;A;HCOM;Halimium_commutatum;118;1;3;;;;;;;;
28;A;HCOM;Halimium_commutatum;118;2;3;;;;;;;;
28;A;HCOM;Halimium_commutatum;118;3;6;;;;;;;;
28;A;HCOM;Halimium_commutatum;118;4;3;;;;;;;;
28;A;HCOM;Halimium_commutatum;118;5;4;;;;;;;;
28;A;HCOM;Halimium_commutatum;118;6;6;;;;;;;;
28;A;HCOM;Halimium_commutatum;118;7;3;;;;;;;;
28;A;HCOM;Halimium_commutatum;118;8;4;;;;;;;;
28;A;HCOM;Halimium_commutatum;118;9;3;;;;;;;;
28;A;HCOM;Halimium_commutatum;118;10;2;;;;;;;;
29;A;HCOM;Halimium_commutatum;119;1;3;;;;Blancas con hongos;;;;
29;A;HCOM;Halimium_commutatum;119;2;2;;;;;;;;
29;A;HCOM;Halimium_commutatum;119;3;3;;;;;;;;
29;A;HCOM;Halimium_commutatum;119;4;1;;;;Blancas con hongos;;;;
29;A;HCOM;Halimium_commutatum;119;5;2;;;;Blancas con hongos;;;;
29;A;HCOM;Halimium_commutatum;119;6;2;;;;Blancas con hongos;;;;
29;A;HCOM;Halimium_commutatum;119;7;3;;;;Blancas con hongos;;;;
29;A;HCOM;Halimium_commutatum;119;8;1;;;;;;;;
29;A;HCOM;Halimium_commutatum;119;9;4;;;;;;;;
29;A;HCOM;Halimium_commutatum;119;10;3;;;;;;;;
30;A;HCOM;Halimium_commutatum;120;1;3;;;;;;;;
30;A;HCOM;Halimium_commutatum;120;2;3;;;;;;;;
30;A;HCOM;Halimium_commutatum;120;3;3;;;;;;;;
30;A;HCOM;Halimium_commutatum;120;4;3;;;;;;;;
30;A;HCOM;Halimium_commutatum;120;5;5;;;;Blanquecinas;;;;
30;A;HCOM;Halimium_commutatum;120;6;4;;;;;;;;
30;A;HCOM;Halimium_commutatum;120;7;3;;;;;;;;
30;A;HCOM;Halimium_commutatum;120;8;1;;;;;;;;
30;A;HCOM;Halimium_commutatum;120;9;5;;;;;;;;
30;A;HCOM;Halimium_commutatum;120;10;5;;;;Blanquecinas;;;;
31;A;ROFF;Rosmarinus_officinalis;236;;;;;;;;;;
32;A;ROFF;Rosmarinus_officinalis;237;;;;;;;;;;
33;A;ROFF;Rosmarinus_officinalis;238;;;;;;;;;;
34;A;ROFF;Rosmarinus_officinalis;239;;;;;;;;;;
35;A;ROFF;Rosmarinus_officinalis;240;;;;;;;;;;
36;A;SGEN;Stauracanthus_genistoides;241;Open;2,6;;;;;15;39;;2,6
36;A;SGEN;Stauracanthus_genistoides;241;1;1;;;;;;;;
36;A;SGEN;Stauracanthus_genistoides;241;2;3;;;;;;;;
37;A;SGEN;Stauracanthus_genistoides;242;All;3,5;;;;;14;49;;3,5
38;A;SGEN;Stauracanthus_genistoides;243;Open;2,066666667;;;;;15;31;;2,066666667
38;A;SGEN;Stauracanthus_genistoides;243;1;1;;;;;;;;
39;A;SGEN;Stauracanthus_genistoides;244;Open;1,727272727;;;;;11;19;;1,727272727
39;A;SGEN;Stauracanthus_genistoides;244;1;0;;;;;;;;
39;A;SGEN;Stauracanthus_genistoides;244;2;0;;;;;;;;
39;A;SGEN;Stauracanthus_genistoides;244;3;0;;;;;;;;
39;A;SGEN;Stauracanthus_genistoides;244;4;0;;1;;;;;;
40;A;SGEN;Stauracanthus_genistoides;245;All;3,066666667;;;;;15;46;;3,066666667
41;A;SGEN;Stauracanthus_genistoides;246;All;1,4;;;;;15;21;;1,4
42;A;SGEN;Stauracanthus_genistoides;247;Open;2,733333333;;;1;Crisálida;15;41;;2,733333333
42;A;SGEN;Stauracanthus_genistoides;247;1;0;;;;;;;;
43;A;SGEN;Stauracanthus_genistoides;248;Open;2,083333333;;;;;12;25;;2,083333333
43;A;SGEN;Stauracanthus_genistoides;248;1;1;;;;;;;;
43;A;SGEN;Stauracanthus_genistoides;248;2;0;;;;"Restos crisálida; agujerito";;;;
43;A;SGEN;Stauracanthus_genistoides;248;3;;;;;;;;;
44;A;SGEN;Stauracanthus_genistoides;249;All;2,75;;;;;16;44;;2,75
45;A;SGEN;Stauracanthus_genistoides;250;All;2,625;;;1;Crisálida;16;40;2;2,625
46;A;SGEN;Stauracanthus_genistoides;Y;Open;2,6;;;7;;15;39;;2,6
46;A;SGEN;Stauracanthus_genistoides;Y;1;0;;;;"Restos crisálida; agujerito";;;;
47;A;LPED;Lavandula_pedunculata;261;;;;;;;;;;
48;A;LPED;Lavandula_pedunculata;262;;;;;;;;;;
49;A;LPED;Lavandula_pedunculata;263;;;;;;;;;;
50;A;LPED;Lavandula_pedunculata;264;;;;;;;;;;
51;A;LPED;Lavandula_pedunculata;265;;;;;;;;;;
52;A;LPED;Lavandula_pedunculata;266;;;;;;;;;;
53;A;LPED;Lavandula_pedunculata;267;;;;;;;;;;
54;A;LPED;Lavandula_pedunculata;268;;;;;;;;;;
55;A;LPED;Lavandula_pedunculata;269;;;;;;;;;;
56;A;LPED;Lavandula_pedunculata;270;;;;;;;;;;
57;A;LPED;Lavandula_pedunculata;271;;;;;;;;;;
58;A;LPED;Lavandula_pedunculata;272;;;;;;;;;;
59;A;LPED;Lavandula_pedunculata;273;;;;;;;;;;
60;A;LPED;Lavandula_pedunculata;274;;;;;;;;;;
61;A;LPED;Lavandula_pedunculata;275;;;;;;;;;;
62;A;CLIB;Cistus_libanotis;366;;;;;;;;;;
63;A;CLIB;Cistus_libanotis;367;;;;;;;;;;
64;A;CLIB;Cistus_libanotis;368;;;;;;;;;;
65;A;CLIB;Cistus_libanotis;369;;;;;;;;;;
66;A;CLIB;Cistus_libanotis;370;;;;;;;;;;
67;A;CLIB;Cistus_libanotis;371;;;;;;;;;;
68;A;CLIB;Cistus_libanotis;372;;;;;;;;;;
69;A;CLIB;Cistus_libanotis;373;;;;;;;;;;
70;A;CLIB;Cistus_libanotis;374;;;;;;;;;;
71;A;CLIB;Cistus_libanotis;375;;;;;;;;;;
72;A;CLIB;Cistus_libanotis;376;;;;;;;;;;
73;A;CLIB;Cistus_libanotis;377;;;;;;;;;;
74;A;CLIB;Cistus_libanotis;378;;;;;;;;;;
75;A;CLIB;Cistus_libanotis;379;;;;;;;;;;
76;A;CLIB;Cistus_libanotis;380;;;;;;;;;;
77;A;HHAL;Halimium_halimifolium;471;;;;;;;;;;
78;A;HHAL;Halimium_halimifolium;472;;;;;;;;;;
79;A;HHAL;Halimium_halimifolium;473;;;;;;;;;;
80;A;HHAL;Halimium_halimifolium;474;;;;;;;;;;
81;A;HHAL;Halimium_halimifolium;475;1;36;0,0032;;;Verde;;;;
81;A;HHAL;Halimium_halimifolium;475;2;23;0,0036;;;;;;;
81;A;HHAL;Halimium_halimifolium;475;3;19;;;;Dejamos de pesar;;;;
81;A;HHAL;Halimium_halimifolium;475;4;21;;;;;;;;
81;A;HHAL;Halimium_halimifolium;475;5;23;;;;;;;;
81;A;HHAL;Halimium_halimifolium;475;6;21;;;;;;;;
81;A;HHAL;Halimium_halimifolium;475;7;30;;;;;;;;
81;A;HHAL;Halimium_halimifolium;475;8;18;;;;;;;;
81;A;HHAL;Halimium_halimifolium;475;9;21;;;;;;;;
81;A;HHAL;Halimium_halimifolium;475;10;19;;;;;;;;
82;A;HHAL;Halimium_halimifolium;476;;;;;;;;;;
83;A;HHAL;Halimium_halimifolium;477;;;;;;;;;;
84;A;HHAL;Halimium_halimifolium;478;;;;;;;;;;
85;A;HHAL;Halimium_halimifolium;479;;;;;;;;;;
86;A;HHAL;Halimium_halimifolium;480;;;;;;;;;;
87;A;HHAL;Halimium_halimifolium;481;;;;;;;;;;
88;A;HHAL;Halimium_halimifolium;482;;;;;;;;;;
89;A;HHAL;Halimium_halimifolium;483;;;;;;;;;;
90;A;HHAL;Halimium_halimifolium;484;;;;;;;;;;
91;A;HHAL;Halimium_halimifolium;485;;;;;;;;;;
92;A;TMAS;Thymus_mastichina;566;;;;;;;;;;
93;A;TMAS;Thymus_mastichina;567;;;;;;;;;;
94;A;TMAS;Thymus_mastichina;568;;;;;;;;;;
95;A;TMAS;Thymus_mastichina;569;;;;;;;;;;
96;A;TMAS;Thymus_mastichina;570;;;;;;;;;;
97;A;TMAS;Thymus_mastichina;571;;;;;;;;;;
98;A;TMAS;Thymus_mastichina;572;;;;;;;;;;
99;A;TMAS;Thymus_mastichina;573;;;;;;;;;;
100;A;TMAS;Thymus_mastichina;574;;;;;;;;;;
101;A;TMAS;Thymus_mastichina;575;;;;;;;;;;
102;A;TMAS;Thymus_mastichina;572_1;;;;;;;;;;
103;A;HPIC;Helichrysum_picardii;676;;;;;;;;;;
104;A;HPIC;Helichrysum_picardii;677;;;;;;;;;;
105;A;HPIC;Helichrysum_picardii;678;;;;;;;;;;
106;A;HPIC;Helichrysum_picardii;679;;;;;;;;;;
107;A;HPIC;Helichrysum_picardii;680;;;;;;;;;;
108;A;HPIC;Helichrysum_picardii;681;;;;;;;;;;
109;A;HPIC;Helichrysum_picardii;682;;;;;;;;;;
110;A;HPIC;Helichrysum_picardii;683;;;;;;;;;;
111;A;HPIC;Helichrysum_picardii;684;;;;;;;;;;
112;A;HPIC;Helichrysum_picardii;685;;;;;;;;;;
113;B;ROFF;Rosmarinus_officinalis;16;;;;;;;;;;
114;B;ROFF;Rosmarinus_officinalis;17;;;;;;;;;;
115;B;ROFF;Rosmarinus_officinalis;18;;;;;;;;;;
116;B;ROFF;Rosmarinus_officinalis;19;;;;;;;;;;
117;B;ROFF;Rosmarinus_officinalis;20;;;;;;;;;;
118;B;ROFF;Rosmarinus_officinalis;21;;;;;;;;;;
119;B;ROFF;Rosmarinus_officinalis;22;;;;;;;;;;
120;B;ROFF;Rosmarinus_officinalis;23;;;;;;;;;;
121;B;ROFF;Rosmarinus_officinalis;24;;;;;;;;;;
122;B;ROFF;Rosmarinus_officinalis;25;;;;;;;;;;
123;B;ROFF;Rosmarinus_officinalis;26;;;;;;;;;;
124;B;ROFF;Rosmarinus_officinalis;27;;;;;;;;;;
125;B;ROFF;Rosmarinus_officinalis;28;;;;;;;;;;
126;B;ROFF;Rosmarinus_officinalis;29;;;;;;;;;;
127;B;ROFF;Rosmarinus_officinalis;30;;;;;;;;;;
128;B;HCOM;Halimium_commutatum;121;1;4;;;;;;;;
128;B;HCOM;Halimium_commutatum;121;2;3;;;;;;;;
128;B;HCOM;Halimium_commutatum;121;3;3;;;;;;;;
128;B;HCOM;Halimium_commutatum;121;4;3;;;;;;;;
128;B;HCOM;Halimium_commutatum;121;5;4;;;;;;;;
128;B;HCOM;Halimium_commutatum;121;6;3;;;;;;;;
128;B;HCOM;Halimium_commutatum;121;7;2;;;;;;;;
128;B;HCOM;Halimium_commutatum;121;8;3;;;;;;;;
128;B;HCOM;Halimium_commutatum;121;9;3;;;;;;;;
128;B;HCOM;Halimium_commutatum;121;10;3;;;;;;;;
129;B;HCOM;Halimium_commutatum;122;1;3;;;;;;;;
129;B;HCOM;Halimium_commutatum;122;2;3;;;;;;;;
129;B;HCOM;Halimium_commutatum;122;3;3;;;;;;;;
129;B;HCOM;Halimium_commutatum;122;4;2;;;;;;;;
129;B;HCOM;Halimium_commutatum;122;5;3;;;;;;;;
129;B;HCOM;Halimium_commutatum;122;6;3;;;;;;;;
129;B;HCOM;Halimium_commutatum;122;7;3;;;;;;;;
129;B;HCOM;Halimium_commutatum;122;8;3;;;;Blancas con hongos;;;;
129;B;HCOM;Halimium_commutatum;122;9;4;;;;;;;;
129;B;HCOM;Halimium_commutatum;122;10;1;;;;;;;;
130;B;HCOM;Halimium_commutatum;123;1;3;;;;;;;;
130;B;HCOM;Halimium_commutatum;123;2;1;;;;;;;;
130;B;HCOM;Halimium_commutatum;123;3;2;;;;;;;;
130;B;HCOM;Halimium_commutatum;123;4;1;;;;;;;;
130;B;HCOM;Halimium_commutatum;123;5;3;;;;;;;;
130;B;HCOM;Halimium_commutatum;123;6;3;;;;;;;;
130;B;HCOM;Halimium_commutatum;123;7;2;;;;;;;;
130;B;HCOM;Halimium_commutatum;123;8;3;;;;;;;;
130;B;HCOM;Halimium_commutatum;123;9;3;;;;;;;;
130;B;HCOM;Halimium_commutatum;123;10;2;;;;;;;;
131;B;HCOM;Halimium_commutatum;124;1;1;;;;;;;;
131;B;HCOM;Halimium_commutatum;124;2;2;;;;;;;;
131;B;HCOM;Halimium_commutatum;124;3;2;;;;;;;;
131;B;HCOM;Halimium_commutatum;124;4;2;;;;;;;;
131;B;HCOM;Halimium_commutatum;124;5;1;;;;;;;;
131;B;HCOM;Halimium_commutatum;124;6;2;;;;;;;;
131;B;HCOM;Halimium_commutatum;124;7;2;;;;;;;;
131;B;HCOM;Halimium_commutatum;124;8;2;;;;;;;;
131;B;HCOM;Halimium_commutatum;124;9;2;;;;;;;;
131;B;HCOM;Halimium_commutatum;124;10;3;;;;;;;;
132;B;HCOM;Halimium_commutatum;125;1;1;;;;;;;;
132;B;HCOM;Halimium_commutatum;125;2;2;;;;;;;;
132;B;HCOM;Halimium_commutatum;125;3;3;;;;;;;;
132;B;HCOM;Halimium_commutatum;125;4;2;;;;;;;;
132;B;HCOM;Halimium_commutatum;125;5;3;;;;;;;;
132;B;HCOM;Halimium_commutatum;125;6;3;;;;;;;;
132;B;HCOM;Halimium_commutatum;125;7;2;;;;;;;;
132;B;HCOM;Halimium_commutatum;125;8;3;;;;;;;;
132;B;HCOM;Halimium_commutatum;125;9;3;;;;;;;;
132;B;HCOM;Halimium_commutatum;125;10;2;;;;;;;;
133;B;HCOM;Halimium_commutatum;126;1;2;;;;;;;;
133;B;HCOM;Halimium_commutatum;126;2;2;;;;;;;;
133;B;HCOM;Halimium_commutatum;126;3;2;;;;;;;;
133;B;HCOM;Halimium_commutatum;126;4;2;;;;;;;;
133;B;HCOM;Halimium_commutatum;126;5;1;;;;;;;;
133;B;HCOM;Halimium_commutatum;126;6;2;;;;;;;;
133;B;HCOM;Halimium_commutatum;126;7;3;;;;;;;;
133;B;HCOM;Halimium_commutatum;126;8;2;;;;;;;;
133;B;HCOM;Halimium_commutatum;126;9;2;;;;;;;;
133;B;HCOM;Halimium_commutatum;126;10;2;;;;;;;;
134;B;HCOM;Halimium_commutatum;127;1;3;;;;;;;;
134;B;HCOM;Halimium_commutatum;127;2;5;;;;;;;;
134;B;HCOM;Halimium_commutatum;127;3;3;;;;;;;;
134;B;HCOM;Halimium_commutatum;127;4;5;;;;;;;;
134;B;HCOM;Halimium_commutatum;127;5;4;;;;;;;;
134;B;HCOM;Halimium_commutatum;127;6;5;;;;;;;;
134;B;HCOM;Halimium_commutatum;127;7;2;;;;;;;;
134;B;HCOM;Halimium_commutatum;127;8;5;;;;;;;;
134;B;HCOM;Halimium_commutatum;127;9;0;;;1;Larva muerta;;;;
134;B;HCOM;Halimium_commutatum;127;10;3;;;;;;;;
135;B;HCOM;Halimium_commutatum;128;1;3;;;;;;;;
135;B;HCOM;Halimium_commutatum;128;2;3;;;;;;;;
135;B;HCOM;Halimium_commutatum;128;3;4;;;;;;;;
135;B;HCOM;Halimium_commutatum;128;4;4;;;;;;;;
135;B;HCOM;Halimium_commutatum;128;5;3;;;;;;;;
135;B;HCOM;Halimium_commutatum;128;6;1;;1;1;Larva;;;;
135;B;HCOM;Halimium_commutatum;128;7;1;;;;;;;;
135;B;HCOM;Halimium_commutatum;128;8;4;;;;;;;;
135;B;HCOM;Halimium_commutatum;128;9;2;;;;;;;;
135;B;HCOM;Halimium_commutatum;128;10;2;;;;Blanquecinas;;;;
136;B;HCOM;Halimium_commutatum;129;1;3;;;;;;;;
136;B;HCOM;Halimium_commutatum;129;2;1;;;;;;;;
136;B;HCOM;Halimium_commutatum;129;3;3;;;;;;;;
136;B;HCOM;Halimium_commutatum;129;4;2;;;;;;;;
136;B;HCOM;Halimium_commutatum;129;5;4;;;;;;;;
136;B;HCOM;Halimium_commutatum;129;6;3;;;;;;;;
136;B;HCOM;Halimium_commutatum;129;7;3;;;;;;;;
136;B;HCOM;Halimium_commutatum;129;8;2;;;;;;;;
136;B;HCOM;Halimium_commutatum;129;9;4;;;;;;;;
136;B;HCOM;Halimium_commutatum;129;10;3;;;;;;;;
137;B;HCOM;Halimium_commutatum;130;1;4;;;;;;;;
137;B;HCOM;Halimium_commutatum;130;2;2;;;;;;;;
137;B;HCOM;Halimium_commutatum;130;3;5;;;;;;;;
137;B;HCOM;Halimium_commutatum;130;4;6;;;;;;;;
137;B;HCOM;Halimium_commutatum;130;5;3;;;;;;;;
137;B;HCOM;Halimium_commutatum;130;6;3;;;;;;;;
137;B;HCOM;Halimium_commutatum;130;7;3;;;;;;;;
137;B;HCOM;Halimium_commutatum;130;8;4;;;;;;;;
137;B;HCOM;Halimium_commutatum;130;9;2;;;;;;;;
137;B;HCOM;Halimium_commutatum;130;10;4;;;;;;;;
138;B;HCOM;Halimium_commutatum;131;1;2;;;;Fruto abierto pero parece que no se han caído semillas;;;;
138;B;HCOM;Halimium_commutatum;131;2;1;;;;Fruto abierto pero parece que no se han caído semillas;;;;
138;B;HCOM;Halimium_commutatum;131;3;2;;;;;;;;
138;B;HCOM;Halimium_commutatum;131;4;1;;;;;;;;
138;B;HCOM;Halimium_commutatum;131;5;1;;;;;;;;
138;B;HCOM;Halimium_commutatum;131;6;1;;;;;;;;
138;B;HCOM;Halimium_commutatum;131;7;1;;;;;;;;
138;B;HCOM;Halimium_commutatum;131;8;1;;;;;;;;
138;B;HCOM;Halimium_commutatum;131;9;3;;;;;;;;
139;B;HCOM;Halimium_commutatum;132;1;3;;;;;;;;
139;B;HCOM;Halimium_commutatum;132;2;3;;;;;;;;
139;B;HCOM;Halimium_commutatum;132;3;3;;;;;;;;
139;B;HCOM;Halimium_commutatum;132;4;4;;;;;;;;
139;B;HCOM;Halimium_commutatum;132;5;3;;;;;;;;
139;B;HCOM;Halimium_commutatum;132;6;3;;;;;;;;
139;B;HCOM;Halimium_commutatum;132;7;3;;;;;;;;
139;B;HCOM;Halimium_commutatum;132;8;1;;;;;;;;
139;B;HCOM;Halimium_commutatum;132;9;3;;;;;;;;
139;B;HCOM;Halimium_commutatum;132;10;2;;;;;;;;
140;B;HCOM;Halimium_commutatum;133;1;3;;;;;;;;
140;B;HCOM;Halimium_commutatum;133;2;3;;;;Poco turgentes;;;;
140;B;HCOM;Halimium_commutatum;133;3;3;;;;;;;;
140;B;HCOM;Halimium_commutatum;133;4;1;;;;;;;;
140;B;HCOM;Halimium_commutatum;133;5;2;;;;;;;;
140;B;HCOM;Halimium_commutatum;133;6;2;;;;;;;;
140;B;HCOM;Halimium_commutatum;133;7;2;;;;;;;;
140;B;HCOM;Halimium_commutatum;133;8;2;;;;;;;;
140;B;HCOM;Halimium_commutatum;133;9;4;;;;;;;;
140;B;HCOM;Halimium_commutatum;133;10;3;;;;;;;;
141;B;HCOM;Halimium_commutatum;134;1;2;;;;;;;;
141;B;HCOM;Halimium_commutatum;134;2;3;;;;;;;;
141;B;HCOM;Halimium_commutatum;134;3;2;;;;;;;;
141;B;HCOM;Halimium_commutatum;134;4;6;;;;Mal aspecto;;;;
141;B;HCOM;Halimium_commutatum;134;5;2;;;;;;;;
141;B;HCOM;Halimium_commutatum;134;6;2;;;;;;;;
141;B;HCOM;Halimium_commutatum;134;7;4;;;;;;;;
141;B;HCOM;Halimium_commutatum;134;8;1;;;;;;;;
141;B;HCOM;Halimium_commutatum;134;9;2;;;;;;;;
141;B;HCOM;Halimium_commutatum;134;10;3;;;;;;;;
142;B;HCOM;Halimium_commutatum;135;1;3;;;;;;;;
142;B;HCOM;Halimium_commutatum;135;2;3;;;;;;;;
142;B;HCOM;Halimium_commutatum;135;3;3;;;;;;;;
142;B;HCOM;Halimium_commutatum;135;4;3;;;;;;;;
142;B;HCOM;Halimium_commutatum;135;5;6;;;;;;;;
142;B;HCOM;Halimium_commutatum;135;6;3;;;;;;;;
142;B;HCOM;Halimium_commutatum;135;7;3;;;;;;;;
142;B;HCOM;Halimium_commutatum;135;8;2;;;;;;;;
142;B;HCOM;Halimium_commutatum;135;9;4;;;;;;;;
142;B;HCOM;Halimium_commutatum;135;10;2;;;;;;;;
143;B;SGEN;Stauracanthus_genistoides;226;Open;3,222222222;;;;;9;29;;3,222222222
143;B;SGEN;Stauracanthus_genistoides;226;1;0;;;;;;;;
143;B;SGEN;Stauracanthus_genistoides;226;2;0;;;;;;;;
143;B;SGEN;Stauracanthus_genistoides;226;3;0;;;;;;;;
143;B;SGEN;Stauracanthus_genistoides;226;4;0;;;;;;;;
143;B;SGEN;Stauracanthus_genistoides;226;5;0;;;;;;;;
144;B;SGEN;Stauracanthus_genistoides;227;Open;2,846153846;;;;;13;37;;2,846153846
144;B;SGEN;Stauracanthus_genistoides;227;1;2;;;;;;;;
144;B;SGEN;Stauracanthus_genistoides;227;2;0;;;;;;;;
144;B;SGEN;Stauracanthus_genistoides;227;3;0;;;;;;;;
145;B;SGEN;Stauracanthus_genistoides;228;Open;1,692307692;;;;;13;22;;1,692307692
145;B;SGEN;Stauracanthus_genistoides;228;1;0;;;;;;;;
146;B;SGEN;Stauracanthus_genistoides;229;Open;3,4;;;;;15;51;;3,4
146;B;SGEN;Stauracanthus_genistoides;229;1;2;;;;;;;;
147;B;SGEN;Stauracanthus_genistoides;230;Open;2,181818182;;;;;11;24;;2,181818182
147;B;SGEN;Stauracanthus_genistoides;230;1;0;;;;;;;;
147;B;SGEN;Stauracanthus_genistoides;230;2;0;;;;;;;;
147;B;SGEN;Stauracanthus_genistoides;230;3;0;;;;;;;;
147;B;SGEN;Stauracanthus_genistoides;230;4;0;;;;Agujeros;;;;
148;B;SGEN;Stauracanthus_genistoides;231;Open;1,125;;;3;;8;9;;1,125
148;B;SGEN;Stauracanthus_genistoides;231;1;0;;;;;;;;
148;B;SGEN;Stauracanthus_genistoides;231;2;0;;;;;;;;
149;B;SGEN;Stauracanthus_genistoides;232;All;1,375;;;;;16;22;;1,375
150;B;SGEN;Stauracanthus_genistoides;233;1;3;;;1;Avispita;;;;
150;B;SGEN;Stauracanthus_genistoides;233;2;1;;;;;;;;
150;B;SGEN;Stauracanthus_genistoides;233;3;0;;;;;;;;
150;B;SGEN;Stauracanthus_genistoides;233;4;0;;;;Restos crisálida;;;;
150;B;SGEN;Stauracanthus_genistoides;233;5;0;;;;;;;;
150;B;SGEN;Stauracanthus_genistoides;233;6;0;;;;Agujerito;;;;
150;B;SGEN;Stauracanthus_genistoides;233;7;0;;;;Agujerito;;;;
150;B;SGEN;Stauracanthus_genistoides;233;8;0;;;;;;;;
150;B;SGEN;Stauracanthus_genistoides;233;9;0;;;;;;;;
150;B;SGEN;Stauracanthus_genistoides;233;10;0;;;;;;;;
151;B;SGEN;Stauracanthus_genistoides;234;Open;;;;;;11;13;;1,181818182
151;B;SGEN;Stauracanthus_genistoides;234;1;1;;;;;;;;
151;B;SGEN;Stauracanthus_genistoides;234;2;1;;;;;;;;
151;B;SGEN;Stauracanthus_genistoides;234;3;0;;;;;;;;
151;B;SGEN;Stauracanthus_genistoides;234;4;0;;;;;;;;
152;B;SGEN;Stauracanthus_genistoides;235;Open;1,923076923;;;;;13;25;;1,923076923
152;B;SGEN;Stauracanthus_genistoides;235;1;0;;;;;;;;
153;B;LPED;Lavandula_pedunculata;276;;;;;;;;;;
154;B;LPED;Lavandula_pedunculata;277;;;;;;;;;;
155;B;LPED;Lavandula_pedunculata;278;;;;;;;;;;
156;B;LPED;Lavandula_pedunculata;279;;;;;;;;;;
157;B;LPED;Lavandula_pedunculata;280;;;;;;;;;;
158;B;LPED;Lavandula_pedunculata;281;;;;;;;;;;
159;B;LPED;Lavandula_pedunculata;282;;;;;;;;;;
160;B;LPED;Lavandula_pedunculata;283;;;;;;;;;;
161;B;LPED;Lavandula_pedunculata;284;;;;;;;;;;
162;B;LPED;Lavandula_pedunculata;285;;;;;;;;;;
163;B;LPED;Lavandula_pedunculata;286;;;;;;;;;;
164;B;LPED;Lavandula_pedunculata;287;;;;;;;;;;
165;B;LPED;Lavandula_pedunculata;288;;;;;;;;;;
166;B;LPED;Lavandula_pedunculata;289;;;;;;;;;;
167;B;LPED;Lavandula_pedunculata;290;;;;;;;;;;
168;B;CLIB;Cistus_libanotis;381;;;;;;;;;;
169;B;CLIB;Cistus_libanotis;382;;;;;;;;;;
170;B;CLIB;Cistus_libanotis;383;;;;;;;;;;
171;B;CLIB;Cistus_libanotis;384;;;;;;;;;;
172;B;CLIB;Cistus_libanotis;385;;;;;;;;;;
173;B;CLIB;Cistus_libanotis;386;;;;;;;;;;
174;B;CLIB;Cistus_libanotis;387;;;;;;;;;;
175;B;CLIB;Cistus_libanotis;388;;;;;;;;;;
176;B;CLIB;Cistus_libanotis;389;;;;;;;;;;
177;B;CLIB;Cistus_libanotis;390;;;;;;;;;;
178;B;CLIB;Cistus_libanotis;391;;;;;;;;;;
179;B;CLIB;Cistus_libanotis;392;;;;;;;;;;
180;B;CLIB;Cistus_libanotis;393;;;;;;;;;;
181;B;CLIB;Cistus_libanotis;394;;;;;;;;;;
182;B;CSAL;Cistus_salviifolius;Z;1;19;;;;;;;;
182;B;CSAL;Cistus_salviifolius;Z;2;23;;;;;;;;
182;B;CSAL;Cistus_salviifolius;Z;3;22;;;;;;;;
182;B;CSAL;Cistus_salviifolius;Z;4;11;;;;;;;;
182;B;CSAL;Cistus_salviifolius;Z;5;15;;;;;;;;
182;B;CSAL;Cistus_salviifolius;Z;6;43;;;;;;;;
182;B;CSAL;Cistus_salviifolius;Z;7;40;;;;;;;;
182;B;CSAL;Cistus_salviifolius;Z;8;5;;;;;;;;
182;B;CSAL;Cistus_salviifolius;Z;9;7;;;;;;;;
182;B;CSAL;Cistus_salviifolius;Z;10;32;;;;;;;;
183;B;CLIB;Cistus_libanotis;395;;;;;;;;;;
184;B;HHAL;Halimium_halimifolium;486;;;;;;;;;;
185;B;HHAL;Halimium_halimifolium;487;;;;;;;;;;
186;B;HHAL;Halimium_halimifolium;488;;;;;;;;;;
187;B;HHAL;Halimium_halimifolium;489;;;;;;;;;;
188;B;HHAL;Halimium_halimifolium;490;;;;;;;;;;
189;B;HHAL;Halimium_halimifolium;491;;;;;;;;;;
190;B;HHAL;Halimium_halimifolium;492;1;48;0,0146;0,000304167;;;6;;0,0031;0,000516667
190;B;HHAL;Halimium_halimifolium;492;2;47;0,0107;0,00022766;;Medio verdes;29;;0,0117;0,000403448
190;B;HHAL;Halimium_halimifolium;492;3;39;0,0045;0,000115385;;Medio verdes;44;;0,0168;0,000381818
190;B;HHAL;Halimium_halimifolium;492;4;42;0,0035;8,33E-05;;Medio verdes;;;;
190;B;HHAL;Halimium_halimifolium;492;5;41;0,0062;0,00015122;;Medio verdes;;;;
190;B;HHAL;Halimium_halimifolium;492;6;49;0,0052;0,000106122;;Medio verdes;;;;
190;B;HHAL;Halimium_halimifolium;492;7;28;0,0044;0,000157143;;Medio verdes;;;;
190;B;HHAL;Halimium_halimifolium;492;8;36;0,0036;0,0001;;Verde;;;;
190;B;HHAL;Halimium_halimifolium;492;9;21;0,0034;0,000161905;;Verde;;;;
190;B;HHAL;Halimium_halimifolium;492;10;27;0,0088;0,000325926;;;;;;
190;B;HHAL;Halimium_halimifolium;492;;;;0,000173286;;;;;;0,000433978
191;B;HHAL;Halimium_halimifolium;493;;;;;;;;;;
192;B;HHAL;Halimium_halimifolium;494;;;;;;;;;;
193;B;HHAL;Halimium_halimifolium;495;;;;;;;;;;
194;B;HHAL;Halimium_halimifolium;496;;;;;;;;;;
195;B;HHAL;Halimium_halimifolium;497;;;;;;;;;;
196;B;HHAL;Halimium_halimifolium;498;;;;;;;;;;
197;B;HHAL;Halimium_halimifolium;499;;;;;;;;;;
198;B;HHAL;Halimium_halimifolium;500;1;22;0,01;;;;;;;
198;B;HHAL;Halimium_halimifolium;500;2;17;0,0085;;;;;;;
198;B;HHAL;Halimium_halimifolium;500;3;32;0,142;;;;;;;
198;B;HHAL;Halimium_halimifolium;500;4;34;0,0144;;;;;;;
198;B;HHAL;Halimium_halimifolium;500;5;27;0,0126;;;;;;;
198;B;HHAL;Halimium_halimifolium;500;6;14;0,0116;;;;;;;
198;B;HHAL;Halimium_halimifolium;500;7;7;0,0037;;;;;;;
198;B;HHAL;Halimium_halimifolium;500;8;19;0,0128;;;;;;;
198;B;HHAL;Halimium_halimifolium;500;9;14;0,0073;;;;;;;
198;B;HHAL;Halimium_halimifolium;500;10;42;0,0174;;;;;;;
199;B;TMAS;Thymus_mastichina;576;;;;;;;;;;
200;B;TMAS;Thymus_mastichina;577;;;;;;;;;;
201;B;TMAS;Thymus_mastichina;578;;;;;;;;;;
202;B;TMAS;Thymus_mastichina;579;;;;;;;;;;
203;B;TMAS;Thymus_mastichina;580;;;;;;;;;;
204;B;TMAS;Thymus_mastichina;581;;;;;;;;;;
205;B;TMAS;Thymus_mastichina;582;;;;;;;;;;
206;B;TMAS;Thymus_mastichina;583;;;;;;;;;;
207;B;TMAS;Thymus_mastichina;584;;;;;;;;;;
208;B;TMAS;Thymus_mastichina;585;;;;;;;;;;
209;B;HPIC;Helichrysum_picardii;626;;;;;;;;;;
210;B;HPIC;Helichrysum_picardii;627;;;;;;;;;;
211;B;HPIC;Helichrysum_picardii;628;;;;;;;;;;
212;B;HPIC;Helichrysum_picardii;629;;;;;;;;;;
213;B;HPIC;Helichrysum_picardii;630;;;;;;;;;;
214;B;HPIC;Helichrysum_picardii;631;;;;;;;;;;
215;B;HPIC;Helichrysum_picardii;632;;;;;;;;;;
216;B;HPIC;Helichrysum_picardii;633;;;;;;;;;;
217;B;HPIC;Helichrysum_picardii;634;;;;;;;;;;
218;B;HPIC;Helichrysum_picardii;635;;;;;;;;;;
219;B;HPIC;Helichrysum_picardii;636;;;;;;;;;;
220;B;HPIC;Helichrysum_picardii;637;;;;;;;;;;
221;B;HPIC;Helichrysum_picardii;638;;;;;;;;;;
222;B;HPIC;Helichrysum_picardii;639;;;;;;;;;;
223;B;HPIC;Helichrysum_picardii;640;;;;;;;;;;
224;B;HPIC;Helichrysum_picardii;688;;;;;;;;;;
225;B;HPIC;Helichrysum_picardii;689;;;;;;;;;;
226;B;HPIC;Helichrysum_picardii;690;;;;;;;;;;
227;B;HPIC;Helichrysum_picardii;691;;;;;;;;;;
228;B;HPIC;Helichrysum_picardii;692;;;;;;;;;;
229;C;ROFF;Rosmarinus_officinalis;31;;;;;;;;;;
230;C;ROFF;Rosmarinus_officinalis;32;;;;;;;;;;
231;C;ROFF;Rosmarinus_officinalis;33;;;;;;;;;;
232;C;ROFF;Rosmarinus_officinalis;34;;;;;;;;;;
233;C;ROFF;Rosmarinus_officinalis;35;;;;;;;;;;
234;C;ROFF;Rosmarinus_officinalis;36;;;;;;;;;;
235;C;ROFF;Rosmarinus_officinalis;37;;;;;;;;;;
236;C;ROFF;Rosmarinus_officinalis;38;;;;;;;;;;
237;C;ROFF;Rosmarinus_officinalis;39;;;;;;;;;;
238;C;ROFF;Rosmarinus_officinalis;40;;;;;;;;;;
239;C;ROFF;Rosmarinus_officinalis;41;;;;;;;;;;
240;C;ROFF;Rosmarinus_officinalis;42;;;;;;;;;;
241;C;ROFF;Rosmarinus_officinalis;43;;;;;;;;;;
242;C;ROFF;Rosmarinus_officinalis;44;;;;;;;;;;
243;C;ROFF;Rosmarinus_officinalis;45;;;;;;;;;;
244;C;HCOM;Halimium_commutatum;136;1;3;;;;;;;;
244;C;HCOM;Halimium_commutatum;136;2;2;;;;;;;;
244;C;HCOM;Halimium_commutatum;136;3;3;;;;;;;;
244;C;HCOM;Halimium_commutatum;136;4;3;;;;;;;;
244;C;HCOM;Halimium_commutatum;136;5;3;;;;;;;;
244;C;HCOM;Halimium_commutatum;136;6;3;;;;;;;;
244;C;HCOM;Halimium_commutatum;136;7;3;;;;;;;;
244;C;HCOM;Halimium_commutatum;136;8;3;;;;;;;;
244;C;HCOM;Halimium_commutatum;136;9;3;;;;;;;;
244;C;HCOM;Halimium_commutatum;136;10;2;;;;;;;;
245;C;HCOM;Halimium_commutatum;137;1;2;;;;;;;;
245;C;HCOM;Halimium_commutatum;137;2;3;;;;;;;;
245;C;HCOM;Halimium_commutatum;137;3;3;;;;;;;;
245;C;HCOM;Halimium_commutatum;137;4;3;;;;;;;;
245;C;HCOM;Halimium_commutatum;137;5;2;;;;;;;;
245;C;HCOM;Halimium_commutatum;137;6;3;;;;;;;;
245;C;HCOM;Halimium_commutatum;137;7;3;;;;;;;;
245;C;HCOM;Halimium_commutatum;137;8;2;;;;;;;;
245;C;HCOM;Halimium_commutatum;137;9;3;;;;;;;;
245;C;HCOM;Halimium_commutatum;137;10;2;;;;;;;;
246;C;HCOM;Halimium_commutatum;138;1;3;;;;;;;;
246;C;HCOM;Halimium_commutatum;138;2;2;;;;;;;;
246;C;HCOM;Halimium_commutatum;138;3;3;;;;;;;;
246;C;HCOM;Halimium_commutatum;138;4;2;;;;;;;;
246;C;HCOM;Halimium_commutatum;138;5;2;;;;;;;;
246;C;HCOM;Halimium_commutatum;138;6;3;;;;;;;;
246;C;HCOM;Halimium_commutatum;138;7;1;;;;;;;;
246;C;HCOM;Halimium_commutatum;138;8;1;;;;;;;;
246;C;HCOM;Halimium_commutatum;138;9;3;;;;;;;;
246;C;HCOM;Halimium_commutatum;138;10;3;;;;;;;;
247;C;HCOM;Halimium_commutatum;139;1;3;;;;;;;;
247;C;HCOM;Halimium_commutatum;139;2;4;;;;;;;;
247;C;HCOM;Halimium_commutatum;139;3;2;;;;;;;;
247;C;HCOM;Halimium_commutatum;139;4;4;;;;;;;;
247;C;HCOM;Halimium_commutatum;139;5;2;;;;;;;;
247;C;HCOM;Halimium_commutatum;139;6;2;;;;;;;;
247;C;HCOM;Halimium_commutatum;139;7;3;;;;;;;;
247;C;HCOM;Halimium_commutatum;139;8;4;;;;;;;;
247;C;HCOM;Halimium_commutatum;139;9;3;;;;;;;;
247;C;HCOM;Halimium_commutatum;139;10;2;;;;;;;;
248;C;HCOM;Halimium_commutatum;140;1;2;;;;;;;;
248;C;HCOM;Halimium_commutatum;140;2;2;;;;;;;;
248;C;HCOM;Halimium_commutatum;140;3;1;;;;;;;;
249;C;HCOM;Halimium_commutatum;141;1;3;;;;;;;;
249;C;HCOM;Halimium_commutatum;141;2;3;;;;;;;;
249;C;HCOM;Halimium_commutatum;141;3;3;;;;;;;;
249;C;HCOM;Halimium_commutatum;141;4;2;;;;;;;;
249;C;HCOM;Halimium_commutatum;141;5;1;;;;;;;;
249;C;HCOM;Halimium_commutatum;141;6;3;;;;;;;;
249;C;HCOM;Halimium_commutatum;141;7;2;;;;;;;;
249;C;HCOM;Halimium_commutatum;141;8;3;;;;;;;;
249;C;HCOM;Halimium_commutatum;141;9;2;;;;;;;;
249;C;HCOM;Halimium_commutatum;141;10;0;;;;;;;;
250;C;HCOM;Halimium_commutatum;142;1;3;;;;;;;;
249;C;HCOM;Halimium_commutatum;141;2;3;;;;;;;;
249;C;HCOM;Halimium_commutatum;141;3;3;;;;;;;;
249;C;HCOM;Halimium_commutatum;141;4;3;;;;;;;;
249;C;HCOM;Halimium_commutatum;141;5;1;;;;;;;;
249;C;HCOM;Halimium_commutatum;141;6;2;;;;;;;;
249;C;HCOM;Halimium_commutatum;141;7;1;;;;;;;;
249;C;HCOM;Halimium_commutatum;141;8;2;;;;;;;;
249;C;HCOM;Halimium_commutatum;141;9;1;;;;;;;;
249;C;HCOM;Halimium_commutatum;141;10;2;;;;;;;;
251;C;HCOM;Halimium_commutatum;143;1;2;;;;Verdes;;;;
251;C;HCOM;Halimium_commutatum;143;2;3;;;;Verdes;;;;
251;C;HCOM;Halimium_commutatum;143;3;3;;;;Verdes;;;;
251;C;HCOM;Halimium_commutatum;143;4;3;;;;;;;;
251;C;HCOM;Halimium_commutatum;143;5;3;;;;;;;;
251;C;HCOM;Halimium_commutatum;143;6;2;;;;;;;;
251;C;HCOM;Halimium_commutatum;143;7;4;;;;;;;;
251;C;HCOM;Halimium_commutatum;143;8;3;;;;;;;;
251;C;HCOM;Halimium_commutatum;143;9;3;;;;Verdes;;;;
251;C;HCOM;Halimium_commutatum;143;10;3;;;;;;;;
252;C;HCOM;Halimium_commutatum;144;1;3;;;;;;;;
252;C;HCOM;Halimium_commutatum;144;2;2;;;;;;;;
252;C;HCOM;Halimium_commutatum;144;3;2;;;;;;;;
252;C;HCOM;Halimium_commutatum;144;4;1;;;;;;;;
252;C;HCOM;Halimium_commutatum;144;5;2;;;;;;;;
252;C;HCOM;Halimium_commutatum;144;6;3;;;;;;;;
252;C;HCOM;Halimium_commutatum;144;7;1;;;;;;;;
252;C;HCOM;Halimium_commutatum;144;8;3;;;;;;;;
252;C;HCOM;Halimium_commutatum;144;9;2;;;;;;;;
252;C;HCOM;Halimium_commutatum;144;10;1;;;;;;;;
253;C;HCOM;Halimium_commutatum;145;1;2;;;;;;;;
253;C;HCOM;Halimium_commutatum;145;2;3;;;;;;;;
253;C;HCOM;Halimium_commutatum;145;3;2;;;;Una poco turgente;;;;
253;C;HCOM;Halimium_commutatum;145;4;2;;;;;;;;
253;C;HCOM;Halimium_commutatum;145;5;3;;;;;;;;
253;C;HCOM;Halimium_commutatum;145;6;2;;;;Verdes;;;;
253;C;HCOM;Halimium_commutatum;145;7;1;;;;;;;;
253;C;HCOM;Halimium_commutatum;145;8;2;;;;;;;;
253;C;HCOM;Halimium_commutatum;145;9;1;;;;;;;;
253;C;HCOM;Halimium_commutatum;145;10;2;;;;;;;;
254;C;HCOM;Halimium_commutatum;146;1;3;;;;;;;;
254;C;HCOM;Halimium_commutatum;146;2;3;;;;;;;;
254;C;HCOM;Halimium_commutatum;146;3;1;;;;;;;;
254;C;HCOM;Halimium_commutatum;146;4;3;;;;;;;;
254;C;HCOM;Halimium_commutatum;146;5;1;;;;;;;;
254;C;HCOM;Halimium_commutatum;146;6;1;;;;;;;;
254;C;HCOM;Halimium_commutatum;146;7;1;;;;;;;;
254;C;HCOM;Halimium_commutatum;146;8;3;;;;;;;;
254;C;HCOM;Halimium_commutatum;146;9;2;;;;;;;;
254;C;HCOM;Halimium_commutatum;146;10;2;;;;;;;;
255;C;HCOM;Halimium_commutatum;147;1;4;;;;;;;;
255;C;HCOM;Halimium_commutatum;147;2;4;;;;;;;;
255;C;HCOM;Halimium_commutatum;147;3;4;;;;;;;;
255;C;HCOM;Halimium_commutatum;147;4;1;;;;;;;;
255;C;HCOM;Halimium_commutatum;147;5;4;;;;;;;;
255;C;HCOM;Halimium_commutatum;147;6;2;;;;;;;;
255;C;HCOM;Halimium_commutatum;147;7;4;;;;;;;;
255;C;HCOM;Halimium_commutatum;147;8;4;;;;;;;;
255;C;HCOM;Halimium_commutatum;147;9;4;;;;;;;;
255;C;HCOM;Halimium_commutatum;147;10;4;;;;;;;;
256;C;HCOM;Halimium_commutatum;148;1;2;;;;;;;;
256;C;HCOM;Halimium_commutatum;148;2;2;;;;;;;;
256;C;HCOM;Halimium_commutatum;148;3;3;;;;;;;;
256;C;HCOM;Halimium_commutatum;148;4;1;;;;;;;;
256;C;HCOM;Halimium_commutatum;148;5;1;;;;;;;;
256;C;HCOM;Halimium_commutatum;148;6;3;;;;;;;;
256;C;HCOM;Halimium_commutatum;148;7;2;;;;;;;;
256;C;HCOM;Halimium_commutatum;148;8;3;;;;;;;;
256;C;HCOM;Halimium_commutatum;148;9;1;;;;;;;;
256;C;HCOM;Halimium_commutatum;148;10;2;;;;;;;;
257;C;HCOM;Halimium_commutatum;149;1;3;;;;;;;;
257;C;HCOM;Halimium_commutatum;149;2;1;;;;;;;;
257;C;HCOM;Halimium_commutatum;149;3;2;;;;;;;;
257;C;HCOM;Halimium_commutatum;149;4;3;;;;;;;;
257;C;HCOM;Halimium_commutatum;149;5;2;;;;;;;;
257;C;HCOM;Halimium_commutatum;149;6;1;;;;;;;;
257;C;HCOM;Halimium_commutatum;149;7;2;;;;;;;;
257;C;HCOM;Halimium_commutatum;149;8;2;;;;;;;;
257;C;HCOM;Halimium_commutatum;149;9;1;;;;;;;;
257;C;HCOM;Halimium_commutatum;149;10;2;;;;;;;;
258;C;HCOM;Halimium_commutatum;150;1;3;;;;Fruto abierto;;;;
258;C;HCOM;Halimium_commutatum;150;2;3;;;;;;;;
258;C;HCOM;Halimium_commutatum;150;3;1;;;;;;;;
258;C;HCOM;Halimium_commutatum;150;4;1;;;;;;;;
258;C;HCOM;Halimium_commutatum;150;5;1;;;;Verde;;;;
258;C;HCOM;Halimium_commutatum;150;6;1;;;;;;;;
258;C;HCOM;Halimium_commutatum;150;7;2;;;;Verdes;;;;
258;C;HCOM;Halimium_commutatum;150;8;1;;;;;;;;
259;C;LPED;Lavandula_pedunculata;291;;;;;;;;;;
260;C;LPED;Lavandula_pedunculata;292;;;;;;;;;;
261;C;LPED;Lavandula_pedunculata;293;;;;;;;;;;
262;C;LPED;Lavandula_pedunculata;294;;;;;;;;;;
263;C;LPED;Lavandula_pedunculata;295;;;;;;;;;;
264;C;LPED;Lavandula_pedunculata;296;;;;;;;;;;
265;C;LPED;Lavandula_pedunculata;297;;;;;;;;;;
266;C;LPED;Lavandula_pedunculata;298;;;;;;;;;;
267;C;LPED;Lavandula_pedunculata;299;;;;;;;;;;
268;C;LPED;Lavandula_pedunculata;300;;;;;;;;;;
269;C;LPED;Lavandula_pedunculata;301;;;;;;;;;;
270;C;LPED;Lavandula_pedunculata;302;;;;;;;;;;
271;C;LPED;Lavandula_pedunculata;303;;;;;;;;;;
272;C;LPED;Lavandula_pedunculata;304;;;;;;;;;;
273;C;LPED;Lavandula_pedunculata;305;;;;;;;;;;
274;C;SGEN;Stauracanthus_genistoides;251;Open;1,8;;;;;15;27;;1,8
274;C;SGEN;Stauracanthus_genistoides;251;1;3;;;;;;;;
275;C;SGEN;Stauracanthus_genistoides;252;Open;1,714285714;;;;;14;24;;1,714285714
275;C;SGEN;Stauracanthus_genistoides;252;1;0;;;;Restos crisálida;;;;
275;C;SGEN;Stauracanthus_genistoides;252;2;0;;;;Restos crisálida;;;;
276;C;SGEN;Stauracanthus_genistoides;253;All;3,0625;;;;;16;49;;3,0625
277;C;SGEN;Stauracanthus_genistoides;254;Open;2,733333333;;;1;;15;41;;2,733333333
277;C;SGEN;Stauracanthus_genistoides;254;1;0;;;;Crisálida;;;;
278;C;SGEN;Stauracanthus_genistoides;255;Open;2,833333333;;;;;6;17;;2,833333333
278;C;SGEN;Stauracanthus_genistoides;255;1;0;;;;;;;;
278;C;SGEN;Stauracanthus_genistoides;255;2;0;;;;;;;;
278;C;SGEN;Stauracanthus_genistoides;255;3;0;;;;;;;;
278;C;SGEN;Stauracanthus_genistoides;255;4;0;;;;;;;;
278;C;SGEN;Stauracanthus_genistoides;255;5;0;;;;;;;;
279;C;SGEN;Stauracanthus_genistoides;256;All;1,125;;;1;;8;9;;1,125
280;C;SGEN;Stauracanthus_genistoides;257;All;2,533333333;;;;;15;38;;2,533333333
281;C;SGEN;Stauracanthus_genistoides;258;Open;2,357142857;;;4;;14;33;;2,357142857
281;C;SGEN;Stauracanthus_genistoides;258;1;0;;;;"Agujeritos; restos crisálida";;;;
281;C;SGEN;Stauracanthus_genistoides;258;2;2;;;;;;;;
281;C;SGEN;Stauracanthus_genistoides;258;3;0;;;;;;;;
282;C;SGEN;Stauracanthus_genistoides;259;Open;1,25;;;;;4;5;;1,25
282;C;SGEN;Stauracanthus_genistoides;259;1;0;;;;Agujerito;;;;
283;C;SGEN;Stauracanthus_genistoides;260;1;0;;;1;Crisálida;;;;
283;C;SGEN;Stauracanthus_genistoides;260;2;0;;;1;Restos crisálida;;;;
283;C;SGEN;Stauracanthus_genistoides;260;3;0;;;;;;;;
283;C;SGEN;Stauracanthus_genistoides;260;4;0;;;;;;;;
283;C;SGEN;Stauracanthus_genistoides;260;5;0;;;;;;;;
283;C;SGEN;Stauracanthus_genistoides;260;6;0;;;;;;;;
283;C;SGEN;Stauracanthus_genistoides;260;7;0;;;;;;;;
283;C;SGEN;Stauracanthus_genistoides;260;8;0;;;;;;;;
283;C;SGEN;Stauracanthus_genistoides;260;9;0;;;;;;;;
283;C;SGEN;Stauracanthus_genistoides;260;10;0;;;;;;;;
284;C;AVEL;Armeria_velutina;436;;;;;;;;;;
285;C;AVEL;Armeria_velutina;437;;;;;;;;;;
286;C;CLIB;Cistus_libanotis;469;;;;;;;;;;
287;C;CLIB;Cistus_libanotis;470;;;;;;;;;;
288;C;HHAL;Halimium_halimifolium;501;;;;;;;;;;
289;C;HHAL;Halimium_halimifolium;502;;;;;;;;;;
290;C;HHAL;Halimium_halimifolium;503;;;;;;;;;;
291;C;HHAL;Halimium_halimifolium;504;;;;;;;;;;
292;C;HHAL;Halimium_halimifolium;505;;;;;;;;;;
293;C;HHAL;Halimium_halimifolium;506;;;;;;;;;;
294;C;HHAL;Halimium_halimifolium;507;;;;;;;;;;
295;C;HHAL;Halimium_halimifolium;508;;;;;;;;;;
296;C;HHAL;Halimium_halimifolium;509;;;;;;;;;;
297;C;HHAL;Halimium_halimifolium;510;;;;;;;;;;
298;C;HHAL;Halimium_halimifolium;511;;;;;;;;;;
299;C;HHAL;Halimium_halimifolium;512;;;;;;;;;;
300;C;HHAL;Halimium_halimifolium;513;;;;;;;;;;
301;C;HHAL;Halimium_halimifolium;514;;;;;;;;;;
302;C;HHAL;Halimium_halimifolium;515;;;;;;;;;;
303;C;TMAS;Thymus_mastichina;586;;;;;;;;;;
304;C;TMAS;Thymus_mastichina;587;;;;;;;;;;
305;C;TMAS;Thymus_mastichina;588;;;;;;;;;;
306;C;TMAS;Thymus_mastichina;589;;;;;;;;;;
307;C;TMAS;Thymus_mastichina;590;;;;;;;;;;
308;C;HPIC;Helichrysum_picardii;641;;;;;;;;;;
309;C;HPIC;Helichrysum_picardii;642;;;;;;;;;;
310;C;HPIC;Helichrysum_picardii;643;;;;;;;;;;
311;C;HPIC;Helichrysum_picardii;644;;;;;;;;;;
312;C;HPIC;Helichrysum_picardii;645;;;;;;;;;;
313;C;HPIC;Helichrysum_picardii;646;;;;;;;;;;
314;C;HPIC;Helichrysum_picardii;647;;;;;;;;;;
315;C;HPIC;Helichrysum_picardii;648;;;;;;;;;;
316;C;HPIC;Helichrysum_picardii;649;;;;;;;;;;
317;C;HPIC;Helichrysum_picardii;650;;;;;;;;;;
318;C;HPIC;Helichrysum_picardii;651;;;;;;;;;;
319;C;HPIC;Helichrysum_picardii;652;;;;;;;;;;
320;C;HPIC;Helichrysum_picardii;653;;;;;;;;;;
321;C;HPIC;Helichrysum_picardii;654;;;;;;;;;;
322;C;HPIC;Helichrysum_picardii;655;;;;;;;;;;
323;D;ROFF;Rosmarinus_officinalis;46;;;;;;;;;;
324;D;ROFF;Rosmarinus_officinalis;47;;;;;;;;;;
325;D;ROFF;Rosmarinus_officinalis;48;;;;;;;;;;
326;D;ROFF;Rosmarinus_officinalis;49;;;;;;;;;;
327;D;ROFF;Rosmarinus_officinalis;50;;;;;;;;;;
328;D;ROFF;Rosmarinus_officinalis;51;;;;;;;;;;
329;D;ROFF;Rosmarinus_officinalis;52;;;;;;;;;;
330;D;ROFF;Rosmarinus_officinalis;53;;;;;;;;;;
331;D;ROFF;Rosmarinus_officinalis;54;;;;;;;;;;
332;D;ROFF;Rosmarinus_officinalis;55;;;;;;;;;;
333;D;ROFF;Rosmarinus_officinalis;56;;;;;;;;;;
334;D;ROFF;Rosmarinus_officinalis;57;;;;;;;;;;
335;D;ROFF;Rosmarinus_officinalis;58;;;;;;;;;;
336;D;ROFF;Rosmarinus_officinalis;59;;;;;;;;;;
337;D;ROFF;Rosmarinus_officinalis;60;;;;;;;;;;
338;D;HCOM;Halimium_commutatum;151;1;5;;;;Poco turgentes;;;;
338;D;HCOM;Halimium_commutatum;151;2;1;;;;;;;;
338;D;HCOM;Halimium_commutatum;151;3;2;;2;1;Crisálida;;;;
338;D;HCOM;Halimium_commutatum;151;4;3;;;;;;;;
338;D;HCOM;Halimium_commutatum;151;5;1;;;;;;;;
338;D;HCOM;Halimium_commutatum;151;6;2;;;;;;;;
338;D;HCOM;Halimium_commutatum;151;7;1;;;;;;;;
338;D;HCOM;Halimium_commutatum;151;8;2;;;;;;;;
338;D;HCOM;Halimium_commutatum;151;9;3;;;;;;;;
338;D;HCOM;Halimium_commutatum;151;10;2;;;;;;;;
339;D;HCOM;Halimium_commutatum;152;1;3;;;;;;;;
339;D;HCOM;Halimium_commutatum;152;2;3;;;;;;;;
339;D;HCOM;Halimium_commutatum;152;3;4;;;;;;;;
339;D;HCOM;Halimium_commutatum;152;4;4;;;;;;;;
339;D;HCOM;Halimium_commutatum;152;5;2;;;;;;;;
339;D;HCOM;Halimium_commutatum;152;6;2;;;;;;;;
339;D;HCOM;Halimium_commutatum;152;7;2;;;;;;;;
339;D;HCOM;Halimium_commutatum;152;8;3;;;;;;;;
339;D;HCOM;Halimium_commutatum;152;9;2;;;;;;;;
339;D;HCOM;Halimium_commutatum;152;10;4;;;;;;;;
340;D;HCOM;Halimium_commutatum;153;1;4;;;;;;;;
340;D;HCOM;Halimium_commutatum;153;2;4;;;;;;;;
340;D;HCOM;Halimium_commutatum;153;3;2;;;;;;;;
340;D;HCOM;Halimium_commutatum;153;4;3;;;;;;;;
340;D;HCOM;Halimium_commutatum;153;5;2;;;;;;;;
340;D;HCOM;Halimium_commutatum;153;6;2;;;;;;;;
340;D;HCOM;Halimium_commutatum;153;7;3;;;;;;;;
340;D;HCOM;Halimium_commutatum;153;8;3;;;;;;;;
340;D;HCOM;Halimium_commutatum;153;9;3;;;;;;;;
340;D;HCOM;Halimium_commutatum;153;10;3;;;;;;;;
341;D;HCOM;Halimium_commutatum;154;1;3;;;;;;;;
341;D;HCOM;Halimium_commutatum;154;2;3;;;;;;;;
341;D;HCOM;Halimium_commutatum;154;3;2;;;;;;;;
341;D;HCOM;Halimium_commutatum;154;4;3;;;;;;;;
341;D;HCOM;Halimium_commutatum;154;5;2;;;;;;;;
341;D;HCOM;Halimium_commutatum;154;6;2;;;;;;;;
341;D;HCOM;Halimium_commutatum;154;7;3;;;;;;;;
341;D;HCOM;Halimium_commutatum;154;8;3;;;;;;;;
341;D;HCOM;Halimium_commutatum;154;9;3;;;;;;;;
341;D;HCOM;Halimium_commutatum;154;10;2;;;;;;;;
342;D;HCOM;Halimium_commutatum;155;1;4;;;;;;;;
342;D;HCOM;Halimium_commutatum;155;2;2;;;;;;;;
342;D;HCOM;Halimium_commutatum;155;3;1;;;;;;;;
342;D;HCOM;Halimium_commutatum;155;4;2;;;;;;;;
342;D;HCOM;Halimium_commutatum;155;5;1;;;;;;;;
342;D;HCOM;Halimium_commutatum;155;6;2;;;;;;;;
342;D;HCOM;Halimium_commutatum;155;7;1;;;;;;;;
342;D;HCOM;Halimium_commutatum;155;8;3;;;;;;;;
342;D;HCOM;Halimium_commutatum;155;9;1;;;;;;;;
342;D;HCOM;Halimium_commutatum;155;10;2;;;;;;;;
343;D;HCOM;Halimium_commutatum;156;1;4;;;;;;;;
343;D;HCOM;Halimium_commutatum;156;2;5;;;;;;;;
343;D;HCOM;Halimium_commutatum;156;3;3;;;;;;;;
343;D;HCOM;Halimium_commutatum;156;4;3;;;;;;;;
343;D;HCOM;Halimium_commutatum;156;5;2;;;;;;;;
343;D;HCOM;Halimium_commutatum;156;6;2;;;;;;;;
343;D;HCOM;Halimium_commutatum;156;7;3;;;;;;;;
343;D;HCOM;Halimium_commutatum;156;8;1;;;;;;;;
343;D;HCOM;Halimium_commutatum;156;9;3;;;;;;;;
343;D;HCOM;Halimium_commutatum;156;10;2;;;;;;;;
344;D;HCOM;Halimium_commutatum;157;1;3;;;;;;;;
344;D;HCOM;Halimium_commutatum;157;2;5;;5;1;"Crisálida;Lo pongo en un eppendorff sin etanol a ver si emerge el adulto";;;;
344;D;HCOM;Halimium_commutatum;157;3;5;;;;;;;;
344;D;HCOM;Halimium_commutatum;157;4;3;;;;;;;;
344;D;HCOM;Halimium_commutatum;157;5;4;;;;;;;;
344;D;HCOM;Halimium_commutatum;157;6;5;;;;;;;;
344;D;HCOM;Halimium_commutatum;157;7;3;;;;;;;;
344;D;HCOM;Halimium_commutatum;157;8;4;;;;;;;;
344;D;HCOM;Halimium_commutatum;157;9;6;;;;;;;;
344;D;HCOM;Halimium_commutatum;157;10;3;;3;1;"Crisálida;Lo pongo en un eppendorff sin etanol a ver si emerge el adulto";;;;
345;D;HCOM;Halimium_commutatum;158;1;3;;;Verdes;;;;;
345;D;HCOM;Halimium_commutatum;158;2;4;;;;;;;;
345;D;HCOM;Halimium_commutatum;158;3;3;;;;;;;;
345;D;HCOM;Halimium_commutatum;158;4;2;;;;;;;;
345;D;HCOM;Halimium_commutatum;158;5;3;;;;;;;;
345;D;HCOM;Halimium_commutatum;158;6;3;;;;;;;;
345;D;HCOM;Halimium_commutatum;158;7;1;;;;;;;;
345;D;HCOM;Halimium_commutatum;158;8;1;;;;;;;;
345;D;HCOM;Halimium_commutatum;158;9;2;;;;;;;;
345;D;HCOM;Halimium_commutatum;158;10;2;;;;;;;;
346;D;HCOM;Halimium_commutatum;159;1;0;;;;Fruto sin formar;;;;
346;D;HCOM;Halimium_commutatum;159;2;3;;;;;;;;
346;D;HCOM;Halimium_commutatum;159;3;3;;;;;;;;
347;D;HCOM;Halimium_commutatum;160;1;4;;;;;;;;
347;D;HCOM;Halimium_commutatum;160;2;2;;;;;;;;
347;D;HCOM;Halimium_commutatum;160;3;2;;;;;;;;
347;D;HCOM;Halimium_commutatum;160;4;3;;;;;;;;
347;D;HCOM;Halimium_commutatum;160;5;5;;;;;;;;
347;D;HCOM;Halimium_commutatum;160;6;3;;;;;;;;
347;D;HCOM;Halimium_commutatum;160;7;2;;;;;;;;
347;D;HCOM;Halimium_commutatum;160;8;2;;;;;;;;
347;D;HCOM;Halimium_commutatum;160;9;2;;;;;;;;
347;D;HCOM;Halimium_commutatum;160;10;2;;;;;;;;
348;D;HCOM;Halimium_commutatum;161;1;4;;;;;;;;
348;D;HCOM;Halimium_commutatum;161;2;3;;;;Blancas con hongos;;;;
348;D;HCOM;Halimium_commutatum;161;3;3;;;;;;;;
348;D;HCOM;Halimium_commutatum;161;4;4;;;;;;;;
348;D;HCOM;Halimium_commutatum;161;5;3;;;;;;;;
348;D;HCOM;Halimium_commutatum;161;6;2;;;;;;;;
348;D;HCOM;Halimium_commutatum;161;7;1;;;;;;;;
348;D;HCOM;Halimium_commutatum;161;8;3;;;;;;;;
349;D;HCOM;Halimium_commutatum;162;1;2;;;;;;;;
349;D;HCOM;Halimium_commutatum;162;2;3;;;;;;;;
349;D;HCOM;Halimium_commutatum;162;3;3;;;;;;;;
349;D;HCOM;Halimium_commutatum;162;4;3;;;;;;;;
349;D;HCOM;Halimium_commutatum;162;5;2;;;;;;;;
349;D;HCOM;Halimium_commutatum;162;6;2;;;;;;;;
349;D;HCOM;Halimium_commutatum;162;7;2;;;;;;;;
349;D;HCOM;Halimium_commutatum;162;8;3;;;;;;;;
349;D;HCOM;Halimium_commutatum;162;9;3;;;;;;;;
349;D;HCOM;Halimium_commutatum;162;10;2;;;;;;;;
350;D;HCOM;Halimium_commutatum;163;1;2;;;;;;;;
350;D;HCOM;Halimium_commutatum;163;2;4;;;;;;;;
350;D;HCOM;Halimium_commutatum;163;3;3;;;;;;;;
350;D;HCOM;Halimium_commutatum;163;4;2;;;;;;;;
350;D;HCOM;Halimium_commutatum;163;5;3;;;;Verdes;;;;
350;D;HCOM;Halimium_commutatum;163;6;3;;;;;;;;
350;D;HCOM;Halimium_commutatum;163;7;4;;;;;;;;
350;D;HCOM;Halimium_commutatum;163;8;2;;;;;;;;
350;D;HCOM;Halimium_commutatum;163;9;2;;;;Verdes;;;;
350;D;HCOM;Halimium_commutatum;163;10;3;;;;;;;;
351;D;HCOM;Halimium_commutatum;164;1;5;;;;;;;;
351;D;HCOM;Halimium_commutatum;164;2;3;;;;;;;;
351;D;HCOM;Halimium_commutatum;164;3;2;;;;;;;;
351;D;HCOM;Halimium_commutatum;164;4;3;;;;;;;;
351;D;HCOM;Halimium_commutatum;164;5;2;;;;;;;;
351;D;HCOM;Halimium_commutatum;164;6;2;;;;;;;;
351;D;HCOM;Halimium_commutatum;164;7;4;;;;;;;;
351;D;HCOM;Halimium_commutatum;164;8;3;;;;;;;;
351;D;HCOM;Halimium_commutatum;164;9;2;;;;;;;;
351;D;HCOM;Halimium_commutatum;164;10;3;;;;;;;;
352;D;HCOM;Halimium_commutatum;165;1;4;;;;;;;;
352;D;HCOM;Halimium_commutatum;165;2;2;;;;;;;;
352;D;HCOM;Halimium_commutatum;165;3;2;;;;;;;;
352;D;HCOM;Halimium_commutatum;165;4;2;;;;;;;;
352;D;HCOM;Halimium_commutatum;165;5;2;;;;;;;;
352;D;HCOM;Halimium_commutatum;165;6;2;;;;;;;;
352;D;HCOM;Halimium_commutatum;165;7;3;;;;Más arrugadas;;;;
352;D;HCOM;Halimium_commutatum;165;8;2;;;;;;;;
352;D;HCOM;Halimium_commutatum;165;9;3;;;;"Hongos; 1 semilla rota";;;;
352;D;HCOM;Halimium_commutatum;165;10;3;;;;;;;;
353;D;LPED;Lavandula_pedunculata;306;;;;;;;;;;
354;D;LPED;Lavandula_pedunculata;307;;;;;;;;;;
355;D;LPED;Lavandula_pedunculata;308;;;;;;;;;;
356;D;LPED;Lavandula_pedunculata;309;;;;;;;;;;
357;D;LPED;Lavandula_pedunculata;310;;;;;;;;;;
358;D;LPED;Lavandula_pedunculata;311;;;;;;;;;;
359;D;LPED;Lavandula_pedunculata;312;;;;;;;;;;
360;D;LPED;Lavandula_pedunculata;313;;;;;;;;;;
361;D;LPED;Lavandula_pedunculata;314;;;;;;;;;;
362;D;LPED;Lavandula_pedunculata;315;;;;;;;;;;
363;D;LPED;Lavandula_pedunculata;316;;;;;;;;;;
364;D;LPED;Lavandula_pedunculata;317;;;;;;;;;;
365;D;LPED;Lavandula_pedunculata;318;;;;;;;;;;
366;D;LPED;Lavandula_pedunculata;319;;;;;;;;;;
367;D;LPED;Lavandula_pedunculata;320;;;;;;;;;;
368;D;SGEN;Stauracanthus_genistoides;166;Open;3,555555556;;;1;;9;32;;3,555555556
368;D;SGEN;Stauracanthus_genistoides;166;1;0;;;;Restos crisálida;;;;
368;D;SGEN;Stauracanthus_genistoides;166;2;0;;;;;;;;
368;D;SGEN;Stauracanthus_genistoides;166;3;4;;;;;;;;
368;D;SGEN;Stauracanthus_genistoides;166;4;0;;;;;;;;
368;D;SGEN;Stauracanthus_genistoides;166;5;0;;;;;;;;
368;D;SGEN;Stauracanthus_genistoides;166;6;1;;;;;;;;
369;D;SGEN;Stauracanthus_genistoides;167;All;2,8;;;;;15;40;2;2,8
370;D;SGEN;Stauracanthus_genistoides;168;Open;2,181818182;;;1;Avispita verde ovispositor;11;24;;2,181818182
370;D;SGEN;Stauracanthus_genistoides;168;1;0;;;;;;;;
370;D;SGEN;Stauracanthus_genistoides;168;2;0;;;;;;;;
370;D;SGEN;Stauracanthus_genistoides;168;3;0;;;;Restos crisálida;;;;
371;D;SGEN;Stauracanthus_genistoides;169;Open;2,333333333;;;1;Gorgojo;12;27;1;2,333333333
371;D;SGEN;Stauracanthus_genistoides;169;1;0;;;;;;;;
372;D;SGEN;Stauracanthus_genistoides;170;Open;2;;;2;;4;8;;2
372;D;SGEN;Stauracanthus_genistoides;170;1;0;;;;"Restos crisálida; agujerito";;;;
372;D;SGEN;Stauracanthus_genistoides;170;2;0;;;;;;;;
372;D;SGEN;Stauracanthus_genistoides;170;3;0;;;;;;;;
372;D;SGEN;Stauracanthus_genistoides;170;4;0;;;;;;;;
373;D;SGEN;Stauracanthus_genistoides;171;Open;1,25;;;7;;4;5;;1,25
373;D;SGEN;Stauracanthus_genistoides;171;1;0;;;;"Restos crisálida; agujerito";;;;
373;D;SGEN;Stauracanthus_genistoides;171;2;0;;;;;;;;
373;D;SGEN;Stauracanthus_genistoides;171;3;0;;;;;;;;
373;D;SGEN;Stauracanthus_genistoides;171;4;0;;;;;;;;
373;D;SGEN;Stauracanthus_genistoides;171;5;0;;;;"Restos crisálida; agujerito";;;;
373;D;SGEN;Stauracanthus_genistoides;171;6;0;;;;;;;;
373;D;SGEN;Stauracanthus_genistoides;171;7;0;;;;;;;;
373;D;SGEN;Stauracanthus_genistoides;171;8;0;;;;;;;;
373;D;SGEN;Stauracanthus_genistoides;171;9;0;;;;;;;;
373;D;SGEN;Stauracanthus_genistoides;171;10;0;;;;;;;;
374;D;SGEN;Stauracanthus_genistoides;172;Open;2,5;;;1;;14;34;1;2,5
374;D;SGEN;Stauracanthus_genistoides;172;1;0;;;;;;;;
375;D;SGEN;Stauracanthus_genistoides;173;Open;3;;;;;13;39;;3
375;D;SGEN;Stauracanthus_genistoides;173;1;1;;;;;;;;
375;D;SGEN;Stauracanthus_genistoides;173;2;3;;;;;;;;
376;D;SGEN;Stauracanthus_genistoides;174;Open;2,923076923;;;2;;13;38;;2,923076923
376;D;SGEN;Stauracanthus_genistoides;174;1;0;;;;"Restos crisálida; agujerito";;;;
377;D;SGEN;Stauracanthus_genistoides;175;Open;2,833333333;;;;;12;34;;2,833333333
377;D;SGEN;Stauracanthus_genistoides;175;1;0;;;;Restos crisálida;;;;
377;D;SGEN;Stauracanthus_genistoides;175;2;1;;;;;;;;
377;D;SGEN;Stauracanthus_genistoides;175;3;0;;;;;;;;
377;D;SGEN;Stauracanthus_genistoides;175;4;0;;;;Agujerito;;;;
378;D;SGEN;Stauracanthus_genistoides;176;Open;2,25;;;2;;16;36;;2,25
378;D;SGEN;Stauracanthus_genistoides;176;1;2;;;;"Restos crisálida; agujerito";;;;
379;D;SGEN;Stauracanthus_genistoides;177;Open;2,307692308;;;;;13;30;;2,307692308
379;D;SGEN;Stauracanthus_genistoides;177;1;1;;;;;;;;
379;D;SGEN;Stauracanthus_genistoides;177;2;0;;;;;;;;
380;D;SGEN;Stauracanthus_genistoides;178;Open;3;;;;;15;45;;3
380;D;SGEN;Stauracanthus_genistoides;178;1;0;;;;;;;;
380;D;SGEN;Stauracanthus_genistoides;178;2;4;;;;;;;;
381;D;SGEN;Stauracanthus_genistoides;179;Open;3;;;1;Fruto abierto con restos de animal viviendo dentro;6;18;;3
381;D;SGEN;Stauracanthus_genistoides;179;1;0;;;;"Restos crisálida; agujero";;;;
381;D;SGEN;Stauracanthus_genistoides;179;2;0;;;;Aguejero;;;;
381;D;SGEN;Stauracanthus_genistoides;179;3;0;;;;"Restos crisálida; agujero";;;;
381;D;SGEN;Stauracanthus_genistoides;179;4;1;;;;;;;;
381;D;SGEN;Stauracanthus_genistoides;179;5;0;;;;Restos crisálida;;;;
381;D;SGEN;Stauracanthus_genistoides;179;6;0;;;;;;;;
381;D;SGEN;Stauracanthus_genistoides;179;7;0;;;;;;;;
382;D;SGEN;Stauracanthus_genistoides;180;Open;2,625;;;1;Gorgojo;16;42;;2,625
382;D;SGEN;Stauracanthus_genistoides;180;1;0;;;;Restos crisálida;;;;
383;D;CLIB;Cistus_libanotis;396;;;;;;;;;;
384;D;CLIB;Cistus_libanotis;397;;;;;;;;;;
385;D;CLIB;Cistus_libanotis;398;;;;;;;;;;
386;D;CLIB;Cistus_libanotis;399;;;;;;;;;;
387;D;CLIB;Cistus_libanotis;400;;;;;;;;;;
388;D;CLIB;Cistus_libanotis;401;;;;;;;;;;
389;D;CLIB;Cistus_libanotis;402;;;;;;;;;;
390;D;CLIB;Cistus_libanotis;403;;;;;;;;;;
391;D;CLIB;Cistus_libanotis;404;;;;;;;;;;
392;D;CLIB;Cistus_libanotis;405;;;;;;;;;;
393;D;CLIB;Cistus_libanotis;406;;;;;;;;;;
394;D;CLIB;Cistus_libanotis;407;;;;;;;;;;
395;D;CLIB;Cistus_libanotis;408;;;;;;;;;;
396;D;CLIB;Cistus_libanotis;409;;;;;;;;;;
397;D;CLIB;Cistus_libanotis;410;;;;;;;;;;
398;D;AVEL;Armeria_velutina;438;;;;;;;;;;
399;D;AVEL;Armeria_velutina;439;;;;;;;;;;
400;D;AVEL;Armeria_velutina;440;;;;;;;;;;
401;D;AVEL;Armeria_velutina;441;;;;;;;;;;
402;D;AVEL;Armeria_velutina;442;;;;;;;;;;
403;D;AVEL;Armeria_velutina;443;;;;;;;;;;
404;D;AVEL;Armeria_velutina;444;;;;;;;;;;
405;D;AVEL;Armeria_velutina;445;;;;;;;;;;
406;D;AVEL;Armeria_velutina;446;;;;;;;;;;
407;D;AVEL;Armeria_velutina;447;;;;;;;;;;
408;D;AVEL;Armeria_velutina;448;;;;;;;;;;
409;D;AVEL;Armeria_velutina;449;;;;;;;;;;
410;D;HHAL;Halimium_halimifolium;516;;;;;;;;;;
411;D;HHAL;Halimium_halimifolium;517;1;29;;;;;;;;
411;D;HHAL;Halimium_halimifolium;517;2;36;;;;;;;;
411;D;HHAL;Halimium_halimifolium;517;3;18;;;;;;;;
411;D;HHAL;Halimium_halimifolium;517;4;29;;;;;;;;
411;D;HHAL;Halimium_halimifolium;517;5;24;;;;;;;;
411;D;HHAL;Halimium_halimifolium;517;6;8;;;;;;;;
411;D;HHAL;Halimium_halimifolium;517;7;45;;;;;;;;
411;D;HHAL;Halimium_halimifolium;517;8;38;;;;;;;;
411;D;HHAL;Halimium_halimifolium;517;9;8;;;;;;;;
411;D;HHAL;Halimium_halimifolium;517;10;19;;;;;;;;
412;D;HHAL;Halimium_halimifolium;518;;;;;;;;;;
413;D;HHAL;Halimium_halimifolium;519;;;;;;;;;;
414;D;HHAL;Halimium_halimifolium;520;;;;;;;;;;
415;D;HHAL;Halimium_halimifolium;521;;;;;;;;;;
416;D;HHAL;Halimium_halimifolium;522;;;;;;;;;;
417;D;HHAL;Halimium_halimifolium;523;;;;;;;;;;
418;D;HHAL;Halimium_halimifolium;524;1;20;;;;;;;;
418;D;HHAL;Halimium_halimifolium;524;2;20;;;;;;;;
418;D;HHAL;Halimium_halimifolium;524;3;16;;;;;;;;
418;D;HHAL;Halimium_halimifolium;524;4;9;;;;;;;;
418;D;HHAL;Halimium_halimifolium;524;5;23;;;;;;;;
418;D;HHAL;Halimium_halimifolium;524;6;23;;;;;;;;
418;D;HHAL;Halimium_halimifolium;524;7;20;;;;;;;;
418;D;HHAL;Halimium_halimifolium;524;8;17;;;;;;;;
418;D;HHAL;Halimium_halimifolium;524;9;16;;;;;;;;
418;D;HHAL;Halimium_halimifolium;524;10;11;;;;;;;;
419;D;HHAL;Halimium_halimifolium;525;;;;;;;;;;
420;D;HHAL;Halimium_halimifolium;526;;;;;;;;;;
421;D;HHAL;Halimium_halimifolium;527;;;;;;;;;;
422;D;HHAL;Halimium_halimifolium;528;;;;;;;;;;
423;D;HHAL;Halimium_halimifolium;529;;;;;;;;;;
424;D;HHAL;Halimium_halimifolium;530;;;;;;;;;;
425;D;TMAS;Thymus_mastichina;591;;;;;;;;;;
426;D;TMAS;Thymus_mastichina;592;;;;;;;;;;
427;D;TMAS;Thymus_mastichina;593;;;;;;;;;;
428;D;TMAS;Thymus_mastichina;594;;;;;;;;;;
429;D;TMAS;Thymus_mastichina;595;;;;;;;;;;
430;D;TMAS;Thymus_mastichina;596;;;;;;;;;;
431;D;TMAS;Thymus_mastichina;597;;;;;;;;;;
432;D;TMAS;Thymus_mastichina;598;;;;;;;;;;
433;D;TMAS;Thymus_mastichina;599;;;;;;;;;;
434;D;TMAS;Thymus_mastichina;600;;;;;;;;;;
435;D;HPIC;Helichrysum_picardii;656;;;;;;;;;;
436;D;HPIC;Helichrysum_picardii;657;;;;;;;;;;
437;D;HPIC;Helichrysum_picardii;658;;;;;;;;;;
438;D;HPIC;Helichrysum_picardii;659;;;;;;;;;;
439;D;HPIC;Helichrysum_picardii;660;;;;;;;;;;
440;D;HPIC;Helichrysum_picardii;661;;;;;;;;;;
441;D;HPIC;Helichrysum_picardii;662;;;;;;;;;;
442;D;HPIC;Helichrysum_picardii;663;;;;;;;;;;
443;D;HPIC;Helichrysum_picardii;664;;;;;;;;;;
444;D;HPIC;Helichrysum_picardii;665;;;;;;;;;;
445;D;HPIC;Helichrysum_picardii;666;;;;;;;;;;
446;D;HPIC;Helichrysum_picardii;667;;;;;;;;;;
447;D;HPIC;Helichrysum_picardii;668;;;;;;;;;;
448;D;HPIC;Helichrysum_picardii;669;;;;;;;;;;
449;D;HPIC;Helichrysum_picardii;670;;;;;;;;;;
450;D;HPIC;Helichrysum_picardii;671;;;;;;;;;;
451;D;HPIC;Helichrysum_picardii;672;;;;;;;;;;
452;D;HPIC;Helichrysum_picardii;673;;;;;;;;;;
453;D;HPIC;Helichrysum_picardii;674;;;;;;;;;;
454;D;HPIC;Helichrysum_picardii;675;;;;;;;;;;
455;E;UPAR;Ulex_parviflorus;61;;;;;;;;;;
456;E;UPAR;Ulex_parviflorus;62;;;;;;;;;;
457;E;UPAR;Ulex_parviflorus;63;;;;;;;;;;
458;E;UPAR;Ulex_parviflorus;64;;;;;;;;;;
459;E;UPAR;Ulex_parviflorus;65;;;;;;;;;;
460;E;UPAR;Ulex_parviflorus;66;;;;;;;;;;
461;E;UPAR;Ulex_parviflorus;67;;;;;;;;;;
462;E;UPAR;Ulex_parviflorus;68;;;;;;;;;;
463;E;UPAR;Ulex_parviflorus;69;;;;;;;;;;
464;E;UPAR;Ulex_parviflorus;70;;;;;;;;;;
465;E;UPAR;Ulex_parviflorus;71;;;;;;;;;;
466;E;UPAR;Ulex_parviflorus;72;;;;;;;;;;
467;E;UPAR;Ulex_parviflorus;73;;;;;;;;;;
468;E;UPAR;Ulex_parviflorus;74;;;;;;;;;;
469;E;UPAR;Ulex_parviflorus;75;;;;;;;;;;
470;E;SGEN;Stauracanthus_genistoides;351;;;;;1;En el sobre;;;;
470;E;SGEN;Stauracanthus_genistoides;351;1;1;;;;;;;;
470;E;SGEN;Stauracanthus_genistoides;351;2;0;;;;"Restos crisálida; agujerito";;;;
470;E;SGEN;Stauracanthus_genistoides;351;3;0;;;;Agujerito;;;;
470;E;SGEN;Stauracanthus_genistoides;351;4;0;;;;;;;;
470;E;SGEN;Stauracanthus_genistoides;351;5;0;;;;;;;;
470;E;SGEN;Stauracanthus_genistoides;351;6;0;;;;;;;;
470;E;SGEN;Stauracanthus_genistoides;351;7;0;;;;;;;;
470;E;SGEN;Stauracanthus_genistoides;351;8;0;;;;Agujerito;;;;
470;E;SGEN;Stauracanthus_genistoides;351;9;0;;;;;;;;
470;E;SGEN;Stauracanthus_genistoides;351;10;0;;;;;;;;
471;E;SGEN;Stauracanthus_genistoides;352;All;3,266666667;;;2;Gorgojos;15;44;5;3,266666667
472;E;SGEN;Stauracanthus_genistoides;353;Open;1,785714286;;;1;Gorgojo;14;24;1;1,785714286
472;E;SGEN;Stauracanthus_genistoides;353;1;1;;;;Restos crisálida;;;;
473;E;SGEN;Stauracanthus_genistoides;354;Open;2,222222222;;;2;"Gorgojo y avispita; bote 1";9;17;3;2,222222222
473;E;SGEN;Stauracanthus_genistoides;354;1;5;;;;;;;;
473;E;SGEN;Stauracanthus_genistoides;354;2;0;;;;0;;;;
473;E;SGEN;Stauracanthus_genistoides;354;3;0;;;;"Restos crisálida; agujerito";;;;
473;E;SGEN;Stauracanthus_genistoides;354;4;0;;;;"Restos crisálida; agujerito";;;;
473;E;SGEN;Stauracanthus_genistoides;354;5;0;;;;"Crisálida; bote 2";;;;
473;E;SGEN;Stauracanthus_genistoides;354;6;0;;;;;;;;
474;E;SGEN;Stauracanthus_genistoides;355;1;1;;;;;;;;
474;E;SGEN;Stauracanthus_genistoides;355;2;1;;;;Fruto dañado;;;;
474;E;SGEN;Stauracanthus_genistoides;355;3;0;;;;;;;;
474;E;SGEN;Stauracanthus_genistoides;355;4;0;;;;;;;;
474;E;SGEN;Stauracanthus_genistoides;355;5;0;;;;;;;;
474;E;SGEN;Stauracanthus_genistoides;355;6;0;;;;Restos crisálida;;;;
475;E;SGEN;Stauracanthus_genistoides;356;1;0;;;;;;;;
475;E;SGEN;Stauracanthus_genistoides;356;2;0;;;1;Bichito muerto dentro del fruto;;;;
476;E;SGEN;Stauracanthus_genistoides;357;Open;1,6;;;;;15;24;;1,6
476;E;SGEN;Stauracanthus_genistoides;357;1;0;;;;Restos crisálida;;;;
477;E;SGEN;Stauracanthus_genistoides;358;Open;2,866666667;;;;;15;43;;2,866666667
477;E;SGEN;Stauracanthus_genistoides;358;1;1;;;;"Restos crisálida; agujerito";;;;
478;E;SGEN;Stauracanthus_genistoides;359;Open;3,333333333;;;;;12;40;;3,333333333
478;E;SGEN;Stauracanthus_genistoides;359;1;2;;;;;;;;
478;E;SGEN;Stauracanthus_genistoides;359;2;2;;;;;;;;
478;E;SGEN;Stauracanthus_genistoides;359;3;1;;;;;;;;
479;E;SGEN;Stauracanthus_genistoides;360;Open;2,583333333;;;1;"Gorgojo; Un fruto con restos de crisálidas y agujerito; Resto de algo con bolitas blancas dentro (huevos)";12;29;2;2,583333333
479;E;SGEN;Stauracanthus_genistoides;360;1;0;;;;Restos crisálida;;;;
479;E;SGEN;Stauracanthus_genistoides;360;2;0;;;;;;;;
479;E;SGEN;Stauracanthus_genistoides;360;3;0;;;;;;;;
480;E;ROFF;Rosmarinus_officinalis;76;;;;;;;;;;
481;E;ROFF;Rosmarinus_officinalis;77;;;;;;;;;;
482;E;ROFF;Rosmarinus_officinalis;78;;;;;;;;;;
483;E;ROFF;Rosmarinus_officinalis;79;;;;;;;;;;
484;E;ROFF;Rosmarinus_officinalis;80;;;;;;;;;;
485;E;ROFF;Rosmarinus_officinalis;81;;;;;;;;;;
486;E;ROFF;Rosmarinus_officinalis;82;;;;;;;;;;
487;E;ROFF;Rosmarinus_officinalis;83;;;;;;;;;;
488;E;ROFF;Rosmarinus_officinalis;84;;;;;;;;;;
489;E;ROFF;Rosmarinus_officinalis;85;;;;;;;;;;
490;E;ROFF;Rosmarinus_officinalis;86;;;;;;;;;;
491;E;ROFF;Rosmarinus_officinalis;87;;;;;;;;;;
492;E;ROFF;Rosmarinus_officinalis;88;;;;;;;;;;
493;E;ROFF;Rosmarinus_officinalis;89;;;;;;;;;;
494;E;ROFF;Rosmarinus_officinalis;90;;;;;;;;;;
495;E;HCOM;Halimium_commutatum;181;1;3;;;;;;;;
495;E;HCOM;Halimium_commutatum;181;2;4;;4;1;Crisálida;;;;
495;E;HCOM;Halimium_commutatum;181;3;3;;;;"Blanquecinas; hongos";;;;
495;E;HCOM;Halimium_commutatum;181;4;3;;;;;;;;
495;E;HCOM;Halimium_commutatum;181;5;xxx;;;1;No abro el fruto porque se nota que hay una crisálida dentro, a ver si así emerge el adulto;;;;
495;E;HCOM;Halimium_commutatum;181;6;xxx;;;1;No abro el fruto porque se nota que hay una crisálida dentro, a ver si así emerge el adulto;;;;
495;E;HCOM;Halimium_commutatum;181;7;3;;;;;;;;
495;E;HCOM;Halimium_commutatum;181;8;xxx;;;1;No abro el fruto porque se nota que hay una crisálida dentro, a ver si así emerge el adulto;;;;
495;E;HCOM;Halimium_commutatum;181;9;2;;;;;;;;
495;E;HCOM;Halimium_commutatum;181;10;2;;;;;;;;
496;E;HCOM;Halimium_commutatum;182;1;4;;;;Blancas con hongos;;;;
496;E;HCOM;Halimium_commutatum;182;2;3;;;;Blancas con hongos;;;;
496;E;HCOM;Halimium_commutatum;182;3;3;;;;;;;;
496;E;HCOM;Halimium_commutatum;182;4;xxx;;;1;No abro el fruto porque se nota que hay una crisálida dentro, a ver si así emerge el adulto;;;;
496;E;HCOM;Halimium_commutatum;182;5;3;;;;Blancas, llenas de hongos;;;;
496;E;HCOM;Halimium_commutatum;182;6;3;;;;;;;;
496;E;HCOM;Halimium_commutatum;182;7;3;;;;;;;;
496;E;HCOM;Halimium_commutatum;182;8;xxx;;;1;No abro el fruto porque se nota que hay una crisálida dentro, a ver si así emerge el adulto;;;;
496;E;HCOM;Halimium_commutatum;182;9;2;;;;;;;;
496;E;HCOM;Halimium_commutatum;182;10;4;;;;;;;;
497;E;HCOM;Halimium_commutatum;183;1;4;;;;;;;;
497;E;HCOM;Halimium_commutatum;183;2;3;;;;Blanquecinas con hongos;;;;
497;E;HCOM;Halimium_commutatum;183;3;3;;;;Blancas con hongos;;;;
497;E;HCOM;Halimium_commutatum;183;4;xxx;;;1;No abro el fruto porque se nota que hay una crisálida dentro, a ver si así emerge el adulto;;;;
497;E;HCOM;Halimium_commutatum;183;5;xxx;;;1;No abro el fruto porque se nota que hay una crisálida dentro, a ver si así emerge el adulto;;;;
497;E;HCOM;Halimium_commutatum;183;6;2;;1;1;Larva dentro de 1 de las dos semillas;;;;
497;E;HCOM;Halimium_commutatum;183;7;3;;;;Blancas con hongos;;;;
497;E;HCOM;Halimium_commutatum;183;8;xxx;;;1;No abro el fruto porque se nota que hay una crisálida dentro, a ver si así emerge el adulto;;;;
497;E;HCOM;Halimium_commutatum;183;9;2;;;;Blanquecinas con hongos;;;;
497;E;HCOM;Halimium_commutatum;183;10;3;;;;Blanquecinas con hongos;;;;
498;E;HCOM;Halimium_commutatum;184;1;xxx;;;1;No abro el fruto porque se nota que hay una crisálida dentro, a ver si así emerge el adulto;;;;
498;E;HCOM;Halimium_commutatum;184;2;4;;;;;;;;
498;E;HCOM;Halimium_commutatum;184;3;3;;;;;;;;
498;E;HCOM;Halimium_commutatum;184;4;3;;;;;;;;
498;E;HCOM;Halimium_commutatum;184;5;3;;;;;;;;
498;E;HCOM;Halimium_commutatum;184;6;2;;;;;;;;
498;E;HCOM;Halimium_commutatum;184;7;3;;;;;;;;
498;E;HCOM;Halimium_commutatum;184;8;5;;;;;;;;
498;E;HCOM;Halimium_commutatum;184;9;5;;;;;;;;
498;E;HCOM;Halimium_commutatum;184;10;3;;;;;;;;
499;E;HCOM;Halimium_commutatum;185;1;5;;;;;;;;
499;E;HCOM;Halimium_commutatum;185;2;4;;;;;;;;
499;E;HCOM;Halimium_commutatum;185;3;6;;;;;;;;
499;E;HCOM;Halimium_commutatum;185;4;3;;;;;;;;
499;E;HCOM;Halimium_commutatum;185;5;6;;;;;;;;
499;E;HCOM;Halimium_commutatum;185;6;5;;;;;;;;
499;E;HCOM;Halimium_commutatum;185;7;3;;;;;;;;
499;E;HCOM;Halimium_commutatum;185;8;5;;;;;;;;
499;E;HCOM;Halimium_commutatum;185;9;3;;;;;;;;
499;E;HCOM;Halimium_commutatum;185;10;3;;3;;;;;;
500;E;HCOM;Halimium_commutatum;186;1;xxx;;;1;No abro el fruto porque se nota que hay una crisálida dentro, a ver si así emerge el adulto;;;;
500;E;HCOM;Halimium_commutatum;186;2;6;;;;;;;;
500;E;HCOM;Halimium_commutatum;186;3;3;;;;;;;;
500;E;HCOM;Halimium_commutatum;186;4;3;;;;;;;;
500;E;HCOM;Halimium_commutatum;186;5;4;;;;;;;;
500;E;HCOM;Halimium_commutatum;186;6;2;;;;;;;;
500;E;HCOM;Halimium_commutatum;186;7;xxx;;;1;No abro el fruto porque se nota que hay una crisálida dentro, a ver si así emerge el adulto;;;;
500;E;HCOM;Halimium_commutatum;186;8;3;;;;;;;;
500;E;HCOM;Halimium_commutatum;186;9;2;;;;;;;;
500;E;HCOM;Halimium_commutatum;186;10;1;;;;;;;;
501;E;HCOM;Halimium_commutatum;187;1;3;;;;;;;;
501;E;HCOM;Halimium_commutatum;187;2;2;;2;1;;;;;
501;E;HCOM;Halimium_commutatum;187;3;3;;;;;;;;
501;E;HCOM;Halimium_commutatum;187;4;2;;;;;;;;
501;E;HCOM;Halimium_commutatum;187;5;xxx;;;1;No abro el fruto porque se nota que hay una crisálida dentro, a ver si así emerge el adulto;;;;
501;E;HCOM;Halimium_commutatum;187;6;2;;;;;;;;
501;E;HCOM;Halimium_commutatum;187;7;2;;;;Blancas con hongos;;;;
501;E;HCOM;Halimium_commutatum;187;8;3;;;;;;;;
501;E;HCOM;Halimium_commutatum;187;9;2;;;;;;;;
501;E;HCOM;Halimium_commutatum;187;10;3;;;;Blancas con hongos;;;;
502;E;HCOM;Halimium_commutatum;188;1;3;;;;;;;;
502;E;HCOM;Halimium_commutatum;188;2;2;;;;;;;;
502;E;HCOM;Halimium_commutatum;188;3;4;;;;Blanquecinas con hongos;;;;
502;E;HCOM;Halimium_commutatum;188;4;5;;;;;;;;
502;E;HCOM;Halimium_commutatum;188;5;3;;;;Blanquecina con hongos;;;;
502;E;HCOM;Halimium_commutatum;188;6;2;;;;;;;;
502;E;HCOM;Halimium_commutatum;188;7;2;;;;;;;;
502;E;HCOM;Halimium_commutatum;188;8;3;;;;;;;;
502;E;HCOM;Halimium_commutatum;188;9;xxx;;;1;No abro el fruto porque se nota que hay una crisálida dentro, a ver si así emerge el adulto;;;;
502;E;HCOM;Halimium_commutatum;188;10;2;;;;;;;;
503;E;HCOM;Halimium_commutatum;189;1;3;;;;;;;;
503;E;HCOM;Halimium_commutatum;189;2;6;;;;Blancas con hongos;;;;
503;E;HCOM;Halimium_commutatum;189;3;2;;;;;;;;
503;E;HCOM;Halimium_commutatum;189;4;1;;;;;;;;
503;E;HCOM;Halimium_commutatum;189;5;3;;;;;;;;
503;E;HCOM;Halimium_commutatum;189;6;6;;;;;;;;
503;E;HCOM;Halimium_commutatum;189;7;3;;;;;;;;
503;E;HCOM;Halimium_commutatum;189;8;3;;;;Blanquecinas con hongos;;;;
503;E;HCOM;Halimium_commutatum;189;9;3;;;;;;;;
503;E;HCOM;Halimium_commutatum;189;10;xxx;;;1;No abro el fruto porque se nota que hay una crisálida dentro, a ver si así emerge el adulto;;;;
504;E;HCOM;Halimium_commutatum;190;1;3;;;;;;;;
504;E;HCOM;Halimium_commutatum;190;2;3;;;;;;;;
504;E;HCOM;Halimium_commutatum;190;3;2;;;;;;;;
504;E;HCOM;Halimium_commutatum;190;4;3;;;;;;;;
504;E;HCOM;Halimium_commutatum;190;5;3;;;;;;;;
504;E;HCOM;Halimium_commutatum;190;6;xxx;;;1;No abro el fruto porque se nota que hay una crisálida dentro, a ver si así emerge el adulto;;;;
504;E;HCOM;Halimium_commutatum;190;7;3;;;;;;;;
504;E;HCOM;Halimium_commutatum;190;8;3;;;;;;;;
504;E;HCOM;Halimium_commutatum;190;9;xxx;;;1;No abro el fruto porque se nota que hay una crisálida dentro, a ver si así emerge el adulto;;;;
504;E;HCOM;Halimium_commutatum;190;10;3;;;;;;;;
505;E;HCOM;Halimium_commutatum;191;1;4;;;;;;;;
505;E;HCOM;Halimium_commutatum;191;2;2;;;;;;;;
505;E;HCOM;Halimium_commutatum;191;3;3;;;;;;;;
505;E;HCOM;Halimium_commutatum;191;4;3;;;;;;;;
505;E;HCOM;Halimium_commutatum;191;5;3;;;;;;;;
505;E;HCOM;Halimium_commutatum;191;6;3;;;;;;;;
505;E;HCOM;Halimium_commutatum;191;7;2;;;;;;;;
505;E;HCOM;Halimium_commutatum;191;8;2;;;;;;;;
505;E;HCOM;Halimium_commutatum;191;9;3;;;;;;;;
505;E;HCOM;Halimium_commutatum;191;10;xxx;;;1;No abro el fruto porque se nota que hay una crisálida dentro, a ver si así emerge el adulto;;;;
506;E;HCOM;Halimium_commutatum;192;1;2;;;;;;;;
506;E;HCOM;Halimium_commutatum;192;2;2;;;;;;;;
506;E;HCOM;Halimium_commutatum;192;3;2;;;;;;;;
506;E;HCOM;Halimium_commutatum;192;4;2;;;;;;;;
506;E;HCOM;Halimium_commutatum;192;5;2;;;;;;;;
506;E;HCOM;Halimium_commutatum;192;6;2;;;;;;;;
506;E;HCOM;Halimium_commutatum;192;7;xxx;;;1;No abro el fruto porque se nota que hay una crisálida dentro, a ver si así emerge el adulto;;;;
506;E;HCOM;Halimium_commutatum;192;8;3;;;;;;;;
506;E;HCOM;Halimium_commutatum;192;9;xxx;;;1;No abro el fruto porque se nota que hay una crisálida dentro, a ver si así emerge el adulto;;;;
506;E;HCOM;Halimium_commutatum;192;10;3;;;;;;;;
507;E;HCOM;Halimium_commutatum;193;1;3;;;;Blanquecinas con hongos;;;;
507;E;HCOM;Halimium_commutatum;193;2;4;;;;;;;;
507;E;HCOM;Halimium_commutatum;193;3;4;;;;Blancas con hongos;;;;
507;E;HCOM;Halimium_commutatum;193;4;2;;;;;;;;
507;E;HCOM;Halimium_commutatum;193;5;4;;;;Blancas con hongos;;;;
507;E;HCOM;Halimium_commutatum;193;6;2;;;;;;;;
507;E;HCOM;Halimium_commutatum;193;7;2;;;;;;;;
507;E;HCOM;Halimium_commutatum;193;8;2;;;;;;;;
507;E;HCOM;Halimium_commutatum;193;9;3;;;;;;;;
507;E;HCOM;Halimium_commutatum;193;10;2;;;;;;;;
508;E;HCOM;Halimium_commutatum;194;1;6;;;;Blancas con hongos;;;;
508;E;HCOM;Halimium_commutatum;194;2;2;;;;Blanquecinas con hongos;;;;
508;E;HCOM;Halimium_commutatum;194;3;1;;;;;;;;
508;E;HCOM;Halimium_commutatum;194;4;2;;;;Blancas con hongos;;;;
508;E;HCOM;Halimium_commutatum;194;5;4;;;;;;;;
508;E;HCOM;Halimium_commutatum;194;6;xxx;;;1;No abro el fruto porque se nota que hay una crisálida dentro, a ver si así emerge el adulto;;;;
508;E;HCOM;Halimium_commutatum;194;7;4;;;;Blancas con hongos;;;;
508;E;HCOM;Halimium_commutatum;194;8;3;;;;;;;;
508;E;HCOM;Halimium_commutatum;194;9;xxx;;;1;No abro el fruto porque se nota que hay una crisálida dentro, a ver si así emerge el adulto;;;;
508;E;HCOM;Halimium_commutatum;194;10;2;;;;;;;;
509;E;HCOM;Halimium_commutatum;195;1;3;;;;;;;;
509;E;HCOM;Halimium_commutatum;195;2;4;;;;;;;;
509;E;HCOM;Halimium_commutatum;195;3;3;;;;Blanquecinas con hongos;;;;
509;E;HCOM;Halimium_commutatum;195;4;3;;;;;;;;
509;E;HCOM;Halimium_commutatum;195;5;4;;;;;;;;
509;E;HCOM;Halimium_commutatum;195;6;2;;;;Blancas con hongos;;;;
509;E;HCOM;Halimium_commutatum;195;7;3;;;;;;;;
509;E;HCOM;Halimium_commutatum;195;8;2;;;;;;;;
509;E;HCOM;Halimium_commutatum;195;9;3;;;;;;;;
509;E;HCOM;Halimium_commutatum;195;10;3;;;;;;;;
510;E;LPED;Lavandula_pedunculata;321;;;;;;;;;;
511;E;LPED;Lavandula_pedunculata;322;;;;;;;;;;
512;E;LPED;Lavandula_pedunculata;323;;;;;;;;;;
513;E;LPED;Lavandula_pedunculata;324;;;;;;;;;;
514;E;LPED;Lavandula_pedunculata;325;;;;;;;;;;
515;E;LPED;Lavandula_pedunculata;326;;;;;;;;;;
516;E;LPED;Lavandula_pedunculata;327;;;;;;;;;;
517;E;LPED;Lavandula_pedunculata;328;;;;;;;;;;
518;E;LPED;Lavandula_pedunculata;329;;;;;;;;;;
519;E;LPED;Lavandula_pedunculata;330;;;;;;;;;;
520;E;LPED;Lavandula_pedunculata;331;;;;;;;;;;
521;E;LPED;Lavandula_pedunculata;332;;;;;;;;;;
522;E;LPED;Lavandula_pedunculata;333;;;;;;;;;;
523;E;LPED;Lavandula_pedunculata;334;;;;;;;;;;
524;E;LPED;Lavandula_pedunculata;335;;;;;;;;;;
525;E;CSAL;Cistus_salviifolius;361;1;47;;;;;;;;
525;E;CSAL;Cistus_salviifolius;361;2;33;;;;Agujero;;;;
525;E;CSAL;Cistus_salviifolius;361;3;36;;;;;;;;
525;E;CSAL;Cistus_salviifolius;361;4;27;;;;;;;;
525;E;CSAL;Cistus_salviifolius;361;5;42;;;;;;;;
525;E;CSAL;Cistus_salviifolius;361;6;36;;;;;;;;
525;E;CSAL;Cistus_salviifolius;361;7;35;;;;;;;;
525;E;CSAL;Cistus_salviifolius;361;8;31;;;;;;;;
525;E;CSAL;Cistus_salviifolius;361;9;35;;;;;;;;
525;E;CSAL;Cistus_salviifolius;361;10;12;;;;;;;;
526;E;CSAL;Cistus_salviifolius;362;1;40;;;;;;;;
526;E;CSAL;Cistus_salviifolius;362;2;41;;;;;;;;
526;E;CSAL;Cistus_salviifolius;362;3;29;;;;;;;;
526;E;CSAL;Cistus_salviifolius;362;4;21;;;;;;;;
526;E;CSAL;Cistus_salviifolius;362;5;23;;;;;;;;
526;E;CSAL;Cistus_salviifolius;362;6;39;;;;;;;;
526;E;CSAL;Cistus_salviifolius;362;7;30;;;;;;;;
526;E;CSAL;Cistus_salviifolius;362;8;30;;;;;;;;
526;E;CSAL;Cistus_salviifolius;362;9;38;;;;;;;;
526;E;CSAL;Cistus_salviifolius;362;10;39;;;;;;;;
527;E;CSAL;Cistus_salviifolius;363;1;38;;;;;;;;
527;E;CSAL;Cistus_salviifolius;363;2;41;;;;;;;;
527;E;CSAL;Cistus_salviifolius;363;3;0;;;1;Restos de semillas comidas y una cabeza, guardamos cabeza por un lado y le resto por otro;;;;
527;E;CSAL;Cistus_salviifolius;363;4;41;;;;;;;;
527;E;CSAL;Cistus_salviifolius;363;5;6;;;;;;;;
527;E;CSAL;Cistus_salviifolius;363;6;25;;;;;;;;
527;E;CSAL;Cistus_salviifolius;363;7;25;;;;;;;;
527;E;CSAL;Cistus_salviifolius;363;8;23;;;;;;;;
527;E;CSAL;Cistus_salviifolius;363;9;0;;;;;;;;
527;E;CSAL;Cistus_salviifolius;363;10;7;;;;;;;;
528;E;CSAL;Cistus_salviifolius;364;1;30;;;;;;;;
528;E;CSAL;Cistus_salviifolius;364;2;33;;;;;;;;
528;E;CSAL;Cistus_salviifolius;364;3;37;;;;;;;;
528;E;CSAL;Cistus_salviifolius;364;4;32;;;;;;;;
528;E;CSAL;Cistus_salviifolius;364;5;37;;;;;;;;
528;E;CSAL;Cistus_salviifolius;364;6;39;;19;;"Restos crisálida; agujerito";;;;
528;E;CSAL;Cistus_salviifolius;364;7;28;;;;;;;;
528;E;CSAL;Cistus_salviifolius;364;8;37;;;;;;;;
528;E;CSAL;Cistus_salviifolius;364;9;33;;;;;;;;
528;E;CSAL;Cistus_salviifolius;364;10;13;;;;;;;;
528;E;CSAL;Cistus_salviifolius;364;Sobre;;;;1;En el sobre;;;;
529;E;CSAL;Cistus_salviifolius;365;1;23;;;;;;;;
529;E;CSAL;Cistus_salviifolius;365;2;19;;;;;;;;
529;E;CSAL;Cistus_salviifolius;365;3;11;;;;;;;;
530;E;CSAL;Cistus_salviifolius;365_1;1;25;;;;;;;;
530;E;CSAL;Cistus_salviifolius;365_1;2;25;;;;;;;;
530;E;CSAL;Cistus_salviifolius;365_1;3;13;;;;;;;;
530;E;CSAL;Cistus_salviifolius;365_1;4;10;;;;;;;;
531;E;CSAL;Cistus_salviifolius;365_2;1;43;;;;;;;;
531;E;CSAL;Cistus_salviifolius;365_2;2;46;;;;;;;;
531;E;CSAL;Cistus_salviifolius;365_2;3;29;;;;;;;;
531;E;CSAL;Cistus_salviifolius;365_2;4;47;;;;;;;;
531;E;CSAL;Cistus_salviifolius;365_2;5;15;;;;;;;;
531;E;CSAL;Cistus_salviifolius;365_2;6;49;;;;;;;;
531;E;CSAL;Cistus_salviifolius;365_2;7;47;;;;;;;;
531;E;CSAL;Cistus_salviifolius;365_2;8;44;;;;;;;;
531;E;CSAL;Cistus_salviifolius;365_2;9;36;;;;;;;;
531;E;CSAL;Cistus_salviifolius;365_2;10;37;;;;;;;;
532;E;CSAL;Cistus_salviifolius;365_3;1;36;;;;;;;;
532;E;CSAL;Cistus_salviifolius;365_3;2;0;;6;;"Agujerito; semillas muy comidas, sólo quedan restos muy pequeños";;;;
532;E;CSAL;Cistus_salviifolius;365_3;3;35;;;;;;;;
532;E;CSAL;Cistus_salviifolius;365_3;4;28;;;;;;;;
532;E;CSAL;Cistus_salviifolius;365_3;5;0;;;;Todo comido;;;;
532;E;CSAL;Cistus_salviifolius;365_3;6;26;;;;;;;;
532;E;CSAL;Cistus_salviifolius;365_3;7;35;;;;;;;;
532;E;CSAL;Cistus_salviifolius;365_3;8;33;;;;;;;;
532;E;CSAL;Cistus_salviifolius;365_3;9;36;;;;;;;;
532;E;CSAL;Cistus_salviifolius;365_3;10;39;;;;;;;;
533;E;CSAL;Cistus_salviifolius;365_4;1;48;;;;;;;;
533;E;CSAL;Cistus_salviifolius;365_4;2;39;;;;;;;;
533;E;CSAL;Cistus_salviifolius;365_4;3;17;;;;;;;;
533;E;CSAL;Cistus_salviifolius;365_4;4;3;;;;Fruto comido en la base y casi vacío;;;;
533;E;CSAL;Cistus_salviifolius;365_4;5;42;;;;;;;;
533;E;CSAL;Cistus_salviifolius;365_4;6;21;;;;;;;;
533;E;CSAL;Cistus_salviifolius;365_4;7;38;;;;;;;;
533;E;CSAL;Cistus_salviifolius;365_4;8;48;;;;;;;;
533;E;CSAL;Cistus_salviifolius;365_4;9;37;;;;;;;;
533;E;CSAL;Cistus_salviifolius;365_4;10;19;;;;;;;;
534;E;CLIB;Cistus_libanotis;411;;;;;;;;;;
535;E;CLIB;Cistus_libanotis;412;;;;;;;;;;
536;E;CLIB;Cistus_libanotis;413;;;;;;;;;;
537;E;CLIB;Cistus_libanotis;414;;;;;;;;;;
538;E;CLIB;Cistus_libanotis;415;;;;;;;;;;
539;E;CLIB;Cistus_libanotis;416;;;;;;;;;;
540;E;CLIB;Cistus_libanotis;417;;;;;;;;;;
541;E;CLIB;Cistus_libanotis;418;;;;;;;;;;
542;E;CLIB;Cistus_libanotis;419;;;;;;;;;;
543;E;CLIB;Cistus_libanotis;420;;;;;;;;;;
544;E;CLIB;Cistus_libanotis;421;;;;;;;;;;
545;E;CLIB;Cistus_libanotis;422;;;;;;;;;;
546;E;CLIB;Cistus_libanotis;423;;;;;;;;;;
547;E;CLIB;Cistus_libanotis;424;;;;;;;;;;
548;E;CLIB;Cistus_libanotis;425;;;;;;;;;;
549;E;AVEL;Armeria_velutina;450;;;;;;;;;;
550;E;AVEL;Armeria_velutina;451;;;;;;;;;;
551;E;AVEL;Armeria_velutina;452;;;;;;;;;;
552;E;AVEL;Armeria_velutina;453;;;;;;;;;;
553;E;AVEL;Armeria_velutina;454;;;;;;;;;;
554;E;AVEL;Armeria_velutina;455;;;;;;;;;;
555;E;AVEL;Armeria_velutina;456;;;;;;;;;;
556;E;AVEL;Armeria_velutina;457;;;;;;;;;;
557;E;AVEL;Armeria_velutina;458;;;;;;;;;;
558;E;AVEL;Armeria_velutina;459;;;;;;;;;;
559;E;HHAL;Halimium_halimifolium;531;;;;;;;;;;
560;E;HHAL;Halimium_halimifolium;532;;;;;;;;;;
561;E;HHAL;Halimium_halimifolium;533;;;;;;;;;;
562;E;HHAL;Halimium_halimifolium;534;;;;;;;;;;
563;E;HHAL;Halimium_halimifolium;535;;;;;;;;;;
564;E;HHAL;Halimium_halimifolium;536;;;;;;;;;;
565;E;HHAL;Halimium_halimifolium;537;;;;;;;;;;
566;E;HHAL;Halimium_halimifolium;538;;;;;;;;;;
567;E;HHAL;Halimium_halimifolium;539;;;;;;;;;;
568;E;HHAL;Halimium_halimifolium;540;;;;;;;;;;
569;E;HHAL;Halimium_halimifolium;541;;;;;;;;;;
570;E;HHAL;Halimium_halimifolium;542;1;0;;;;;;;;
570;E;HHAL;Halimium_halimifolium;542;2;0;;;;;;;;
570;E;HHAL;Halimium_halimifolium;542;3;0;;;;;;;;
570;E;HHAL;Halimium_halimifolium;542;4;;;;;;;;;
570;E;HHAL;Halimium_halimifolium;542;5;;;;;;;;;
570;E;HHAL;Halimium_halimifolium;542;6;;;;;;;;;
570;E;HHAL;Halimium_halimifolium;542;7;;;;;;;;;
570;E;HHAL;Halimium_halimifolium;542;8;;;;;;;;;
570;E;HHAL;Halimium_halimifolium;542;9;;;;;;;;;
570;E;HHAL;Halimium_halimifolium;542;10;;;;;;;;;
571;E;HHAL;Halimium_halimifolium;543;;;;;;;;;;
572;E;HHAL;Halimium_halimifolium;544;;;;;;;;;;
573;E;HHAL;Halimium_halimifolium;545;1;26;0,003;;;Visualmente frutos de mala calidad;;;;
573;E;HHAL;Halimium_halimifolium;545;2;30;0,0043;;;Visualmente frutos de mala calidad;;;;
573;E;HHAL;Halimium_halimifolium;545;3;24;0,0032;;;Visualmente frutos de mala calidad;;;;
573;E;HHAL;Halimium_halimifolium;545;4;36;0,004;;;Visualmente frutos de mala calidad;;;;
573;E;HHAL;Halimium_halimifolium;545;5;34;0,0034;;;Visualmente frutos de mala calidad;;;;
573;E;HHAL;Halimium_halimifolium;545;6;26;0,0031;;;Visualmente frutos de mala calidad;;;;
573;E;HHAL;Halimium_halimifolium;545;7;0;;;;Visualmente frutos de mala calidad;;;;
573;E;HHAL;Halimium_halimifolium;545;8;0;;;;Visualmente frutos de mala calidad;;;;
573;E;HHAL;Halimium_halimifolium;545;9;0;;;;Visualmente frutos de mala calidad;;;;
573;E;HHAL;Halimium_halimifolium;545;10;0;;;;Visualmente frutos de mala calidad;;;;
574;E;TMAS;Thymus_mastichina;601;;;;;;;;;;
575;E;TMAS;Thymus_mastichina;602;;;;;;;;;;
576;E;TMAS;Thymus_mastichina;603;;;;;;;;;;
577;E;TMAS;Thymus_mastichina;604;;;;;;;;;;
578;E;TMAS;Thymus_mastichina;605;;;;;;;;;;
579;E;TMAS;Thymus_mastichina;606;;;;;;;;;;
580;E;TMAS;Thymus_mastichina;607;;;;;;;;;;
581;E;TMAS;Thymus_mastichina;608;;;;;;;;;;
582;E;TMAS;Thymus_mastichina;609;;;;;;;;;;
583;E;TMAS;Thymus_mastichina;610;;;;;;;;;;
584;F;LPED;Lavandula_pedunculata;336;;;;;;;;;;
585;F;LPED;Lavandula_pedunculata;337;;;;;;;;;;
586;F;LPED;Lavandula_pedunculata;338;;;;;;;;;;
587;F;LPED;Lavandula_pedunculata;339;;;;;;;;;;
588;F;LPED;Lavandula_pedunculata;340;;;;;;;;;;
589;F;LPED;Lavandula_pedunculata;341;;;;;;;;;;
590;F;LPED;Lavandula_pedunculata;342;;;;;;;;;;
591;F;LPED;Lavandula_pedunculata;343;;;;;;;;;;
592;F;LPED;Lavandula_pedunculata;344;;;;;;;;;;
593;F;LPED;Lavandula_pedunculata;345;;;;;;;;;;
594;F;LPED;Lavandula_pedunculata;346;;;;;;;;;;
595;F;LPED;Lavandula_pedunculata;347;;;;;;;;;;
596;F;LPED;Lavandula_pedunculata;348;;;;;;;;;;
597;F;LPED;Lavandula_pedunculata;349;;;;;;;;;;
598;F;LPED;Lavandula_pedunculata;350;;;;;;;;;;
599;F;ROFF;Rosmarinus_officinalis;91;;;;;;;;;;
600;F;ROFF;Rosmarinus_officinalis;92;;;;;;;;;;
601;F;ROFF;Rosmarinus_officinalis;93;;;;;;;;;;
602;F;ROFF;Rosmarinus_officinalis;94;;;;;;;;;;
603;F;ROFF;Rosmarinus_officinalis;95;;;;;;;;;;
604;F;ROFF;Rosmarinus_officinalis;96;;;;;;;;;;
605;F;ROFF;Rosmarinus_officinalis;97;;;;;;;;;;
606;F;ROFF;Rosmarinus_officinalis;98;;;;;;;;;;
607;F;ROFF;Rosmarinus_officinalis;99;;;;;;;;;;
608;F;ROFF;Rosmarinus_officinalis;100;;;;;;;;;;
609;F;ROFF;Rosmarinus_officinalis;101;;;;;;;;;;
610;F;ROFF;Rosmarinus_officinalis;102;;;;;;;;;;
611;F;ROFF;Rosmarinus_officinalis;103;;;;;;;;;;
612;F;ROFF;Rosmarinus_officinalis;104;;;;;;;;;;
613;F;ROFF;Rosmarinus_officinalis;105;;;;;;;;;;
614;F;HCOM;Halimium_commutatum;196;1;2;;;;;;;;
614;F;HCOM;Halimium_commutatum;196;2;3;;;;;;;;
614;F;HCOM;Halimium_commutatum;196;3;4;;;;;;;;
614;F;HCOM;Halimium_commutatum;196;4;6;;;;;;;;
614;F;HCOM;Halimium_commutatum;196;5;3;;;;;;;;
614;F;HCOM;Halimium_commutatum;196;6;3;;3;;;;;;
614;F;HCOM;Halimium_commutatum;196;7;4;;4;1;Crisálida;;;;
614;F;HCOM;Halimium_commutatum;196;8;4;;;;;;;;
614;F;HCOM;Halimium_commutatum;196;9;4;;;;Blanquecinas con hongos;;;;
614;F;HCOM;Halimium_commutatum;196;10;6;;;;;;;;
615;F;HCOM;Halimium_commutatum;197;1;4;;;;;;;;
615;F;HCOM;Halimium_commutatum;197;2;4;;;;;;;;
615;F;HCOM;Halimium_commutatum;197;3;3;;;;;;;;
615;F;HCOM;Halimium_commutatum;197;4;6;;;;Blanquecinas con hongos;;;;
615;F;HCOM;Halimium_commutatum;197;5;6;;;;;;;;
615;F;HCOM;Halimium_commutatum;197;6;5;;;;;;;;
615;F;HCOM;Halimium_commutatum;197;7;3;;;;Blanquecinas con hongos;;;;
615;F;HCOM;Halimium_commutatum;197;8;4;;;;;;;;
615;F;HCOM;Halimium_commutatum;197;9;2;;;;Blanquecinas con hongos;;;;
615;F;HCOM;Halimium_commutatum;197;10;4;;;;;;;;
616;F;HCOM;Halimium_commutatum;198;1;2;;;;;;;;
616;F;HCOM;Halimium_commutatum;198;2;2;;;;;;;;
616;F;HCOM;Halimium_commutatum;198;3;1;;;;;;;;
616;F;HCOM;Halimium_commutatum;198;4;3;;;;;;;;
616;F;HCOM;Halimium_commutatum;198;5;2;;;;;;;;
616;F;HCOM;Halimium_commutatum;198;6;3;;;;;;;;
616;F;HCOM;Halimium_commutatum;198;7;4;;;;;;;;
616;F;HCOM;Halimium_commutatum;198;8;2;;;;;;;;
616;F;HCOM;Halimium_commutatum;198;9;3;;;;;;;;
616;F;HCOM;Halimium_commutatum;198;10;3;;;;;;;;
617;F;HCOM;Halimium_commutatum;199;1;6;;;;;;;;
617;F;HCOM;Halimium_commutatum;199;2;4;;;;;;;;
617;F;HCOM;Halimium_commutatum;199;3;5;;;;;;;;
617;F;HCOM;Halimium_commutatum;199;4;3;;;;;;;;
617;F;HCOM;Halimium_commutatum;199;5;3;;;;;;;;
617;F;HCOM;Halimium_commutatum;199;6;2;;;;;;;;
617;F;HCOM;Halimium_commutatum;199;7;3;;;;;;;;
617;F;HCOM;Halimium_commutatum;199;8;3;;;;;;;;
617;F;HCOM;Halimium_commutatum;199;9;4;;;;;;;;
617;F;HCOM;Halimium_commutatum;199;10;5;;;;;;;;
618;F;HCOM;Halimium_commutatum;200;1;3;;;;;;;;
618;F;HCOM;Halimium_commutatum;200;2;2;;;;;;;;
618;F;HCOM;Halimium_commutatum;200;3;2;;;;;;;;
618;F;HCOM;Halimium_commutatum;200;4;3;;;;;;;;
618;F;HCOM;Halimium_commutatum;200;5;3;;;;;;;;
618;F;HCOM;Halimium_commutatum;200;6;3;;;;;;;;
618;F;HCOM;Halimium_commutatum;200;7;4;;;;;;;;
618;F;HCOM;Halimium_commutatum;200;8;3;;;;;;;;
618;F;HCOM;Halimium_commutatum;200;9;3;;;;Una semilla con mal aspecto, poco turgente;;;;
618;F;HCOM;Halimium_commutatum;200;10;3;;;;;;;;
619;F;HCOM;Halimium_commutatum;201;1;7;;;;;;;;
619;F;HCOM;Halimium_commutatum;201;2;6;;;;Blancas con hongos;;;;
619;F;HCOM;Halimium_commutatum;201;3;3;;;;;;;;
619;F;HCOM;Halimium_commutatum;201;4;6;;;;;;;;
619;F;HCOM;Halimium_commutatum;201;5;5;;;;;;;;
619;F;HCOM;Halimium_commutatum;201;6;5;;;;;;;;
619;F;HCOM;Halimium_commutatum;201;7;6;;;;;;;;
619;F;HCOM;Halimium_commutatum;201;8;7;;;;;;;;
619;F;HCOM;Halimium_commutatum;201;9;5;;;;;;;;
619;F;HCOM;Halimium_commutatum;201;10;6;;;;Blanquecinas con hongos;;;;
620;F;HCOM;Halimium_commutatum;202;1;4;;;;;;;;
620;F;HCOM;Halimium_commutatum;202;2;2;;;;;;;;
620;F;HCOM;Halimium_commutatum;202;3;1;;;;;;;;
620;F;HCOM;Halimium_commutatum;202;4;4;;;;;;;;
620;F;HCOM;Halimium_commutatum;202;5;3;;;;;;;;
620;F;HCOM;Halimium_commutatum;202;6;4;;;;;;;;
620;F;HCOM;Halimium_commutatum;202;7;3;;;;;;;;
620;F;HCOM;Halimium_commutatum;202;8;2;;;;;;;;
620;F;HCOM;Halimium_commutatum;202;9;3;;;;;;;;
620;F;HCOM;Halimium_commutatum;202;10;3;;;;;;;;
621;F;HCOM;Halimium_commutatum;203;1;3;;;;Blanquecinas con hongos;;;;
621;F;HCOM;Halimium_commutatum;203;2;3;;;;;;;;
621;F;HCOM;Halimium_commutatum;203;3;2;;;;;;;;
621;F;HCOM;Halimium_commutatum;203;4;4;;;;Blancas con hongos;;;;
621;F;HCOM;Halimium_commutatum;203;5;5;;;;;;;;
621;F;HCOM;Halimium_commutatum;203;6;3;;;;;;;;
621;F;HCOM;Halimium_commutatum;203;7;4;;;;;;;;
621;F;HCOM;Halimium_commutatum;203;8;xxx;;;1;No abro el fruto porque se nota que hay una crisálida dentro, a ver si así emerge el adulto;;;;
621;F;HCOM;Halimium_commutatum;203;9;6;;;;;;;;
621;F;HCOM;Halimium_commutatum;203;10;5;;;;;;;;
622;F;HCOM;Halimium_commutatum;204;1;3;;;;;;;;
622;F;HCOM;Halimium_commutatum;204;2;3;;;;;;;;
622;F;HCOM;Halimium_commutatum;204;3;5;;;;;;;;
622;F;HCOM;Halimium_commutatum;204;4;3;;;;;;;;
622;F;HCOM;Halimium_commutatum;204;5;3;;;;;;;;
622;F;HCOM;Halimium_commutatum;204;6;3;;;;;;;;
622;F;HCOM;Halimium_commutatum;204;7;3;;;;;;;;
622;F;HCOM;Halimium_commutatum;204;8;4;;;;;;;;
623;F;HCOM;Halimium_commutatum;205;1;3;;;;;;;;
623;F;HCOM;Halimium_commutatum;205;2;3;;;;Blancas con hongos;;;;
623;F;HCOM;Halimium_commutatum;205;3;4;;;;;;;;
623;F;HCOM;Halimium_commutatum;205;4;3;;;;;;;;
623;F;HCOM;Halimium_commutatum;205;5;3;;;;;;;;
623;F;HCOM;Halimium_commutatum;205;6;2;;;;;;;;
623;F;HCOM;Halimium_commutatum;205;7;4;;;;;;;;
623;F;HCOM;Halimium_commutatum;205;8;4;;;;;;;;
623;F;HCOM;Halimium_commutatum;205;9;3;;;;;;;;
623;F;HCOM;Halimium_commutatum;205;10;4;;4;0;Serrín y semillas comidas pero sin el antagonista;;;;
624;F;HCOM;Halimium_commutatum;206;1;1;;;;;;;;
624;F;HCOM;Halimium_commutatum;206;2;1;;;;;;;;
624;F;HCOM;Halimium_commutatum;206;3;2;;;;;;;;
624;F;HCOM;Halimium_commutatum;206;4;3;;;;;;;;
624;F;HCOM;Halimium_commutatum;206;5;3;;;;;;;;
624;F;HCOM;Halimium_commutatum;206;6;2;;;;;;;;
624;F;HCOM;Halimium_commutatum;206;7;1;;;;;;;;
624;F;HCOM;Halimium_commutatum;206;8;4;;;;;;;;
624;F;HCOM;Halimium_commutatum;206;9;3;;;;;;;;
624;F;HCOM;Halimium_commutatum;206;10;1;;;;;;;;
625;F;HCOM;Halimium_commutatum;207;1;3;;;;;;;;
625;F;HCOM;Halimium_commutatum;207;2;4;;;;;;;;
625;F;HCOM;Halimium_commutatum;207;3;3;;;;;;;;
625;F;HCOM;Halimium_commutatum;207;4;3;;;;;;;;
625;F;HCOM;Halimium_commutatum;207;5;3;;;;Blanquecinas con hongos;;;;
625;F;HCOM;Halimium_commutatum;207;6;2;;;;;;;;
625;F;HCOM;Halimium_commutatum;207;7;2;;;;;;;;
625;F;HCOM;Halimium_commutatum;207;8;4;;;;Blaquecinas con hongos;;;;
625;F;HCOM;Halimium_commutatum;207;9;3;;;;;;;;
625;F;HCOM;Halimium_commutatum;207;10;3;;;;;;;;
626;F;HCOM;Halimium_commutatum;208;1;2;;;;;;;;
626;F;HCOM;Halimium_commutatum;208;2;3;;;;;;;;
626;F;HCOM;Halimium_commutatum;208;3;3;;;;;;;;
626;F;HCOM;Halimium_commutatum;208;4;3;;;;;;;;
626;F;HCOM;Halimium_commutatum;208;5;3;;;;;;;;
626;F;HCOM;Halimium_commutatum;208;6;3;;;;;;;;
626;F;HCOM;Halimium_commutatum;208;7;2;;;;;;;;
626;F;HCOM;Halimium_commutatum;208;8;2;;;;;;;;
626;F;HCOM;Halimium_commutatum;208;9;3;;;;;;;;
626;F;HCOM;Halimium_commutatum;208;10;4;;;;;;;;
627;F;HCOM;Halimium_commutatum;209;1;4;;;;;;;;
627;F;HCOM;Halimium_commutatum;209;2;3;;;;;;;;
627;F;HCOM;Halimium_commutatum;209;3;3;;;;;;;;
627;F;HCOM;Halimium_commutatum;209;4;3;;;;Blanquecinas con hongos;;;;
627;F;HCOM;Halimium_commutatum;209;5;3;;;;;;;;
627;F;HCOM;Halimium_commutatum;209;6;4;;;;;;;;
627;F;HCOM;Halimium_commutatum;209;7;5;;;;;;;;
627;F;HCOM;Halimium_commutatum;209;8;3;;;;;;;;
627;F;HCOM;Halimium_commutatum;209;9;4;;;;;;;;
627;F;HCOM;Halimium_commutatum;209;10;3;;;;Blanquecinas con hongos;;;;
628;F;HCOM;Halimium_commutatum;210;1;4;;;;Blanquecinas con hongos;;;;
628;F;HCOM;Halimium_commutatum;210;2;4;;;;;;;;
628;F;HCOM;Halimium_commutatum;210;3;1;;;;Blancas con hongos;;;;
628;F;HCOM;Halimium_commutatum;210;4;3;;;;;;;;
628;F;HCOM;Halimium_commutatum;210;5;2;;;;;;;;
628;F;HCOM;Halimium_commutatum;210;6;2;;;;Blancas con hongos;;;;
628;F;HCOM;Halimium_commutatum;210;7;1;;;;Blancas con hongos;;;;
628;F;HCOM;Halimium_commutatum;210;8;2;;;;;;;;
628;F;HCOM;Halimium_commutatum;210;9;2;;;;;;;;
628;F;HCOM;Halimium_commutatum;210;10;2;;;;;;;;
629;F;UPAR;Ulex_parviflorus;212;;;;;;;;;;
630;F;UPAR;Ulex_parviflorus;214;;;;;;;;;;
631;F;UPAR;Ulex_parviflorus;218;;;;;;;;;;
632;F;UPAR;Ulex_parviflorus;221;;;;;;;;;;
633;F;UPAR;Ulex_parviflorus;222;;;;;;;;;;
634;F;UPAR;Ulex_parviflorus;223;;;;;;;;;;
635;F;UPAR;Ulex_parviflorus;224;;;;;;;;;;
636;F;UPAR;Ulex_parviflorus;X;;;;;;;;;;
637;F;SGEN;Stauracanthus_genistoides;213;Open;1;;;1;Crisálida;3;3;;1
637;F;SGEN;Stauracanthus_genistoides;213;1;1;;;;;;;;
637;F;SGEN;Stauracanthus_genistoides;213;2;1;;;;;;;;
637;F;SGEN;Stauracanthus_genistoides;213;3;4;;;;;;;;
637;F;SGEN;Stauracanthus_genistoides;213;4;0;;Y;1;;;;;
637;F;SGEN;Stauracanthus_genistoides;213;5;0;;;;;;;;
637;F;SGEN;Stauracanthus_genistoides;213;6;0;;;;;;;;
638;F;SGEN;Stauracanthus_genistoides;215;Open;2,4;;;;;10;24;;2,4
638;F;SGEN;Stauracanthus_genistoides;215;1;3;;;;;;;;
638;F;SGEN;Stauracanthus_genistoides;215;2;2;;;;;;;;
638;F;SGEN;Stauracanthus_genistoides;215;3;0;;;;;;;;
638;F;SGEN;Stauracanthus_genistoides;215;4;0;;;;;;;;
638;F;SGEN;Stauracanthus_genistoides;215;5;0;;;1;;;;;
639;F;SGEN;Stauracanthus_genistoides;216;All;2,583333333;;;1;Gorgojo;12;30;1;2,583333333
640;F;SGEN;Stauracanthus_genistoides;217;Open;2,636363636;;;;;11;29;;2,636363636
640;F;SGEN;Stauracanthus_genistoides;217;1;1;;;;;;;;
641;F;SGEN;Stauracanthus_genistoides;219;All;2;;;1;;5;10;;2
642;F;SGEN;Stauracanthus_genistoides;220;Open;2,357142857;;;1;;14;33;;2,357142857
642;F;SGEN;Stauracanthus_genistoides;220;1;1;;;;;;;;
642;F;SGEN;Stauracanthus_genistoides;220;2;;;;1;;;;;
643;F;SGEN;Stauracanthus_genistoides;225;Open;2;;;;;10;20;;2
643;F;SGEN;Stauracanthus_genistoides;225;1;0;;;;;;;;
643;F;SGEN;Stauracanthus_genistoides;225;2;0;;;;;;;;
643;F;SGEN;Stauracanthus_genistoides;225;3;1;;;;;;;;
643;F;SGEN;Stauracanthus_genistoides;225;4;0;;;;;;;;
643;F;SGEN;Stauracanthus_genistoides;225;5;0;;;;;;;;
644;F;SGEN;Stauracanthus_genistoides;211;Open;2,666666667;;;1;;15;37;3;2,666666667
644;F;SGEN;Stauracanthus_genistoides;211;1;2;;;;;;;;
645;F;CLIB;Cistus_libanotis;426;;;;;;;;;;
646;F;CLIB;Cistus_libanotis;427;;;;;;;;;;
647;F;CLIB;Cistus_libanotis;428;;;;;;;;;;
648;F;CLIB;Cistus_libanotis;429;;;;;;;;;;
649;F;CLIB;Cistus_libanotis;430;;;;;;;;;;
650;F;CLIB;Cistus_libanotis;431;;;;;;;;;;
651;F;CLIB;Cistus_libanotis;432;;;;;;;;;;
652;F;CLIB;Cistus_libanotis;433;;;;;;;;;;
653;F;CLIB;Cistus_libanotis;434;;;;;;;;;;
654;F;CLIB;Cistus_libanotis;435;;;;;;;;;;
655;F;CLIB;Cistus_libanotis;561;;;;;;;;;;
656;F;CLIB;Cistus_libanotis;562;;;;;;;;;;
657;F;CLIB;Cistus_libanotis;563;;;;;;;;;;
658;F;CLIB;Cistus_libanotis;564;;;;;;;;;;
659;F;CLIB;Cistus_libanotis;565;;;;;;;;;;
660;F;AVEL;Armeria_velutina;460;;;;;;;;;;
661;F;AVEL;Armeria_velutina;461;;;;;;;;;;
662;F;AVEL;Armeria_velutina;462;;;;;;;;;;
663;F;AVEL;Armeria_velutina;463;;;;;;;;;;
664;F;AVEL;Armeria_velutina;464;;;;;;;;;;
665;F;AVEL;Armeria_velutina;465;;;;;;;;;;
666;F;AVEL;Armeria_velutina;466;;;;;;;;;;
667;F;AVEL;Armeria_velutina;467;;;;;;;;;;
668;F;AVEL;Armeria_velutina;468;;;;;;;;;;
669;F;HHAL;Halimium_halimifolium;546;;;;;;;;;;
670;F;HHAL;Halimium_halimifolium;547;;;;;;;;;;
671;F;HHAL;Halimium_halimifolium;548;1;33;;;;;;;;
671;F;HHAL;Halimium_halimifolium;548;2;18;;;;;;;;
671;F;HHAL;Halimium_halimifolium;548;3;17;;;;Verdes;;;;
671;F;HHAL;Halimium_halimifolium;548;4;17;;;;Muy verdes;;;;
671;F;HHAL;Halimium_halimifolium;548;5;7;;;;Muy verdes;;;;
671;F;HHAL;Halimium_halimifolium;548;6;19;;;;Muy verdes;;;;
671;F;HHAL;Halimium_halimifolium;548;7;13;;;;Muy verdes;;;;
671;F;HHAL;Halimium_halimifolium;548;8;9;;;;;;;;
671;F;HHAL;Halimium_halimifolium;548;9;13;;;;;;;;
671;F;HHAL;Halimium_halimifolium;548;10;24;;;;;;;;
672;F;HHAL;Halimium_halimifolium;549;1;38;;;;;;;;
672;F;HHAL;Halimium_halimifolium;549;2;49;;;;;;;;
672;F;HHAL;Halimium_halimifolium;549;3;38;;;;Verdes;;;;
672;F;HHAL;Halimium_halimifolium;549;4;36;;;;;;;;
672;F;HHAL;Halimium_halimifolium;549;5;34;;;;;;;;
672;F;HHAL;Halimium_halimifolium;549;6;15;;;;;;;;
672;F;HHAL;Halimium_halimifolium;549;7;15;;;;;;;;
672;F;HHAL;Halimium_halimifolium;549;8;14;;;;;;;;
672;F;HHAL;Halimium_halimifolium;549;9;9;;;;Verdes;;;;
672;F;HHAL;Halimium_halimifolium;549;10;12;;;;;;;;
673;F;HHAL;Halimium_halimifolium;550;1;31;;;;;;;;
673;F;HHAL;Halimium_halimifolium;550;2;34;;;;;;;;
673;F;HHAL;Halimium_halimifolium;550;3;22;;;;;;;;
673;F;HHAL;Halimium_halimifolium;550;4;14;;;;;;;;
673;F;HHAL;Halimium_halimifolium;550;5;24;;;;;;;;
673;F;HHAL;Halimium_halimifolium;550;6;24;;;;;;;;
673;F;HHAL;Halimium_halimifolium;550;7;22;;;;"Verde; muy pequeñas";;;;
673;F;HHAL;Halimium_halimifolium;550;8;4;;;;;;;;
673;F;HHAL;Halimium_halimifolium;550;9;12;;;;;;;;
673;F;HHAL;Halimium_halimifolium;550;10;23;;;;;;;;
674;F;HHAL;Halimium_halimifolium;551;;;;;;;;;;
675;F;HHAL;Halimium_halimifolium;552;;;;;;;;;;
676;F;HHAL;Halimium_halimifolium;553;;;;;;;;;;
677;F;HHAL;Halimium_halimifolium;554;;;;;;;;;;
678;F;HHAL;Halimium_halimifolium;555;;;;;;;;;;
679;F;HHAL;Halimium_halimifolium;556;;;;;;;;;;
680;F;HHAL;Halimium_halimifolium;557;;;;;;;;;;
681;F;HHAL;Halimium_halimifolium;558;;;;;;;;;;
682;F;HHAL;Halimium_halimifolium;559;1;11;;;;;;;;
682;F;HHAL;Halimium_halimifolium;559;2;27;;;;;;;;
682;F;HHAL;Halimium_halimifolium;559;3;23;;;;;;;;
682;F;HHAL;Halimium_halimifolium;559;4;23;;;;;;;;
682;F;HHAL;Halimium_halimifolium;559;5;25;;;;Muy verdes;;;;
682;F;HHAL;Halimium_halimifolium;559;6;37;;;;;;;;
682;F;HHAL;Halimium_halimifolium;559;7;16;;;;;;;;
682;F;HHAL;Halimium_halimifolium;559;8;30;;;;;;;;
682;F;HHAL;Halimium_halimifolium;559;9;13;;;;;;;;
682;F;HHAL;Halimium_halimifolium;559;10;24;;;;;;;;
683;F;HHAL;Halimium_halimifolium;560;;;;;;;;;;
684;F;TMAS;Thymus_mastichina;611;;;;;;;;;;
685;F;TMAS;Thymus_mastichina;612;;;;;;;;;;
686;F;TMAS;Thymus_mastichina;613;;;;;;;;;;
687;F;TMAS;Thymus_mastichina;614;;;;;;;;;;
688;F;TMAS;Thymus_mastichina;615;;;;;;;;;;
689;F;TMAS;Thymus_mastichina;616;;;;;;;;;;
690;F;TMAS;Thymus_mastichina;617;;;;;;;;;;
691;F;TMAS;Thymus_mastichina;618;;;;;;;;;;
692;F;TMAS;Thymus_mastichina;619;;;;;;;;;;
693;F;TMAS;Thymus_mastichina;620;;;;;;;;;;
694;F;TMAS;Thymus_mastichina;621;;;;;;;;;;
695;F;TMAS;Thymus_mastichina;622;;;;;;;;;;
696;F;TMAS;Thymus_mastichina;623;;;;;;;;;;
697;F;TMAS;Thymus_mastichina;624;;;;;;;;;;
698;F;TMAS;Thymus_mastichina;625;;;;;;;;;;
699;F;HPIC;Helichrysum_picardii;686;;;;;;;;;;
700;F;HPIC;Helichrysum_picardii;687;;;;;;;;;;