ID;Plot;Plant_sp;Plant_sp_complete;Plant_id;N_fruit;N_seeds;Weight;N_predated_seeds;Antagonist_collected;Notes
1;A;UPAR;Ulex_parviflorus;1;1;;;;;
2;A;UPAR;Ulex_parviflorus;2;;;;;;
3;A;UPAR;Ulex_parviflorus;3;;;;;;
4;A;UPAR;Ulex_parviflorus;4;;;;;;
5;A;UPAR;Ulex_parviflorus;5;;;;;;
6;A;UPAR;Ulex_parviflorus;6;;;;;;
7;A;UPAR;Ulex_parviflorus;7;;;;;;
8;A;UPAR;Ulex_parviflorus;8;;;;;;
9;A;UPAR;Ulex_parviflorus;9;;;;;;
10;A;UPAR;Ulex_parviflorus;10;;;;;;
11;A;UPAR;Ulex_parviflorus;11;;;;;;
12;A;UPAR;Ulex_parviflorus;12;;;;;;
13;A;UPAR;Ulex_parviflorus;13;;;;;;
14;A;UPAR;Ulex_parviflorus;14;;;;;;
15;A;UPAR;Ulex_parviflorus;15;;;;;;
16;A;HCOM;Halimium_commutatum;106;;;;;;
17;A;HCOM;Halimium_commutatum;107;;;;;;
18;A;HCOM;Halimium_commutatum;108;;;;;;
19;A;HCOM;Halimium_commutatum;109;;;;;;
20;A;HCOM;Halimium_commutatum;110;;;;;;
21;A;HCOM;Halimium_commutatum;111;;;;;;
22;A;HCOM;Halimium_commutatum;112;;;;;;
23;A;HCOM;Halimium_commutatum;113;;;;;;
24;A;HCOM;Halimium_commutatum;114;;;;;;
25;A;HCOM;Halimium_commutatum;115;;;;;;
26;A;HCOM;Halimium_commutatum;116;;;;;;
27;A;HCOM;Halimium_commutatum;117;;;;;;
28;A;HCOM;Halimium_commutatum;118;;;;;;
29;A;HCOM;Halimium_commutatum;119;;;;;;
30;A;HCOM;Halimium_commutatum;120;;;;;;
31;A;ROFF;Rosmarinus_officinalis;236;1;2;;;;
;;;;;2;2;;;;
;;;;;3;4;;;;
;;;;;4;NA;;;;
;;;;;5;NA;;;;
;;;;;6;NA;;;;
;;;;;7;NA;;;;
;;;;;8;NA;;;;
;;;;;9;NA;;;;
;;;;;10;NA;;;;
32;A;ROFF;Rosmarinus_officinalis;237;1;2;;;;
;;;;;2;1;;;;
;;;;;3;0;;;;
;;;;;4;1;;;;
;;;;;5;0;;;;
;;;;;6;0;;;;
;;;;;7;NA;;;;
;;;;;8;NA;;;;
;;;;;9;NA;;;;
;;;;;10;NA;;;;
33;A;ROFF;Rosmarinus_officinalis;238;1;3;;;;
;;;;;2;0;;;;
;;;;;3;2;;;;
;;;;;4;1;;;;
;;;;;5;0;;;;
;;;;;6;1;;;;
;;;;;7;0;;;;
;;;;;8;NA;;;;
;;;;;9;NA;;;;
;;;;;10;NA;;;;
34;A;ROFF;Rosmarinus_officinalis;239;1;1;;;;
;;;;;2;1;;;;
;;;;;3;3;;;;
;;;;;4;0;;;;
;;;;;5;1;;;;
;;;;;6;1;;;;
;;;;;7;NA;;;;
;;;;;8;NA;;;;
;;;;;9;NA;;;;
;;;;;10;NA;;;;
35;A;ROFF;Rosmarinus_officinalis;240;1;1;;;;
;;;;;2;2;;;;
;;;;;3;0;;;;
;;;;;4;0;;;;
;;;;;5;2;;;;
;;;;;6;2;;;;
;;;;;7;0;;;;
;;;;;8;1;;;;
;;;;;9;NA;;;;
;;;;;10;NA;;;;
36;A;SGEN;Stauracanthus_genistoides;241;;;;;;
37;A;SGEN;Stauracanthus_genistoides;242;;;;;;
38;A;SGEN;Stauracanthus_genistoides;243;;;;;;
39;A;SGEN;Stauracanthus_genistoides;244;;;;;;
40;A;SGEN;Stauracanthus_genistoides;245;;;;;;
41;A;SGEN;Stauracanthus_genistoides;246;;;;;;
42;A;SGEN;Stauracanthus_genistoides;247;;;;;;
43;A;SGEN;Stauracanthus_genistoides;248;;;;;;
44;A;SGEN;Stauracanthus_genistoides;249;;;;;;
45;A;SGEN;Stauracanthus_genistoides;250;;;;;;
46;A;SGEN;Stauracanthus_genistoides;Y;;;;;;
47;A;LPED;Lavandula_pedunculata;261;1;1;;;;
;;;;;2;4;;;;
;;;;;3;1;;;;
;;;;;4;3;;;;
;;;;;5;2;;;;
;;;;;6;3;;;;
;;;;;7;1;;;;
;;;;;8;2;;;;
;;;;;9;2;;;;
;;;;;10;3;;;;
48;A;LPED;Lavandula_pedunculata;262;1;3;;;;
;;;;;2;2;;;;
;;;;;3;2;;;;
;;;;;4;2;;;;
;;;;;5;3;;;;
;;;;;6;3;;;;
;;;;;7;3;;;;
;;;;;8;2;;;;
;;;;;9;3;;;;
;;;;;10;1;;;;
49;A;LPED;Lavandula_pedunculata;263;1;3;;;;
;;;;;2;2;;;;
;;;;;3;3;;;;
;;;;;4;1;;;;
;;;;;5;2;;;;
;;;;;6;3;;;;
;;;;;7;2;;;;
;;;;;8;2;;;;
;;;;;9;4;;;;
;;;;;10;2;;;;
50;A;LPED;Lavandula_pedunculata;264;1;1;;;;
;;;;;2;2;;;;
;;;;;3;3;;;;
;;;;;4;2;;;;
;;;;;5;2;;;;
;;;;;6;2;;;;
;;;;;7;2;;;;
;;;;;8;3;;;;
;;;;;9;2;;;;
;;;;;10;1;;;;
51;A;LPED;Lavandula_pedunculata;265;1;3;;;;
;;;;;2;3;;;;
;;;;;3;1;;;;
;;;;;4;1;;;;
;;;;;5;3;;;;
;;;;;6;2;;;;
;;;;;7;3;;;;
;;;;;8;3;;;;
;;;;;9;1;;;;
;;;;;10;4;;;;
52;A;LPED;Lavandula_pedunculata;266;1;3;;;;
;;;;;2;4;;;;
;;;;;3;1;;;;
;;;;;4;2;;;;
;;;;;5;1;;;;
;;;;;6;1;;;;
;;;;;7;2;;;;
;;;;;8;1;;;;
;;;;;9;1;;;;
;;;;;10;2;;;;
53;A;LPED;Lavandula_pedunculata;267;1;3;;;;
;;;;;2;3;;;;
;;;;;3;4;;;;
;;;;;4;4;;;;
;;;;;5;2;;;;
;;;;;6;3;;;;
;;;;;7;4;;;;
;;;;;8;2;;;;
;;;;;9;1;;;;
;;;;;10;3;;;;
54;A;LPED;Lavandula_pedunculata;268;1;4;;;;
;;;;;2;2;;;;
;;;;;3;4;;;;
;;;;;4;1;;;;
;;;;;5;3;;;;
;;;;;6;4;;;;
;;;;;7;2;;;;
;;;;;8;2;;;;
;;;;;9;1;;;;
;;;;;10;1;;;;
55;A;LPED;Lavandula_pedunculata;269;1;1;;;;
;;;;;2;3;;;;
;;;;;3;2;;;;
;;;;;4;3;;;;
;;;;;5;1;;;;
;;;;;6;1;;;;
;;;;;7;1;;;;
;;;;;8;2;;;;
;;;;;9;2;;;;
;;;;;10;2;;;;
56;A;LPED;Lavandula_pedunculata;270;1;3;;;;
;;;;;2;3;;;;
;;;;;3;2;;;;
;;;;;4;3;;;;
;;;;;5;1;;;;
;;;;;6;2;;;;
;;;;;7;2;;;;
;;;;;8;1;;;;
;;;;;9;1;;;;
;;;;;10;2;;;;
57;A;LPED;Lavandula_pedunculata;271;1;2;;;;
;;;;;2;2;;;;
;;;;;3;3;;;;
;;;;;4;4;;;;
;;;;;5;2;;;;
;;;;;6;3;;;;
;;;;;7;2;;;;
;;;;;8;1;;;;
;;;;;9;4;;;;
;;;;;10;1;;;;
58;A;LPED;Lavandula_pedunculata;272;;;;;;
59;A;LPED;Lavandula_pedunculata;273;1;1;;;;
;;;;;2;3;;;;
;;;;;3;1;;;;
;;;;;4;3;;;;
;;;;;5;1;;;;
;;;;;6;1;;;;
;;;;;7;1;;;;
;;;;;8;1;;;;
;;;;;9;4;;;;
;;;;;10;2;;;;
60;A;LPED;Lavandula_pedunculata;274;1;1;;;;
;;;;;2;2;;;;
;;;;;3;2;;;;
;;;;;4;3;;;;
;;;;;5;2;;;;
;;;;;6;2;;;;
;;;;;7;1;;;;
;;;;;8;2;;;;
;;;;;9;3;;;;
;;;;;10;2;;;;
61;A;LPED;Lavandula_pedunculata;275;1;3;;;;
;;;;;2;2;;;;
;;;;;3;2;;;;
;;;;;4;2;;;;
;;;;;5;1;;;;
;;;;;6;2;;;;
;;;;;7;2;;;;
;;;;;8;3;;;;
;;;;;9;2;;;;
;;;;;10;3;;;;
62;A;CLIB;Cistus_libanotis;366;1;20;;;;
;;;;;2;10;;;;
;;;;;3;21;;;;
;;;;;4;23;;;;
;;;;;5;11;;;;
;;;;;6;6;;;;
;;;;;7;16;;;;
;;;;;8;16;;;;
;;;;;9;18;;;;
;;;;;10;4;;;;
63;A;CLIB;Cistus_libanotis;367;1;20;;;;
;;;;;2;23;;;;
;;;;;3;20;;;;
;;;;;4;20;;;;
;;;;;5;17;;;;
;;;;;6;21;;;;
;;;;;7;15;;;;
;;;;;8;11;;;;
;;;;;9;7;;;;
;;;;;10;6;;;;
64;A;CLIB;Cistus_libanotis;368;1;20;;;;
;;;;;2;21;;;;
;;;;;3;8;;;;
;;;;;4;21;;;;
;;;;;5;8;;;;
;;;;;6;22;;;;
;;;;;7;19;;;;
;;;;;8;18;;;;
;;;;;9;16;;;;
;;;;;10;15;;;;
65;A;CLIB;Cistus_libanotis;369;1;13;;;;
;;;;;2;18;;;;
;;;;;3;20;;;;
;;;;;4;18;;;;
;;;;;5;15;;;;
;;;;;6;12;;;;
;;;;;7;21;;;;
;;;;;8;10;;;;
;;;;;9;13;;;;
;;;;;10;16;;;;
66;A;CLIB;Cistus_libanotis;370;1;23;;;;
;;;;;2;27;;;;
;;;;;3;21;;;;
;;;;;4;18;;;;
;;;;;5;17;;;;
;;;;;6;25;;;;
;;;;;7;14;;;;
;;;;;8;13;;;;
;;;;;9;13;;;;
;;;;;10;8;;;;
67;A;CLIB;Cistus_libanotis;371;1;13;;;;
;;;;;2;8;;;;
;;;;;3;11;;;;
;;;;;4;11;;;;
;;;;;5;10;;;;
;;;;;6;13;;;;
;;;;;7;11;;;;
;;;;;8;7;;;;
;;;;;9;5;;;;
;;;;;10;3;;;;
68;A;CLIB;Cistus_libanotis;372;1;18;;;;
;;;;;2;20;;;;
;;;;;3;17;;;;
;;;;;4;20;;;;
;;;;;5;18;;;;
;;;;;6;4;;;;
;;;;;7;24;;;;
;;;;;8;14;;;;
;;;;;9;24;;;;
;;;;;10;3;;;;
69;A;CLIB;Cistus_libanotis;373;1;10;;;;
;;;;;2;20;;;;
;;;;;3;16;;;;
;;;;;4;13;;;;
;;;;;5;20;;;;
;;;;;6;11;;;;
;;;;;7;18;;;;
;;;;;8;8;;;;
;;;;;9;5;;;;
;;;;;10;6;;;;
70;A;CLIB;Cistus_libanotis;374;1;16;;;;
;;;;;2;13;;;;
;;;;;3;4;;;;
;;;;;4;17;;;;
;;;;;5;17;;;;
;;;;;6;3;;;;
;;;;;7;17;;;;
;;;;;8;9;;;;
;;;;;9;3;;;;
;;;;;10;8;;;;
71;A;CLIB;Cistus_libanotis;375;1;20;;;;
;;;;;2;22;;;;
;;;;;3;29;;;;
;;;;;4;18;;;;
;;;;;5;21;;;;
;;;;;6;12;;;;
;;;;;7;7;;;;
;;;;;8;5;;;;
;;;;;9;17;;;;
;;;;;10;9;;;;
72;A;CLIB;Cistus_libanotis;376;1;18;;;;
;;;;;2;13;;;;
;;;;;3;13;;;;
;;;;;4;18;;;;
;;;;;5;23;;;;
;;;;;6;21;;;;
;;;;;7;21;;;;
;;;;;8;17;;;;
;;;;;9;15;;;;
;;;;;10;19;;;;
73;A;CLIB;Cistus_libanotis;377;1;15;;;;
;;;;;2;18;;;;
;;;;;3;18;;;;
;;;;;4;23;;;;
;;;;;5;19;;;;
;;;;;6;12;;;;
;;;;;7;18;;;;
;;;;;8;6;;;;
;;;;;9;19;;;;
;;;;;10;18;;;;
74;A;CLIB;Cistus_libanotis;378;1;23;;;;
;;;;;2;16;;;;
;;;;;3;12;;;;
;;;;;4;16;;;;
;;;;;5;20;;;;
;;;;;6;19;;;;
;;;;;7;16;;;;
;;;;;8;14;;;;
;;;;;9;4;;;;
;;;;;10;13;;;;
75;A;CLIB;Cistus_libanotis;379;1;15;;;;
;;;;;2;16;;;;
;;;;;3;16;;;;
;;;;;4;15;;;;
;;;;;5;13;;;;
;;;;;6;17;;;;
;;;;;7;10;;;;
;;;;;8;18;;;;
;;;;;9;7;;;;
;;;;;10;3;;one predated fruit;;
76;A;CLIB;Cistus_libanotis;380;1;14;;;;
;;;;;2;16;;;;
;;;;;3;17;;;;
;;;;;4;12;;;;
;;;;;5;16;;;;
;;;;;6;9;;;;
;;;;;7;17;;;;
;;;;;8;16;;;;
;;;;;9;6;;;;
;;;;;10;10;;;;
77;A;HHAL;Halimium_halimifolium;471;1;22;;;;
;;;;;2;34;;;;
;;;;;3;26;;;;
;;;;;4;25;;;;
;;;;;5;24;;;;
;;;;;6;9;;;;
;;;;;7;27;;;;
;;;;;8;16;;;;
;;;;;9;6;;;;
;;;;;10;2;;;;
78;A;HHAL;Halimium_halimifolium;472;1;27;;;;
;;;;;2;17;;;;
;;;;;3;30;;;;
;;;;;4;26;;;;
;;;;;5;19;;;;
;;;;;6;28;;;;
;;;;;7;15;;;;
;;;;;8;13;;;;
;;;;;9;24;;;;
;;;;;10;17;;;;
79;A;HHAL;Halimium_halimifolium;473;1;28;;;;
;;;;;2;10;;;;
;;;;;3;11;;;;
;;;;;4;27;;;;
;;;;;5;17;;;;
;;;;;6;30;;;;
;;;;;7;30;;;;
;;;;;8;21;;;;
;;;;;9;13;;;;
;;;;;10;19;;;;
80;A;HHAL;Halimium_halimifolium;474;1;28;;;;
;;;;;2;38;;;;
;;;;;3;30;;;;
;;;;;4;17;;;;
;;;;;5;28;;;;
;;;;;6;30;;;;
;;;;;7;15;;;;
;;;;;8;26;;;;
;;;;;9;26;;;;
;;;;;10;21;;;;
81;A;HHAL;Halimium_halimifolium;475;1;7;;;;
;;;;;2;16;;;;
;;;;;3;13;;;;
;;;;;4;NA;;;;
;;;;;5;NA;;;;
;;;;;6;NA;;;;
;;;;;7;NA;;;;
;;;;;8;NA;;;;
;;;;;9;NA;;;;
;;;;;10;NA;;;;
82;A;HHAL;Halimium_halimifolium;476;1;48;;;;
;;;;;2;35;;;;
;;;;;3;56;;;;
;;;;;4;55;;;;
;;;;;5;35;;;;
;;;;;6;32;;;;
;;;;;7;37;;;;
;;;;;8;54;;;;
;;;;;9;36;;;;
;;;;;10;16;;larvae (same);;
83;A;HHAL;Halimium_halimifolium;477;1;9;;;;
;;;;;2;35;;;;
;;;;;3;20;;;;
;;;;;4;17;;;;
;;;;;5;25;;;;
;;;;;6;16;;;;
;;;;;7;18;;;;
;;;;;8;12;;;;
;;;;;9;12;;;;
;;;;;10;20;;;;
84;A;HHAL;Halimium_halimifolium;478;1;8;;;;
;;;;;2;12;;;;
;;;;;3;13;;;;
;;;;;4;15;;;;
;;;;;5;14;;;;
;;;;;6;13;;;;
;;;;;7;14;;;;
;;;;;8;7;;;;
;;;;;9;4;;;;
;;;;;10;0;;;;
85;A;HHAL;Halimium_halimifolium;479;1;27;;;;
;;;;;2;29;;;;
;;;;;3;29;;;;
;;;;;4;19;;;;
;;;;;5;25;;;;
;;;;;6;31;;;;
;;;;;7;20;;;;
;;;;;8;16;;;;
;;;;;9;24;;;;
;;;;;10;26;;;;
86;A;HHAL;Halimium_halimifolium;480;1;40;;;;
;;;;;2;26;;;;
;;;;;3;32;;;;
;;;;;4;34;;;;
;;;;;5;37;;;;
;;;;;6;30;;;;
;;;;;7;29;;;;
;;;;;8;31;;;;
;;;;;9;19;;larvae (same);;
;;;;;10;23;;;;
87;A;HHAL;Halimium_halimifolium;481;1;10;;;;
;;;;;2;19;;;;
;;;;;3;7;;;;
;;;;;4;1;;;;
;;;;;5;NA;;;;
;;;;;6;NA;;;;
;;;;;7;NA;;;;
;;;;;8;NA;;;;
;;;;;9;NA;;;;
;;;;;10;NA;;;;
88;A;HHAL;Halimium_halimifolium;482;1;26;;;;
;;;;;2;46;;;;
;;;;;3;31;;;;
;;;;;4;38;;;;
;;;;;5;31;;;;
;;;;;6;27;;;;
;;;;;7;34;;;;
;;;;;8;41;;;;
;;;;;9;39;;;;
;;;;;10;29;;;;
89;A;HHAL;Halimium_halimifolium;483;1;5;;;;
;;;;;2;0;;;;
;;;;;3;0;;;;
;;;;;4;0;;;;
;;;;;5;NA;;;;
;;;;;6;NA;;;;
;;;;;7;NA;;;;
;;;;;8;NA;;;;
;;;;;9;NA;;;;
;;;;;10;NA;;;;
90;A;HHAL;Halimium_halimifolium;484;1;20;;;;
;;;;;2;16;;;;
;;;;;3;35;;;;
;;;;;4;32;;;;
;;;;;5;28;;;;
;;;;;6;13;;one predated fruit;;
;;;;;7;30;;;;
;;;;;8;19;;;;
;;;;;9;15;;;;
;;;;;10;14;;;;
91;A;HHAL;Halimium_halimifolium;485;1;16;;;;
;;;;;2;20;;;;
;;;;;3;0;;;;
;;;;;4;NA;;;;
;;;;;5;NA;;;;
;;;;;6;NA;;;;
;;;;;7;NA;;;;
;;;;;8;NA;;;;
;;;;;9;NA;;;;
;;;;;10;NA;;;;
92;A;TMAS;Thymus_mastichina;566;1;1;;;;
;;;;;2;1;;;;
;;;;;3;2;;;;
;;;;;4;1;;;;
;;;;;5;1;;;;
;;;;;6;1;;;;
;;;;;7;NA;;;;
;;;;;8;NA;;;;
;;;;;9;NA;;;;
;;;;;10;NA;;;;
93;A;TMAS;Thymus_mastichina;567;1;1;;;;
;;;;;2;1;;;;
;;;;;3;1;;;;
;;;;;4;2;;;;
;;;;;5;1;;;;
;;;;;6;1;;;;
;;;;;7;2;;;;
;;;;;8;2;;;;
;;;;;9;1;;;;
;;;;;10;1;;;;
94;A;TMAS;Thymus_mastichina;568;1;1;;;;
;;;;;2;NA;;;;
;;;;;3;NA;;;;
;;;;;4;NA;;;;
;;;;;5;NA;;;;
;;;;;6;NA;;;;
;;;;;7;NA;;;;
;;;;;8;NA;;;;
;;;;;9;NA;;;;
;;;;;10;NA;;;;
95;A;TMAS;Thymus_mastichina;569;1;NA;;;;
;;;;;2;NA;;;;
;;;;;3;NA;;;;
;;;;;4;NA;;;;
;;;;;5;NA;;;;
;;;;;6;NA;;;;
;;;;;7;NA;;;;
;;;;;8;NA;;;;
;;;;;9;NA;;;;
;;;;;10;NA;;;;
96;A;TMAS;Thymus_mastichina;570;1;1;;;;
;;;;;2;1;;;;
;;;;;3;2;;;;
;;;;;4;NA;;;;
;;;;;5;NA;;;;
;;;;;6;NA;;;;
;;;;;7;NA;;;;
;;;;;8;NA;;;;
;;;;;9;NA;;;;
;;;;;10;NA;;;;
97;A;TMAS;Thymus_mastichina;571;1;NA;;;;
;;;;;2;NA;;;;
;;;;;3;NA;;;;
;;;;;4;NA;;;;
;;;;;5;NA;;;;
;;;;;6;NA;;;;
;;;;;7;NA;;;;
;;;;;8;NA;;;;
;;;;;9;NA;;;;
;;;;;10;NA;;;;
98;A;TMAS;Thymus_mastichina;572;1;1;;;;
;;;;;2;NA;;;;
;;;;;3;NA;;;;
;;;;;4;NA;;;;
;;;;;5;NA;;;;
;;;;;6;NA;;;;
;;;;;7;NA;;;;
;;;;;8;NA;;;;
;;;;;9;NA;;;;
;;;;;10;NA;;;;
99;A;TMAS;Thymus_mastichina;573;;;;;;
100;A;TMAS;Thymus_mastichina;574;1;1;;;;
;;;;;2;2;;;;
;;;;;3;1;;;;
;;;;;4;2;;;;
;;;;;5;2;;;;
;;;;;6;2;;;;
;;;;;7;1;;;;
;;;;;8;1;;;;
;;;;;9;2;;;;
;;;;;10;1;;;;
101;A;TMAS;Thymus_mastichina;575;1;1;;;;
;;;;;2;2;;;;
;;;;;3;NA;;;;
;;;;;4;NA;;;;
;;;;;5;NA;;;;
;;;;;6;NA;;;;
;;;;;7;NA;;;;
;;;;;8;NA;;;;
;;;;;9;NA;;;;
;;;;;10;NA;;;;
102;A;TMAS;Thymus_mastichina;572_1;1;2;;;;
;;;;;2;1;;;;
;;;;;3;2;;;;
;;;;;4;1;;;;
;;;;;5;2;;;;
;;;;;6;1;;;;
;;;;;7;2;;;;
;;;;;8;2;;;;
;;;;;9;2;;;;
;;;;;10;2;;;;
103;A;HPIC;Helichrysum_picardii;676;;;;;;
104;A;HPIC;Helichrysum_picardii;677;;;;;;
105;A;HPIC;Helichrysum_picardii;678;;;;;;
106;A;HPIC;Helichrysum_picardii;679;;;;;;
107;A;HPIC;Helichrysum_picardii;680;;;;;;
108;A;HPIC;Helichrysum_picardii;681;;;;;;
109;A;HPIC;Helichrysum_picardii;682;;;;;;
110;A;HPIC;Helichrysum_picardii;683;;;;;;
111;A;HPIC;Helichrysum_picardii;684;;;;;;
112;A;HPIC;Helichrysum_picardii;685;;;;;;
113;B;ROFF;Rosmarinus_officinalis;16;1;2;;;;
;;;;;2;3;;;;
;;;;;3;3;;;;
;;;;;4;3;;;;
;;;;;5;4;;;;
;;;;;6;4;;;;
;;;;;7;3;;;;
;;;;;8;3;;;;
;;;;;9;2;;;;
;;;;;10;3;;;;
114;B;ROFF;Rosmarinus_officinalis;17;1;2;;;;
;;;;;2;1;;;;
;;;;;3;0;;;;
;;;;;4;1;;;;
;;;;;5;1;;;;
;;;;;6;1;;;;
;;;;;7;0;;;;
;;;;;8;2;;;;
;;;;;9;2;;;;
;;;;;10;0;;;;
115;B;ROFF;Rosmarinus_officinalis;18;1;1;;;;
;;;;;2;1;;;;
;;;;;3;1;;;;
;;;;;4;NA;;;;
;;;;;5;NA;;;;
;;;;;6;NA;;;;
;;;;;7;NA;;;;
;;;;;8;NA;;;;
;;;;;9;NA;;;;
;;;;;10;NA;;;;
116;B;ROFF;Rosmarinus_officinalis;19;1;1;;;;
;;;;;2;3;;;;
;;;;;3;2;;;;
;;;;;4;2;;;;
;;;;;5;2;;;;
;;;;;6;3;;;;
;;;;;7;1;;;;
;;;;;8;NA;;;;
;;;;;9;NA;;;;
;;;;;10;NA;;;;
117;B;ROFF;Rosmarinus_officinalis;20;1;4;;;;
;;;;;2;3;;;;
;;;;;3;3;;;;
;;;;;4;4;;;;
;;;;;5;3;;;;
;;;;;6;2;;;;
;;;;;7;3;;;;
;;;;;8;2;;;;
;;;;;9;1;;;;
;;;;;10;3;;;;
118;B;ROFF;Rosmarinus_officinalis;21;1;4;;;;
;;;;;2;2;;;;
;;;;;3;2;;;;
;;;;;4;3;;;;
;;;;;5;3;;;;
;;;;;6;3;;;;
;;;;;7;4;;;;
;;;;;8;3;;;;
;;;;;9;4;;;;
;;;;;10;1;;;;
119;B;ROFF;Rosmarinus_officinalis;22;1;2;;;;
;;;;;2;4;;;;
;;;;;3;0;;;;
;;;;;4;1;;;;
;;;;;5;NA;;;;
;;;;;6;NA;;;;
;;;;;7;NA;;;;
;;;;;8;NA;;;;
;;;;;9;NA;;;;
;;;;;10;NA;;;;
120;B;ROFF;Rosmarinus_officinalis;23;1;4;;;;
;;;;;2;4;;;;
;;;;;3;4;;;;
;;;;;4;4;;;;
;;;;;5;3;;;;
;;;;;6;4;;;;
;;;;;7;3;;;;
;;;;;8;4;;;;
;;;;;9;3;;;;
;;;;;10;3;;;;
121;B;ROFF;Rosmarinus_officinalis;24;1;4;;;;
;;;;;2;2;;;;
;;;;;3;4;;;;
;;;;;4;4;;;;
;;;;;5;2;;;;
;;;;;6;2;;;;
;;;;;7;2;;;;
;;;;;8;3;;;;
;;;;;9;3;;;;
;;;;;10;0;;;;
122;B;ROFF;Rosmarinus_officinalis;25;1;3;;;;
;;;;;2;NA;;;;
;;;;;3;NA;;;;
;;;;;4;NA;;;;
;;;;;5;NA;;;;
;;;;;6;NA;;;;
;;;;;7;NA;;;;
;;;;;8;NA;;;;
;;;;;9;NA;;;;
;;;;;10;NA;;;;
123;B;ROFF;Rosmarinus_officinalis;26;1;3;;;;
;;;;;2;2;;;;
;;;;;3;4;;;;
;;;;;4;NA;;;;
;;;;;5;NA;;;;
;;;;;6;NA;;;;
;;;;;7;NA;;;;
;;;;;8;NA;;;;
;;;;;9;NA;;;;
;;;;;10;NA;;;;
124;B;ROFF;Rosmarinus_officinalis;27;1;3;;;;
;;;;;2;4;;;;
;;;;;3;2;;;;
;;;;;4;3;;;;
;;;;;5;4;;;;
;;;;;6;3;;;;
;;;;;7;3;;;;
;;;;;8;2;;;;
;;;;;9;1;;;;
;;;;;10;NA;;;;
125;B;ROFF;Rosmarinus_officinalis;28;1;4;;;;
;;;;;2;4;;;;
;;;;;3;3;;;;
;;;;;4;3;;;;
;;;;;5;4;;;;
;;;;;6;2;;;;
;;;;;7;2;;;;
;;;;;8;3;;;;
;;;;;9;3;;;;
;;;;;10;3;;;;
126;B;ROFF;Rosmarinus_officinalis;29;1;4;;;;
;;;;;2;4;;;;
;;;;;3;3;;;;
;;;;;4;3;;;;
;;;;;5;2;;;;
;;;;;6;2;;;;
;;;;;7;2;;;;
;;;;;8;3;;;;
;;;;;9;1;;;;
;;;;;10;1;;;;
127;B;ROFF;Rosmarinus_officinalis;30;1;1;;;;
;;;;;2;3;;;;
;;;;;3;2;;;;
;;;;;4;3;;;;
;;;;;5;2;;;;
;;;;;6;2;;;;
;;;;;7;1;;;;
;;;;;8;2;;;;
;;;;;9;1;;;;
;;;;;10;3;;;;
128;B;HCOM;Halimium_commutatum;121;;;;;;
129;B;HCOM;Halimium_commutatum;122;;;;;;
130;B;HCOM;Halimium_commutatum;123;;;;;;
131;B;HCOM;Halimium_commutatum;124;;;;;;
132;B;HCOM;Halimium_commutatum;125;;;;;;
133;B;HCOM;Halimium_commutatum;126;;;;;;
134;B;HCOM;Halimium_commutatum;127;;;;;;
135;B;HCOM;Halimium_commutatum;128;;;;;;
136;B;HCOM;Halimium_commutatum;129;;;;;;
137;B;HCOM;Halimium_commutatum;130;;;;;;
138;B;HCOM;Halimium_commutatum;131;;;;;;
139;B;HCOM;Halimium_commutatum;132;;;;;;
140;B;HCOM;Halimium_commutatum;133;;;;;;
141;B;HCOM;Halimium_commutatum;134;;;;;;
142;B;HCOM;Halimium_commutatum;135;;;;;;
143;B;SGEN;Stauracanthus_genistoides;226;;;;;;
144;B;SGEN;Stauracanthus_genistoides;227;;;;;;
145;B;SGEN;Stauracanthus_genistoides;228;;;;;;
146;B;SGEN;Stauracanthus_genistoides;229;;;;;;
147;B;SGEN;Stauracanthus_genistoides;230;;;;;;
148;B;SGEN;Stauracanthus_genistoides;231;;;;;;
149;B;SGEN;Stauracanthus_genistoides;232;;;;;;
150;B;SGEN;Stauracanthus_genistoides;233;;;;;;
151;B;SGEN;Stauracanthus_genistoides;234;;;;;;
152;B;SGEN;Stauracanthus_genistoides;235;;;;;;
153;B;LPED;Lavandula_pedunculata;276;1;2;;;;
;;;;;2;1;;;;
;;;;;3;2;;;;
;;;;;4;2;;;;
;;;;;5;1;;;;
;;;;;6;1;;;;
;;;;;7;1;;;;
;;;;;8;2;;;;
;;;;;9;3;;;;
;;;;;10;2;;;;
154;B;LPED;Lavandula_pedunculata;277;1;4;;;;
;;;;;2;1;;;;
;;;;;3;2;;;;
;;;;;4;2;;;;
;;;;;5;3;;;;
;;;;;6;2;;;;
;;;;;7;2;;;;
;;;;;8;1;;;;
;;;;;9;2;;;;
;;;;;10;2;;;;
155;B;LPED;Lavandula_pedunculata;278;1;1;;;;
;;;;;2;1;;;;
;;;;;3;2;;;;
;;;;;4;2;;;;
;;;;;5;1;;;;
;;;;;6;3;;;;
;;;;;7;2;;;;
;;;;;8;1;;;;
;;;;;9;2;;;;
;;;;;10;2;;;;
156;B;LPED;Lavandula_pedunculata;279;1;4;;;;
;;;;;2;3;;;;
;;;;;3;2;;;;
;;;;;4;3;;;;
;;;;;5;4;;;;
;;;;;6;2;;;;
;;;;;7;3;;;;
;;;;;8;2;;;;
;;;;;9;3;;;;
;;;;;10;3;;;;
157;B;LPED;Lavandula_pedunculata;280;1;3;;;;
;;;;;2;1;;;;
;;;;;3;1;;;;
;;;;;4;4;;;;
;;;;;5;2;;;;
;;;;;6;3;;;;
;;;;;7;3;;;;
;;;;;8;2;;;;
;;;;;9;1;;;;
;;;;;10;2;;;;
158;B;LPED;Lavandula_pedunculata;281;1;3;;;;
;;;;;2;3;;;;
;;;;;3;2;;;;
;;;;;4;1;;;;
;;;;;5;2;;;;
;;;;;6;3;;;;
;;;;;7;2;;;;
;;;;;8;2;;;;
;;;;;9;3;;;;
;;;;;10;4;;;;
159;B;LPED;Lavandula_pedunculata;282;1;3;;;;
;;;;;2;1;;;;
;;;;;3;2;;;;
;;;;;4;2;;;;
;;;;;5;3;;;;
;;;;;6;3;;;;
;;;;;7;2;;;;
;;;;;8;2;;;;
;;;;;9;2;;;;
;;;;;10;2;;;;
160;B;LPED;Lavandula_pedunculata;283;1;1;0.162;;;
;;;;;2;2;0.17;;;
;;;;;3;1;0.175;;;
;;;;;4;1;0.107;;;
;;;;;5;1;0.132;;;
;;;;;6;1;;;;
;;;;;7;1;;;;
;;;;;8;1;;;;
;;;;;9;2;;;;
;;;;;10;3;;;;
161;B;LPED;Lavandula_pedunculata;284;1;3;;;;
;;;;;2;2;;;;
;;;;;3;1;;;;
;;;;;4;3;;;;
;;;;;5;2;;;;
;;;;;6;1;;;;
;;;;;7;3;;;;
;;;;;8;1;;;;
;;;;;9;3;;;;
;;;;;10;1;;;;
162;B;LPED;Lavandula_pedunculata;285;1;4;;;;
;;;;;2;2;;;;
;;;;;3;1;;;;
;;;;;4;1;;;;
;;;;;5;2;;;;
;;;;;6;1;;;;
;;;;;7;1;;;;
;;;;;8;4;;;;
;;;;;9;2;;;;
;;;;;10;1;;;;
163;B;LPED;Lavandula_pedunculata;286;1;4;;;;
;;;;;2;2;;;;
;;;;;3;1;;;;
;;;;;4;2;;;;
;;;;;5;1;;;;
;;;;;6;2;;;;
;;;;;7;1;;;;
;;;;;8;4;;;;
;;;;;9;1;;;;
;;;;;10;2;;;;
164;B;LPED;Lavandula_pedunculata;287;1;1;;;;
;;;;;2;1;;;;
;;;;;3;3;;;;
;;;;;4;2;;;;
;;;;;5;1;;;;
;;;;;6;2;;;;
;;;;;7;4;;;;
;;;;;8;1;;;;
;;;;;9;3;;;;
;;;;;10;3;;;;
165;B;LPED;Lavandula_pedunculata;288;1;2;;;;
;;;;;2;1;;;;
;;;;;3;3;;;;
;;;;;4;3;;;;
;;;;;5;3;;;;
;;;;;6;3;;;;
;;;;;7;4;;;;
;;;;;8;2;;;;
;;;;;9;2;;;;
;;;;;10;4;;;;
166;B;LPED;Lavandula_pedunculata;289;1;2;;;;
;;;;;2;1;;;;
;;;;;3;2;;;;
;;;;;4;1;;;;
;;;;;5;4;;;;
;;;;;6;3;;;;
;;;;;7;1;;;;
;;;;;8;3;;;;
;;;;;9;3;;;;
;;;;;10;2;;;;
167;B;LPED;Lavandula_pedunculata;290;1;1;;;;
;;;;;2;1;;;;
;;;;;3;4;;;;
;;;;;4;2;;;;
;;;;;5;4;;;;
;;;;;6;1;;;;
;;;;;7;3;;;;
;;;;;8;2;;;;
;;;;;9;1;;;;
;;;;;10;3;;;;
168;B;CLIB;Cistus_libanotis;381;1;16;;;;
;;;;;2;18;;;;
;;;;;3;15;;;;
;;;;;4;10;;;;
;;;;;5;8;;;;
;;;;;6;15;;;;
;;;;;7;13;;;;
;;;;;8;14;;;;
;;;;;9;9;;;;
;;;;;10;6;;;;
169;B;CLIB;Cistus_libanotis;382;1;9;;;;
;;;;;2;22;;;;
;;;;;3;20;;;;
;;;;;4;17;;;;
;;;;;5;15;;;;
;;;;;6;17;;;;
;;;;;7;11;;;;
;;;;;8;12;;;;
;;;;;9;16;;;;
;;;;;10;12;;;;
170;B;CLIB;Cistus_libanotis;383;1;14;;;;
;;;;;2;24;;;;
;;;;;3;15;;;;
;;;;;4;18;;;;
;;;;;5;12;;;;
;;;;;6;14;;;;
;;;;;7;19;;;;
;;;;;8;17;;;;
;;;;;9;13;;;;
;;;;;10;13;;;;
171;B;CLIB;Cistus_libanotis;384;1;16;;;;
;;;;;2;13;;;;
;;;;;3;7;;;;
;;;;;4;18;;;;
;;;;;5;10;;;;
;;;;;6;7;;;;
;;;;;7;15;;;;
;;;;;8;6;;;;
;;;;;9;5;;;;
;;;;;10;3;;;;
172;B;CLIB;Cistus_libanotis;385;1;12;;;;
;;;;;2;12;;;;
;;;;;3;11;;;;
;;;;;4;8;;;;
;;;;;5;14;;;;
;;;;;6;11;;;;
;;;;;7;14;;;;
;;;;;8;10;;;;
;;;;;9;8;;;;
;;;;;10;13;;;;
173;B;CLIB;Cistus_libanotis;386;1;16;;;;
;;;;;2;12;;;;
;;;;;3;14;;;;
;;;;;4;18;;;;
;;;;;5;10;;;;
;;;;;6;13;;;;
;;;;;7;11;;;;
;;;;;8;14;;;;
;;;;;9;7;;;;
;;;;;10;13;;;;
174;B;CLIB;Cistus_libanotis;387;1;20;;;;
;;;;;2;24;;;;
;;;;;3;21;;;;
;;;;;4;20;;;;
;;;;;5;15;;;;
;;;;;6;20;;;;
;;;;;7;25;;;;
;;;;;8;18;;;;
;;;;;9;17;;;;
;;;;;10;15;;;;
175;B;CLIB;Cistus_libanotis;388;1;17;;;;
;;;;;2;16;;;;
;;;;;3;13;;;;
;;;;;4;22;;;;
;;;;;5;11;;;;
;;;;;6;12;;;;
;;;;;7;12;;;;
;;;;;8;15;;;;
;;;;;9;8;;;;
;;;;;10;14;;;;
176;B;CLIB;Cistus_libanotis;389;1;10;;;;
;;;;;2;11;;;;
;;;;;3;12;;;;
;;;;;4;13;;;;
;;;;;5;17;;;;
;;;;;6;12;;;;
;;;;;7;5;;;;
;;;;;8;7;;;;
;;;;;9;6;;;;
;;;;;10;5;;;;
177;B;CLIB;Cistus_libanotis;390;1;14;;;;
;;;;;2;13;;;;
;;;;;3;20;;;;
;;;;;4;17;;;;
;;;;;5;17;;;;
;;;;;6;14;;;;
;;;;;7;16;;;;
;;;;;8;12;;;;
;;;;;9;17;;;;
;;;;;10;19;;;;
178;B;CLIB;Cistus_libanotis;391;1;14;;;;
;;;;;2;8;;;;
;;;;;3;18;;;;
;;;;;4;13;;;;
;;;;;5;10;;;;
;;;;;6;12;;;;
;;;;;7;12;;;;
;;;;;8;17;;;;
;;;;;9;13;;;;
;;;;;10;13;;;;
179;B;CLIB;Cistus_libanotis;392;1;17;;;;
;;;;;2;15;;;;
;;;;;3;21;;;;
;;;;;4;13;;;;
;;;;;5;15;;;;
;;;;;6;13;;;;
;;;;;7;14;;;;
;;;;;8;12;;;;
;;;;;9;11;;;;
;;;;;10;9;;;;
180;B;CLIB;Cistus_libanotis;393;1;20;;;;
;;;;;2;12;;;;
;;;;;3;12;;;;
;;;;;4;15;;;;
;;;;;5;23;;;;
;;;;;6;15;;;;
;;;;;7;12;;;;
;;;;;8;19;;;;
;;;;;9;17;;;;
;;;;;10;18;;;;
181;B;CLIB;Cistus_libanotis;394;1;12;;;;
;;;;;2;14;;;;
;;;;;3;7;;;;
;;;;;4;14;;;;
;;;;;5;11;;;;
;;;;;6;15;;;;
;;;;;7;15;;;;
;;;;;8;13;;;;
;;;;;9;11;;;;
;;;;;10;14;;;;
182;B;CSAL;Cistus_salviifolius;Z;;;;;;
183;B;CLIB;Cistus_libanotis;395;1;18;;;;
;;;;;2;8;;;;
;;;;;3;9;;;;
;;;;;4;11;;;;
;;;;;5;8;;;;
;;;;;6;12;;;;
;;;;;7;12;;;;
;;;;;8;11;;;;
;;;;;9;12;;;;
;;;;;10;18;;;;
184;B;HHAL;Halimium_halimifolium;486;1;30;;;;
;;;;;2;44;;;;
;;;;;3;36;;;;
;;;;;4;34;;;;
;;;;;5;33;;;;
;;;;;6;40;;;;
;;;;;7;22;;;;
;;;;;8;40;;;;
;;;;;9;31;;;;
;;;;;10;29;;;;
185;B;HHAL;Halimium_halimifolium;487;1;31;;;;
;;;;;2;15;;;;
;;;;;3;33;;;;
;;;;;4;27;;;;
;;;;;5;28;;;;
;;;;;6;29;;;;
;;;;;7;39;;;;
;;;;;8;35;;;;
;;;;;9;35;;;;
;;;;;10;30;;;;
186;B;HHAL;Halimium_halimifolium;488;1;9;;;;
;;;;;2;10;;;;
;;;;;3;14;;;;
;;;;;4;15;;;;
;;;;;5;21;;;;
;;;;;6;20;;;;
;;;;;7;17;;;;
;;;;;8;11;;;;
;;;;;9;12;;;;
;;;;;10;15;;;;
187;B;HHAL;Halimium_halimifolium;489;1;38;;larvae (same) seeds predated;;
;;;;;2;46;;;;
;;;;;3;25;;;;
;;;;;4;39;;;;
;;;;;5;43;;;;
;;;;;6;15;;;;
;;;;;7;32;;;;
;;;;;8;20;;;;
;;;;;9;31;;;;
;;;;;10;26;;;;
188;B;HHAL;Halimium_halimifolium;490;1;44;;;;
;;;;;2;16;;;;
;;;;;3;10;;;;
;;;;;4;31;;;;
;;;;;5;49;;;;
;;;;;6;20;;;;
;;;;;7;7;;;;
;;;;;8;NA;;;;
;;;;;9;NA;;;;
;;;;;10;NA;;;;
189;B;HHAL;Halimium_halimifolium;491;1;38;;;;
;;;;;2;54;;;;
;;;;;3;40;;;;
;;;;;4;41;;;;
;;;;;5;20;;;;
;;;;;6;56;;;;
;;;;;7;39;;one fruit predated;;
;;;;;8;56;;;;
;;;;;9;26;;;;
;;;;;10;42;;;;
190;B;HHAL;Halimium_halimifolium;492;;;;;;
191;B;HHAL;Halimium_halimifolium;493;1;39;;;;
;;;;;2;48;;;;
;;;;;3;30;;;;
;;;;;4;40;;;;
;;;;;5;16;;;;
;;;;;6;15;;;;
;;;;;7;29;;;;
;;;;;8;33;;;;
;;;;;9;21;;;;
;;;;;10;35;;;;
192;B;HHAL;Halimium_halimifolium;494;1;45;;;;
;;;;;2;42;;;;
;;;;;3;7;;;;
;;;;;4;39;;;;
;;;;;5;34;;;;
;;;;;6;24;;;;
;;;;;7;29;;;;
;;;;;8;38;;;;
;;;;;9;23;;;;
;;;;;10;40;;;;
193;B;HHAL;Halimium_halimifolium;495;1;41;;;;
;;;;;2;31;;;;
;;;;;3;32;;;;
;;;;;4;24;;;;
;;;;;5;23;;;;
;;;;;6;32;;;;
;;;;;7;32;;;;
;;;;;8;29;;;;
;;;;;9;29;;;;
;;;;;10;31;;;;
194;B;HHAL;Halimium_halimifolium;496;1;34;;;;
;;;;;2;18;;;;
;;;;;3;22;;;;
;;;;;4;17;;;;
;;;;;5;10;;;;
;;;;;6;8;;;;
;;;;;7;29;;;;
;;;;;8;10;;;;
;;;;;9;26;;;;
;;;;;10;16;;;;
195;B;HHAL;Halimium_halimifolium;497;1;42;;;;
;;;;;2;24;;;;
;;;;;3;17;;;;
;;;;;4;11;;;;
;;;;;5;17;;;;
;;;;;6;8;;;;
;;;;;7;25;;;;
;;;;;8;14;;;;
;;;;;9;9;;;;
;;;;;10;7;;;;
196;B;HHAL;Halimium_halimifolium;498;1;34;;;;
;;;;;2;32;;;;
;;;;;3;37;;;;
;;;;;4;14;;;;
;;;;;5;26;;;;
;;;;;6;20;;;;
;;;;;7;34;;;;
;;;;;8;17;;;;
;;;;;9;27;;;;
;;;;;10;24;;;;
197;B;HHAL;Halimium_halimifolium;499;1;34;;;;
;;;;;2;13;;;;
;;;;;3;24;;;;
;;;;;4;14;;;;
;;;;;5;32;;;;
;;;;;6;26;;;;
;;;;;7;27;;;;
;;;;;8;14;;;;
;;;;;9;21;;;;
;;;;;10;26;;;;
198;B;HHAL;Halimium_halimifolium;500;1;20;;;;
;;;;;2;38;;;;
;;;;;3;37;;;;
;;;;;4;24;;;;
;;;;;5;45;;;;
;;;;;6;44;;;;
;;;;;7;17;;;;
;;;;;8;14;;;;
;;;;;9;13;;;;
;;;;;10;NA;;;;
199;B;TMAS;Thymus_mastichina;576;1;NA;;;;
;;;;;2;NA;;;;
;;;;;3;NA;;;;
;;;;;4;NA;;;;
;;;;;5;NA;;;;
;;;;;6;NA;;;;
;;;;;7;NA;;;;
;;;;;8;NA;;;;
;;;;;9;NA;;;;
;;;;;10;NA;;;;
200;B;TMAS;Thymus_mastichina;577;1;NA;;;;
;;;;;2;NA;;;;
;;;;;3;NA;;;;
;;;;;4;NA;;;;
;;;;;5;NA;;;;
;;;;;6;NA;;;;
;;;;;7;NA;;;;
;;;;;8;NA;;;;
;;;;;9;NA;;;;
;;;;;10;NA;;;;
201;B;TMAS;Thymus_mastichina;578;1;2;;;;
;;;;;2;2;;;;
;;;;;3;1;;;;
;;;;;4;2;;;;
;;;;;5;1;;;;
;;;;;6;1;;;;
;;;;;7;2;;;;
;;;;;8;2;;;;
;;;;;9;1;;;;
;;;;;10;1;;;;
202;B;TMAS;Thymus_mastichina;579;1;NA;;;;
;;;;;2;NA;;;;
;;;;;3;NA;;;;
;;;;;4;NA;;;;
;;;;;5;NA;;;;
;;;;;6;NA;;;;
;;;;;7;NA;;;;
;;;;;8;NA;;;;
;;;;;9;NA;;;;
;;;;;10;NA;;;;
203;B;TMAS;Thymus_mastichina;580;1;NA;;;;
;;;;;2;NA;;;;
;;;;;3;NA;;;;
;;;;;4;NA;;;;
;;;;;5;NA;;;;
;;;;;6;NA;;;;
;;;;;7;NA;;;;
;;;;;8;NA;;;;
;;;;;9;NA;;;;
;;;;;10;NA;;;;
204;B;TMAS;Thymus_mastichina;581;1;NA;;;;
;;;;;2;NA;;;;
;;;;;3;NA;;;;
;;;;;4;NA;;;;
;;;;;5;NA;;;;
;;;;;6;NA;;;;
;;;;;7;NA;;;;
;;;;;8;NA;;;;
;;;;;9;NA;;;;
;;;;;10;NA;;;;
205;B;TMAS;Thymus_mastichina;582;1;1;;;;
;;;;;2;1;;;;
;;;;;3;1;;;;
;;;;;4;2;;;;
;;;;;5;1;;;;
;;;;;6;1;;;;
;;;;;7;NA;;;;
;;;;;8;NA;;;;
;;;;;9;NA;;;;
;;;;;10;NA;;;;
206;B;TMAS;Thymus_mastichina;583;1;1;;;;
;;;;;2;NA;;;;
;;;;;3;NA;;;;
;;;;;4;NA;;;;
;;;;;5;NA;;;;
;;;;;6;NA;;;;
;;;;;7;NA;;;;
;;;;;8;NA;;;;
;;;;;9;NA;;;;
;;;;;10;NA;;;;
207;B;TMAS;Thymus_mastichina;584;1;1;;;;
;;;;;2;1;;;;
;;;;;3;1;;;;
;;;;;4;1;;;;
;;;;;5;1;;;;
;;;;;6;1;;;;
;;;;;7;1;;;;
;;;;;8;1;;;;
;;;;;9;1;;;;
;;;;;10;1;;;;
208;B;TMAS;Thymus_mastichina;585;1;1;;;;
;;;;;2;2;;;;
;;;;;3;1;;;;
;;;;;4;1;;;;
;;;;;5;1;;;;
;;;;;6;2;;;;
;;;;;7;NA;;;;
;;;;;8;NA;;;;
;;;;;9;NA;;;;
;;;;;10;NA;;;;
209;B;HPIC;Helichrysum_picardii;626;;;;;;
210;B;HPIC;Helichrysum_picardii;627;;;;;;
211;B;HPIC;Helichrysum_picardii;628;;;;;;
212;B;HPIC;Helichrysum_picardii;629;;;;;;
213;B;HPIC;Helichrysum_picardii;630;;;;;;
214;B;HPIC;Helichrysum_picardii;631;;;;;;
215;B;HPIC;Helichrysum_picardii;632;;;;;;
216;B;HPIC;Helichrysum_picardii;633;;;;;;
217;B;HPIC;Helichrysum_picardii;634;;;;;;
218;B;HPIC;Helichrysum_picardii;635;;;;;;
219;B;HPIC;Helichrysum_picardii;636;;;;;;
220;B;HPIC;Helichrysum_picardii;637;;;;;;
221;B;HPIC;Helichrysum_picardii;638;;;;;;
222;B;HPIC;Helichrysum_picardii;639;;;;;;
223;B;HPIC;Helichrysum_picardii;640;;;;;;
224;B;HPIC;Helichrysum_picardii;688;;;;;;
225;B;HPIC;Helichrysum_picardii;689;;;;;;
226;B;HPIC;Helichrysum_picardii;690;;;;;;
227;B;HPIC;Helichrysum_picardii;691;;;;;;
228;B;HPIC;Helichrysum_picardii;692;;;;;;
229;C;ROFF;Rosmarinus_officinalis;31;1;3;;;;
;;;;;2;3;;;;
;;;;;3;1;;;;
;;;;;4;1;;;;
;;;;;5;4;;;;
;;;;;6;1;;;;
;;;;;7;4;;;;
;;;;;8;1;;;;
;;;;;9;2;;;;
;;;;;10;3;;;;
230;C;ROFF;Rosmarinus_officinalis;32;1;2;;;;
;;;;;2;3;;;;
;;;;;3;1;;;;
;;;;;4;2;;;;
;;;;;5;3;;;;
;;;;;6;3;;;;
;;;;;7;1;;;;
;;;;;8;2;;;;
;;;;;9;2;;;;
;;;;;10;2;;;;
231;C;ROFF;Rosmarinus_officinalis;33;1;4;;;;
;;;;;2;2;;;;
;;;;;3;1;;;;
;;;;;4;4;;;;
;;;;;5;4;;;;
;;;;;6;4;;;;
;;;;;7;3;;;;
;;;;;8;4;;;;
;;;;;9;4;;;;
;;;;;10;4;;;;
232;C;ROFF;Rosmarinus_officinalis;34;1;4;;;;
;;;;;2;4;;;;
;;;;;3;3;;;;
;;;;;4;3;;;;
;;;;;5;3;;;;
;;;;;6;4;;;;
;;;;;7;2;;;;
;;;;;8;4;;;;
;;;;;9;3;;;;
;;;;;10;3;;;;
233;C;ROFF;Rosmarinus_officinalis;35;1;4;;;;
;;;;;2;4;;;;
;;;;;3;4;;;;
;;;;;4;3;;;;
;;;;;5;3;;;;
;;;;;6;2;;;;
;;;;;7;3;;;;
;;;;;8;4;;;;
;;;;;9;1;;;;
;;;;;10;1;;;;
234;C;ROFF;Rosmarinus_officinalis;36;1;3;;;;
;;;;;2;2;;;;
;;;;;3;3;;;;
;;;;;4;1;;;;
;;;;;5;2;;;;
;;;;;6;3;;;;
;;;;;7;3;;;;
;;;;;8;2;;;;
;;;;;9;4;;;;
;;;;;10;3;;;;
235;C;ROFF;Rosmarinus_officinalis;37;1;4;;;;
;;;;;2;4;;;;
;;;;;3;2;;;;
;;;;;4;2;;;;
;;;;;5;1;;;;
;;;;;6;4;;;;
;;;;;7;3;;;;
;;;;;8;3;;;;
;;;;;9;4;;;;
;;;;;10;1;;;;
236;C;ROFF;Rosmarinus_officinalis;38;1;3;;;;
;;;;;2;2;;;;
;;;;;3;3;;;;
;;;;;4;3;;;;
;;;;;5;3;;;;
;;;;;6;1;;;;
;;;;;7;2;;;;
;;;;;8;2;;;;
;;;;;9;2;;;;
;;;;;10;3;;;;
237;C;ROFF;Rosmarinus_officinalis;39;1;2;;;;
;;;;;2;1;;;;
;;;;;3;3;;;;
;;;;;4;1;;;;
;;;;;5;1;;;;
;;;;;6;3;;;;
;;;;;7;2;;;;
;;;;;8;2;;;;
;;;;;9;2;;;;
;;;;;10;1;;;;
238;C;ROFF;Rosmarinus_officinalis;40;1;4;;;;
;;;;;2;3;;;;
;;;;;3;3;;;;
;;;;;4;3;;;;
;;;;;5;0;;;;
;;;;;6;2;;;;
;;;;;7;NA;;;;
;;;;;8;NA;;;;
;;;;;9;NA;;;;
;;;;;10;NA;;;;
239;C;ROFF;Rosmarinus_officinalis;41;1;3;;;;
;;;;;2;4;;;;
;;;;;3;2;;;;
;;;;;4;4;;;;
;;;;;5;2;;;;
;;;;;6;3;;;;
;;;;;7;3;;;;
;;;;;8;3;;;;
;;;;;9;1;;;;
;;;;;10;2;;;;
240;C;ROFF;Rosmarinus_officinalis;42;1;1;;;;
;;;;;2;3;;;;
;;;;;3;1;;;;
;;;;;4;1;;;;
;;;;;5;3;;;;
;;;;;6;3;;;;
;;;;;7;3;;;;
;;;;;8;1;;;;
;;;;;9;1;;;;
;;;;;10;3;;;;
241;C;ROFF;Rosmarinus_officinalis;43;1;4;;;;
;;;;;2;3;;;;
;;;;;3;3;;;;
;;;;;4;2;;;;
;;;;;5;0;;;;
;;;;;6;2;;;;
;;;;;7;NA;;;;
;;;;;8;NA;;;;
;;;;;9;NA;;;;
;;;;;10;NA;;;;
242;C;ROFF;Rosmarinus_officinalis;44;1;2;;;;
;;;;;2;2;;;;
;;;;;3;4;;;;
;;;;;4;3;;;;
;;;;;5;4;;;;
;;;;;6;2;;;;
;;;;;7;2;;;;
;;;;;8;2;;;;
;;;;;9;3;;;;
;;;;;10;4;;;;
243;C;ROFF;Rosmarinus_officinalis;45;1;2;;;;
;;;;;2;4;;;;
;;;;;3;3;;;;
;;;;;4;3;;;;
;;;;;5;1;;;;
;;;;;6;2;;;;
;;;;;7;2;;;;
;;;;;8;2;;;;
;;;;;9;2;;;;
;;;;;10;2;;;;
244;C;HCOM;Halimium_commutatum;136;;;;;;
245;C;HCOM;Halimium_commutatum;137;;;;;;
246;C;HCOM;Halimium_commutatum;138;;;;;;
247;C;HCOM;Halimium_commutatum;139;;;;;;
248;C;HCOM;Halimium_commutatum;140;;;;;;
249;C;HCOM;Halimium_commutatum;141;;;;;;
250;C;HCOM;Halimium_commutatum;142;;;;;;
251;C;HCOM;Halimium_commutatum;143;;;;;;
252;C;HCOM;Halimium_commutatum;144;;;;;;
253;C;HCOM;Halimium_commutatum;145;;;;;;
254;C;HCOM;Halimium_commutatum;146;;;;;;
255;C;HCOM;Halimium_commutatum;147;;;;;;
256;C;HCOM;Halimium_commutatum;148;;;;;;
257;C;HCOM;Halimium_commutatum;149;;;;;;
258;C;HCOM;Halimium_commutatum;150;;;;;;
259;C;LPED;Lavandula_pedunculata;291;1;3;;;;
;;;;;2;4;;;;
;;;;;3;4;;;;
;;;;;4;4;;;;
;;;;;5;1;;;;
;;;;;6;3;;;;
;;;;;7;2;;;;
;;;;;8;3;;;;
;;;;;9;2;;;;
;;;;;10;1;;;;
260;C;LPED;Lavandula_pedunculata;292;1;1;;;;
;;;;;2;3;;;;
;;;;;3;4;;;;
;;;;;4;2;;;;
;;;;;5;2;;;;
;;;;;6;3;;;;
;;;;;7;1;;;;
;;;;;8;3;;;;
;;;;;9;1;;;;
;;;;;10;2;;;;
261;C;LPED;Lavandula_pedunculata;293;1;3;;;;
;;;;;2;1;;;;
;;;;;3;4;;;;
;;;;;4;1;;;;
;;;;;5;2;;;;
;;;;;6;3;;;;
;;;;;7;2;;;;
;;;;;8;1;;;;
;;;;;9;1;;;;
;;;;;10;1;;;;
262;C;LPED;Lavandula_pedunculata;294;1;3;;;;
;;;;;2;2;;;;
;;;;;3;4;;;;
;;;;;4;3;;;;
;;;;;5;2;;;;
;;;;;6;2;;;;
;;;;;7;1;;;;
;;;;;8;3;;;;
;;;;;9;3;;;;
;;;;;10;2;;;;
263;C;LPED;Lavandula_pedunculata;295;1;3;;;;
;;;;;2;2;;;;
;;;;;3;4;;;;
;;;;;4;2;;;;
;;;;;5;2;;;;
;;;;;6;1;;;;
;;;;;7;1;;;;
;;;;;8;1;;;;
;;;;;9;2;;;;
;;;;;10;2;;;;
264;C;LPED;Lavandula_pedunculata;296;1;4;;;;
;;;;;2;4;;;;
;;;;;3;1;;;;
;;;;;4;4;;;;
;;;;;5;3;;;;
;;;;;6;3;;;;
;;;;;7;2;;;;
;;;;;8;4;;;;
;;;;;9;3;;;;
;;;;;10;3;;;;
265;C;LPED;Lavandula_pedunculata;297;1;1;;;;
;;;;;2;1;;;;
;;;;;3;2;;;;
;;;;;4;2;;;;
;;;;;5;2;;;;
;;;;;6;2;;;;
;;;;;7;2;;;;
;;;;;8;3;;;;
;;;;;9;1;;;;
;;;;;10;3;;;;
266;C;LPED;Lavandula_pedunculata;298;1;2;;;;
;;;;;2;1;;;;
;;;;;3;1;;;;
;;;;;4;1;;;;
;;;;;5;1;;;;
;;;;;6;1;;;;
;;;;;7;1;;;;
;;;;;8;1;;;;
;;;;;9;2;;;;
;;;;;10;1;;;;
267;C;LPED;Lavandula_pedunculata;299;1;2;;;;
;;;;;2;1;;;;
;;;;;3;3;;;;
;;;;;4;3;;;;
;;;;;5;4;;;;
;;;;;6;3;;;;
;;;;;7;2;;;;
;;;;;8;4;;;;
;;;;;9;4;;;;
;;;;;10;3;;;;
268;C;LPED;Lavandula_pedunculata;300;1;1;;;;
;;;;;2;2;;;;
;;;;;3;1;;;;
;;;;;4;1;;;;
;;;;;5;2;;;;
;;;;;6;2;;;;
;;;;;7;2;;;;
;;;;;8;2;;;;
;;;;;9;1;;;;
;;;;;10;2;;;;
269;C;LPED;Lavandula_pedunculata;301;1;1;;;;
;;;;;2;3;;;;
;;;;;3;4;;;;
;;;;;4;3;;;;
;;;;;5;2;;;;
;;;;;6;3;;;;
;;;;;7;4;;;;
;;;;;8;2;;;;
;;;;;9;3;;;;
;;;;;10;4;;;;
270;C;LPED;Lavandula_pedunculata;302;1;4;;;;
;;;;;2;1;;;;
;;;;;3;1;;;;
;;;;;4;1;;;;
;;;;;5;3;;;;
;;;;;6;1;;;;
;;;;;7;2;;;;
;;;;;8;2;;;;
;;;;;9;1;;;;
;;;;;10;2;;;;
271;C;LPED;Lavandula_pedunculata;303;1;3;;;;
;;;;;2;2;;;;
;;;;;3;2;;;;
;;;;;4;4;;;;
;;;;;5;2;;;;
;;;;;6;1;;;;
;;;;;7;2;;;;
;;;;;8;1;;;;
;;;;;9;2;;;;
;;;;;10;2;;;;
272;C;LPED;Lavandula_pedunculata;304;1;4;;;;
;;;;;2;3;;;;
;;;;;3;1;;;;
;;;;;4;1;;;;
;;;;;5;1;;;;
;;;;;6;3;;;;
;;;;;7;1;;;;
;;;;;8;1;;;;
;;;;;9;1;;;;
;;;;;10;1;;;;
273;C;LPED;Lavandula_pedunculata;305;1;2;;;;
;;;;;2;1;;;;
;;;;;3;2;;;;
;;;;;4;3;;;;
;;;;;5;1;;;;
;;;;;6;3;;;;
;;;;;7;3;;;;
;;;;;8;2;;;;
;;;;;9;1;;;;
;;;;;10;2;;;;
274;C;SGEN;Stauracanthus_genistoides;251;;;;;;
275;C;SGEN;Stauracanthus_genistoides;252;;;;;;
276;C;SGEN;Stauracanthus_genistoides;253;;;;;;
277;C;SGEN;Stauracanthus_genistoides;254;;;;;;
278;C;SGEN;Stauracanthus_genistoides;255;;;;;;
279;C;SGEN;Stauracanthus_genistoides;256;;;;;;
280;C;SGEN;Stauracanthus_genistoides;257;;;;;;
281;C;SGEN;Stauracanthus_genistoides;258;;;;;;
282;C;SGEN;Stauracanthus_genistoides;259;;;;;;
283;C;SGEN;Stauracanthus_genistoides;260;;;;;;
284;C;AVEL;Armeria_velutina;436;;;;;;
285;C;AVEL;Armeria_velutina;437;;;;;;
286;C;CLIB;Cistus_libanotis;469;1;14;;;;
;;;;;2;17;;;;
;;;;;3;17;;;;
;;;;;4;14;;;;
;;;;;5;12;;;;
;;;;;6;6;;;;
;;;;;7;8;;;;
;;;;;8;17;;;;
;;;;;9;8;;;;
;;;;;10;5;;;;
287;C;CLIB;Cistus_libanotis;470;1;8;;;;
;;;;;2;9;;;;
;;;;;3;5;;;;
;;;;;4;4;;;;
;;;;;5;13;;;;
;;;;;6;6;;;;
;;;;;7;5;;;;
;;;;;8;12;;;;
;;;;;9;1;;;;
;;;;;10;3;;;;
288;C;HHAL;Halimium_halimifolium;501;1;49;;;;
;;;;;2;41;;;;
;;;;;3;32;;;;
;;;;;4;44;;;;
;;;;;5;45;;;;
;;;;;6;33;;;;
;;;;;7;40;;;;
;;;;;8;27;;;;
;;;;;9;30;;;;
;;;;;10;26;;;;
289;C;HHAL;Halimium_halimifolium;502;1;20;;;;
;;;;;2;28;;;;
;;;;;3;23;;;;
;;;;;4;27;;;;
;;;;;5;32;;;;
;;;;;6;23;;;;
;;;;;7;19;;;;
;;;;;8;18;;;;
;;;;;9;19;;;;
;;;;;10;32;;;;
290;C;HHAL;Halimium_halimifolium;503;1;22;;;;
;;;;;2;26;;;;
;;;;;3;20;;;;
;;;;;4;17;;;;
;;;;;5;19;;;;
;;;;;6;19;;;;
;;;;;7;19;;;;
;;;;;8;9;;;;
;;;;;9;10;;;;
;;;;;10;7;;;;
291;C;HHAL;Halimium_halimifolium;504;1;49;;;;
;;;;;2;38;;;;
;;;;;3;22;;;;
;;;;;4;30;;;;
;;;;;5;39;;;;
;;;;;6;21;;;;
;;;;;7;19;;;;
;;;;;8;21;;;;
;;;;;9;29;;;;
;;;;;10;11;;;;
292;C;HHAL;Halimium_halimifolium;505;1;20;;;;
;;;;;2;27;;;;
;;;;;3;32;;;;
;;;;;4;12;;;;
;;;;;5;35;;;;
;;;;;6;15;;;;
;;;;;7;27;;;;
;;;;;8;15;;;;
;;;;;9;NA;;;;
;;;;;10;NA;;;;
293;C;HHAL;Halimium_halimifolium;506;1;18;;;;
;;;;;2;18;;;;
;;;;;3;19;;;;
;;;;;4;12;;;;
;;;;;5;15;;;;
;;;;;6;12;;;;
;;;;;7;5;;;;
;;;;;8;14;;;;
;;;;;9;8;;;;
;;;;;10;9;;;;
294;C;HHAL;Halimium_halimifolium;507;1;59;;;;
;;;;;2;60;;;;
;;;;;3;42;;larvae (same);;
;;;;;4;50;;;;
;;;;;5;40;;larvae (same);;
;;;;;6;58;;;;
;;;;;7;61;;;;
;;;;;8;41;;;;
;;;;;9;57;;;;
;;;;;10;45;;;;
295;C;HHAL;Halimium_halimifolium;508;1;NA;;;;
;;;;;2;NA;;;;
;;;;;3;NA;;;;
;;;;;4;NA;;;;
;;;;;5;NA;;;;
;;;;;6;NA;;;;
;;;;;7;NA;;;;
;;;;;8;NA;;;;
;;;;;9;NA;;;;
;;;;;10;NA;;;;
296;C;HHAL;Halimium_halimifolium;509;1;32;;one predate fruit;;
;;;;;2;23;;;;
;;;;;3;28;;;;
;;;;;4;36;;;;
;;;;;5;31;;;;
;;;;;6;27;;;;
;;;;;7;21;;;;
;;;;;8;14;;;;
;;;;;9;3;;;;
;;;;;10;6;;;;
297;C;HHAL;Halimium_halimifolium;510;1;21;;;;
;;;;;2;10;;;;
;;;;;3;17;;;;
;;;;;4;25;;;;
;;;;;5;13;;;;
;;;;;6;16;;;;
;;;;;7;21;;;;
;;;;;8;15;;;;
;;;;;9;21;;;;
;;;;;10;13;;;;
298;C;HHAL;Halimium_halimifolium;511;1;64;;;;
;;;;;2;43;;;;
;;;;;3;30;;;;
;;;;;4;34;;;;
;;;;;5;54;;;;
;;;;;6;38;;;;
;;;;;7;31;;;;
;;;;;8;20;;;;
;;;;;9;22;;;;
;;;;;10;19;;;;
299;C;HHAL;Halimium_halimifolium;512;1;51;;;;
;;;;;2;54;;;;
;;;;;3;64;;;;
;;;;;4;51;;;;
;;;;;5;49;;;;
;;;;;6;35;;;;
;;;;;7;49;;;;
;;;;;8;27;;;;
;;;;;9;37;;larvae (same);;
;;;;;10;24;;;;
300;C;HHAL;Halimium_halimifolium;513;1;29;;;;
;;;;;2;38;;;;
;;;;;3;38;;;;
;;;;;4;32;;;;
;;;;;5;33;;;;
;;;;;6;46;;;;
;;;;;7;32;;;;
;;;;;8;26;;;;
;;;;;9;21;;;;
;;;;;10;29;;;;
301;C;HHAL;Halimium_halimifolium;514;1;29;;;;
;;;;;2;38;;;;
;;;;;3;35;;;;
;;;;;4;42;;;;
;;;;;5;42;;;;
;;;;;6;26;;;;
;;;;;7;43;;;;
;;;;;8;46;;;;
;;;;;9;43;;;;
;;;;;10;22;;;;
302;C;HHAL;Halimium_halimifolium;515;1;32;;;;
;;;;;2;27;;;;
;;;;;3;47;;;;
;;;;;4;32;;;;
;;;;;5;27;;;;
;;;;;6;25;;;;
;;;;;7;31;;;;
;;;;;8;6;;;;
;;;;;9;26;;;;
;;;;;10;7;;;;
303;C;TMAS;Thymus_mastichina;586;1;1;;;;
;;;;;2;1;;;;
;;;;;3;1;;;;
;;;;;4;1;;;;
;;;;;5;1;;;;
;;;;;6;1;;;;
;;;;;7;1;;;;
;;;;;8;1;;;;
;;;;;9;1;;;;
;;;;;10;1;;;;
304;C;TMAS;Thymus_mastichina;587;1;1;;;;
;;;;;2;2;;;;
;;;;;3;1;;;;
;;;;;4;1;;;;
;;;;;5;1;;;;
;;;;;6;1;;;;
;;;;;7;1;;;;
;;;;;8;1;;;;
;;;;;9;1;;;;
;;;;;10;1;;;;
305;C;TMAS;Thymus_mastichina;588;1;2;;;;
;;;;;2;1;;;;
;;;;;3;1;;;;
;;;;;4;NA;;;;
;;;;;5;NA;;;;
;;;;;6;NA;;;;
;;;;;7;NA;;;;
;;;;;8;NA;;;;
;;;;;9;NA;;;;
;;;;;10;NA;;;;
306;C;TMAS;Thymus_mastichina;589;1;1;;;;
;;;;;2;1;;;;
;;;;;3;1;;;;
;;;;;4;1;;;;
;;;;;5;1;;;;
;;;;;6;1;;;;
;;;;;7;1;;;;
;;;;;8;NA;;;;
;;;;;9;NA;;;;
;;;;;10;NA;;;;
307;C;TMAS;Thymus_mastichina;590;;;;;;
308;C;HPIC;Helichrysum_picardii;641;;;;;;
309;C;HPIC;Helichrysum_picardii;642;;;;;;
310;C;HPIC;Helichrysum_picardii;643;;;;;;
311;C;HPIC;Helichrysum_picardii;644;;;;;;
312;C;HPIC;Helichrysum_picardii;645;;;;;;
313;C;HPIC;Helichrysum_picardii;646;;;;;;
314;C;HPIC;Helichrysum_picardii;647;;;;;;
315;C;HPIC;Helichrysum_picardii;648;;;;;;
316;C;HPIC;Helichrysum_picardii;649;;;;;;
317;C;HPIC;Helichrysum_picardii;650;;;;;;
318;C;HPIC;Helichrysum_picardii;651;;;;;;
319;C;HPIC;Helichrysum_picardii;652;;;;;;
320;C;HPIC;Helichrysum_picardii;653;;;;;;
321;C;HPIC;Helichrysum_picardii;654;;;;;;
322;C;HPIC;Helichrysum_picardii;655;;;;;;
323;D;ROFF;Rosmarinus_officinalis;46;1;1;;;;
;;;;;2;0;;;;
;;;;;3;NA;;;;
;;;;;4;NA;;;;
;;;;;5;NA;;;;
;;;;;6;NA;;;;
;;;;;7;NA;;;;
;;;;;8;NA;;;;
;;;;;9;NA;;;;
;;;;;10;NA;;;;
324;D;ROFF;Rosmarinus_officinalis;47;1;0;;;;
;;;;;2;0;;;;
;;;;;3;1;;;;
;;;;;4;0;;;;
;;;;;5;NA;;;;
;;;;;6;NA;;;;
;;;;;7;NA;;;;
;;;;;8;NA;;;;
;;;;;9;NA;;;;
;;;;;10;NA;;;;
325;D;ROFF;Rosmarinus_officinalis;48;1;3;;;;
;;;;;2;2;;;;
;;;;;3;2;;;;
;;;;;4;2;;;;
;;;;;5;3;;;;
;;;;;6;2;;;;
;;;;;7;1;;;;
;;;;;8;0;;;;
;;;;;9;NA;;;;
;;;;;10;NA;;;;
326;D;ROFF;Rosmarinus_officinalis;49;1;4;;;;
;;;;;2;0;;;;
;;;;;3;2;;;;
;;;;;4;0;;;;
;;;;;5;NA;;;;
;;;;;6;NA;;;;
;;;;;7;NA;;;;
;;;;;8;NA;;;;
;;;;;9;NA;;;;
;;;;;10;NA;;;;
327;D;ROFF;Rosmarinus_officinalis;50;1;2;;;;
;;;;;2;4;;;;
;;;;;3;0;;;;
;;;;;4;0;;;;
;;;;;5;NA;;;;
;;;;;6;NA;;;;
;;;;;7;NA;;;;
;;;;;8;NA;;;;
;;;;;9;NA;;;;
;;;;;10;NA;;;;
328;D;ROFF;Rosmarinus_officinalis;51;1;4;;;;
;;;;;2;2;;;;
;;;;;3;4;;;;
;;;;;4;3;;;;
;;;;;5;1;;;;
;;;;;6;2;;;;
;;;;;7;1;;;;
;;;;;8;1;;;;
;;;;;9;1;;;;
;;;;;10;0;;;;
329;D;ROFF;Rosmarinus_officinalis;52;1;4;;;;
;;;;;2;1;;;;
;;;;;3;NA;;;;
;;;;;4;NA;;;;
;;;;;5;NA;;;;
;;;;;6;NA;;;;
;;;;;7;NA;;;;
;;;;;8;NA;;;;
;;;;;9;NA;;;;
;;;;;10;NA;;;;
330;D;ROFF;Rosmarinus_officinalis;53;1;0;;;;
;;;;;2;1;;;;
;;;;;3;2;;;;
;;;;;4;3;;;;
;;;;;5;0;;;;
;;;;;6;NA;;;;
;;;;;7;NA;;;;
;;;;;8;NA;;;;
;;;;;9;NA;;;;
;;;;;10;NA;;;;
331;D;ROFF;Rosmarinus_officinalis;54;1;3;;;;
;;;;;2;3;;;;
;;;;;3;2;;;;
;;;;;4;2;;;;
;;;;;5;1;;;;
;;;;;6;1;;;;
;;;;;7;2;;;;
;;;;;8;2;;;;
;;;;;9;1;;;;
;;;;;10;4;;;;
332;D;ROFF;Rosmarinus_officinalis;55;1;2;;;;
;;;;;2;4;;;;
;;;;;3;2;;;;
;;;;;4;1;;;;
;;;;;5;1;;;;
;;;;;6;NA;;;;
;;;;;7;NA;;;;
;;;;;8;NA;;;;
;;;;;9;NA;;;;
;;;;;10;NA;;;;
333;D;ROFF;Rosmarinus_officinalis;56;1;1;;;;
;;;;;2;1;;;;
;;;;;3;1;;;;
;;;;;4;2;;;;
;;;;;5;NA;;;;
;;;;;6;NA;;;;
;;;;;7;NA;;;;
;;;;;8;NA;;;;
;;;;;9;NA;;;;
;;;;;10;NA;;;;
334;D;ROFF;Rosmarinus_officinalis;57;1;2;;;;
;;;;;2;1;;;;
;;;;;3;NA;;;;
;;;;;4;NA;;;;
;;;;;5;NA;;;;
;;;;;6;NA;;;;
;;;;;7;NA;;;;
;;;;;8;NA;;;;
;;;;;9;NA;;;;
;;;;;10;NA;;;;
335;D;ROFF;Rosmarinus_officinalis;58;1;1;;;;
;;;;;2;1;;;;
;;;;;3;2;;;;
;;;;;4;2;;;;
;;;;;5;1;;;;
;;;;;6;1;;;;
;;;;;7;2;;;;
;;;;;8;1;;;;
;;;;;9;3;;;;
;;;;;10;2;;;;
336;D;ROFF;Rosmarinus_officinalis;59;1;4;;;;
;;;;;2;4;;;;
;;;;;3;1;;;;
;;;;;4;0;;;;
;;;;;5;NA;;;;
;;;;;6;NA;;;;
;;;;;7;NA;;;;
;;;;;8;NA;;;;
;;;;;9;NA;;;;
;;;;;10;NA;;;;
337;D;ROFF;Rosmarinus_officinalis;60;1;3;;;;
;;;;;2;1;;;;
;;;;;3;2;;;;
;;;;;4;NA;;;;
;;;;;5;NA;;;;
;;;;;6;NA;;;;
;;;;;7;NA;;;;
;;;;;8;NA;;;;
;;;;;9;NA;;;;
;;;;;10;NA;;;;
338;D;HCOM;Halimium_commutatum;151;;;;;;
339;D;HCOM;Halimium_commutatum;152;;;;;;
340;D;HCOM;Halimium_commutatum;153;;;;;;
341;D;HCOM;Halimium_commutatum;154;;;;;;
342;D;HCOM;Halimium_commutatum;155;;;;;;
343;D;HCOM;Halimium_commutatum;156;;;;;;
344;D;HCOM;Halimium_commutatum;157;;;;;;
345;D;HCOM;Halimium_commutatum;158;;;;;;
346;D;HCOM;Halimium_commutatum;159;;;;;;
347;D;HCOM;Halimium_commutatum;160;;;;;;
348;D;HCOM;Halimium_commutatum;161;;;;;;
349;D;HCOM;Halimium_commutatum;162;;;;;;
350;D;HCOM;Halimium_commutatum;163;;;;;;
351;D;HCOM;Halimium_commutatum;164;;;;;;
352;D;HCOM;Halimium_commutatum;165;;;;;;
353;D;LPED;Lavandula_pedunculata;306;1;2;;;;
;;;;;2;2;;;;
;;;;;3;2;;;;
;;;;;4;1;;;;
;;;;;5;1;;;;
;;;;;6;3;;;;
;;;;;7;2;;;;
;;;;;8;2;;;;
;;;;;9;1;;;;
;;;;;10;1;;;;
354;D;LPED;Lavandula_pedunculata;307;1;2;;;;
;;;;;2;3;;;;
;;;;;3;2;;;;
;;;;;4;3;;;;
;;;;;5;2;;;;
;;;;;6;2;;;;
;;;;;7;2;;;;
;;;;;8;1;;;;
;;;;;9;3;;;;
;;;;;10;2;;;;
355;D;LPED;Lavandula_pedunculata;308;1;3;;;;
;;;;;2;1;;;;
;;;;;3;2;;;;
;;;;;4;3;;;;
;;;;;5;2;;;;
;;;;;6;4;;;;
;;;;;7;1;;;;
;;;;;8;2;;;;
;;;;;9;1;;;;
;;;;;10;2;;;;
356;D;LPED;Lavandula_pedunculata;309;1;2;;;;
;;;;;2;1;;;;
;;;;;3;1;;;;
;;;;;4;2;;;;
;;;;;5;1;;;;
;;;;;6;1;;;;
;;;;;7;1;;;;
;;;;;8;2;;;;
;;;;;9;1;;;;
;;;;;10;1;;;;
357;D;LPED;Lavandula_pedunculata;310;1;2;;;;
;;;;;2;2;;;;
;;;;;3;1;;;;
;;;;;4;2;;;;
;;;;;5;3;;;;
;;;;;6;3;;;;
;;;;;7;2;;;;
;;;;;8;2;;;;
;;;;;9;1;;;;
;;;;;10;4;;;;
358;D;LPED;Lavandula_pedunculata;311;1;1;;;;
;;;;;2;2;;;;
;;;;;3;2;;;;
;;;;;4;1;;;;
;;;;;5;4;;;;
;;;;;6;2;;;;
;;;;;7;1;;;;
;;;;;8;2;;;;
;;;;;9;3;;;;
;;;;;10;3;;;;
359;D;LPED;Lavandula_pedunculata;312;1;3;;;;
;;;;;2;2;;;;
;;;;;3;2;;;;
;;;;;4;2;;;;
;;;;;5;3;;;;
;;;;;6;1;;;;
;;;;;7;4;;;;
;;;;;8;3;;;;
;;;;;9;3;;;;
;;;;;10;4;;;;
360;D;LPED;Lavandula_pedunculata;313;1;1;;;;
;;;;;2;3;;;;
;;;;;3;1;;;;
;;;;;4;1;;;;
;;;;;5;2;;;;
;;;;;6;2;;;;
;;;;;7;4;;;;
;;;;;8;1;;;;
;;;;;9;1;;;;
;;;;;10;3;;;;
361;D;LPED;Lavandula_pedunculata;314;1;1;;;;
;;;;;2;2;;;;
;;;;;3;3;;;;
;;;;;4;1;;;;
;;;;;5;1;;;;
;;;;;6;2;;;;
;;;;;7;1;;;;
;;;;;8;1;;;;
;;;;;9;3;;;;
;;;;;10;1;;;;
362;D;LPED;Lavandula_pedunculata;315;1;2;;;;
;;;;;2;3;;;;
;;;;;3;2;;;;
;;;;;4;1;;;;
;;;;;5;2;;;;
;;;;;6;2;;;;
;;;;;7;1;;;;
;;;;;8;1;;;;
;;;;;9;3;;;;
;;;;;10;3;;;;
363;D;LPED;Lavandula_pedunculata;316;1;1;;;;
;;;;;2;3;;;;
;;;;;3;2;;;;
;;;;;4;2;;;;
;;;;;5;2;;;;
;;;;;6;2;;;;
;;;;;7;1;;;;
;;;;;8;2;;;;
;;;;;9;1;;;;
;;;;;10;3;;;;
364;D;LPED;Lavandula_pedunculata;317;1;1;;;;
;;;;;2;3;;;;
;;;;;3;2;;;;
;;;;;4;1;;;;
;;;;;5;3;;;;
;;;;;6;4;;;;
;;;;;7;4;;;;
;;;;;8;3;;;;
;;;;;9;2;;;;
;;;;;10;4;;;;
365;D;LPED;Lavandula_pedunculata;318;1;2;;;;
;;;;;2;3;;;;
;;;;;3;3;;;;
;;;;;4;3;;;;
;;;;;5;2;;;;
;;;;;6;2;;;;
;;;;;7;2;;;;
;;;;;8;2;;;;
;;;;;9;2;;;;
;;;;;10;3;;;;
366;D;LPED;Lavandula_pedunculata;319;1;1;;;;
;;;;;2;2;;;;
;;;;;3;1;;;;
;;;;;4;2;;;;
;;;;;5;1;;;;
;;;;;6;1;;;;
;;;;;7;1;;;;
;;;;;8;1;;;;
;;;;;9;1;;;;
;;;;;10;2;;;;
367;D;LPED;Lavandula_pedunculata;320;1;3;;;;
;;;;;2;1;;;;
;;;;;3;1;;;;
;;;;;4;2;;;;
;;;;;5;2;;;;
;;;;;6;1;;;;
;;;;;7;1;;;;
;;;;;8;3;;;;
;;;;;9;2;;;;
;;;;;10;3;;;;
368;D;SGEN;Stauracanthus_genistoides;166;;;;;;
369;D;SGEN;Stauracanthus_genistoides;167;;;;;;
370;D;SGEN;Stauracanthus_genistoides;168;;;;;;
371;D;SGEN;Stauracanthus_genistoides;169;;;;;;
372;D;SGEN;Stauracanthus_genistoides;170;;;;;;
373;D;SGEN;Stauracanthus_genistoides;171;;;;;;
374;D;SGEN;Stauracanthus_genistoides;172;;;;;;
375;D;SGEN;Stauracanthus_genistoides;173;;;;;;
376;D;SGEN;Stauracanthus_genistoides;174;;;;;;
377;D;SGEN;Stauracanthus_genistoides;175;;;;;;
378;D;SGEN;Stauracanthus_genistoides;176;;;;;;
379;D;SGEN;Stauracanthus_genistoides;177;;;;;;
380;D;SGEN;Stauracanthus_genistoides;178;;;;;;
381;D;SGEN;Stauracanthus_genistoides;179;;;;;;
382;D;SGEN;Stauracanthus_genistoides;180;;;;;;
383;D;CLIB;Cistus_libanotis;396;1;19;;;;
;;;;;2;12;;;;
;;;;;3;15;;good;;
;;;;;4;13;;;;
;;;;;5;10;;;;
;;;;;6;9;;;;
;;;;;7;14;;;;
;;;;;8;11;;;;
;;;;;9;10;;;;
;;;;;10;10;;;;
384;D;CLIB;Cistus_libanotis;397;1;21;;;;
;;;;;2;23;;;;
;;;;;3;19;;;;
;;;;;4;18;;;;
;;;;;5;6;;;;
;;;;;6;3;;;;
;;;;;7;7;;;;
;;;;;8;11;;;;
;;;;;9;13;;;;
;;;;;10;14;;;;
385;D;CLIB;Cistus_libanotis;398;1;17;;good;;
;;;;;2;27;;;;
;;;;;3;26;;;;
;;;;;4;20;;;;
;;;;;5;20;;;;
;;;;;6;13;;;;
;;;;;7;15;;;;
;;;;;8;17;;;;
;;;;;9;24;;;;
;;;;;10;15;;;;
386;D;CLIB;Cistus_libanotis;399;1;15;;;;
;;;;;2;22;;;;
;;;;;3;23;;;;
;;;;;4;14;;;;
;;;;;5;12;;;;
;;;;;6;8;;;;
;;;;;7;27;;;;
;;;;;8;20;;;;
;;;;;9;8;;;;
;;;;;10;6;;;;
387;D;CLIB;Cistus_libanotis;400;1;19;;;;
;;;;;2;13;;;;
;;;;;3;20;;;;
;;;;;4;15;;;;
;;;;;5;14;;;;
;;;;;6;17;;;;
;;;;;7;16;;;;
;;;;;8;11;;;;
;;;;;9;20;;;;
;;;;;10;10;;;;
388;D;CLIB;Cistus_libanotis;401;1;10;;;;
;;;;;2;9;;;;
;;;;;3;13;;;;
;;;;;4;23;;;;
;;;;;5;11;;;;
;;;;;6;10;;;;
;;;;;7;9;;;;
;;;;;8;13;;;;
;;;;;9;14;;;;
;;;;;10;16;;;;
389;D;CLIB;Cistus_libanotis;402;1;23;;;;
;;;;;2;21;;;;
;;;;;3;9;;;;
;;;;;4;20;;;;
;;;;;5;15;;;;
;;;;;6;13;;;;
;;;;;7;18;;;;
;;;;;8;13;;;;
;;;;;9;10;;;;
;;;;;10;12;;;;
390;D;CLIB;Cistus_libanotis;403;1;26;;;;
;;;;;2;14;;;;
;;;;;3;14;;;;
;;;;;4;17;;;;
;;;;;5;16;;;;
;;;;;6;13;;;;
;;;;;7;16;;;;
;;;;;8;16;;;;
;;;;;9;8;;;;
;;;;;10;13;;;;
391;D;CLIB;Cistus_libanotis;404;1;14;;;;
;;;;;2;19;;;;
;;;;;3;10;;;;
;;;;;4;14;;;;
;;;;;5;13;;;;
;;;;;6;6;;;;
;;;;;7;9;;;;
;;;;;8;8;;;;
;;;;;9;8;;;;
;;;;;10;6;;;;
392;D;CLIB;Cistus_libanotis;405;1;13;;;;
;;;;;2;12;;;;
;;;;;3;21;;;;
;;;;;4;11;;;;
;;;;;5;17;;;;
;;;;;6;12;;;;
;;;;;7;5;;;;
;;;;;8;7;;;;
;;;;;9;11;;;;
;;;;;10;6;;;;
393;D;CLIB;Cistus_libanotis;406;1;15;;;;
;;;;;2;10;;;;
;;;;;3;19;;;;
;;;;;4;16;;;;
;;;;;5;9;;;;
;;;;;6;10;;;;
;;;;;7;19;;;;
;;;;;8;13;;;;
;;;;;9;10;;;;
;;;;;10;18;;;;
394;D;CLIB;Cistus_libanotis;407;1;13;;;;
;;;;;2;18;;;;
;;;;;3;14;;;;
;;;;;4;11;;;;
;;;;;5;10;;;;
;;;;;6;8;;;;
;;;;;7;20;;;;
;;;;;8;16;;;;
;;;;;9;16;;;;
;;;;;10;16;;;;
395;D;CLIB;Cistus_libanotis;408;1;21;;;;
;;;;;2;14;;;;
;;;;;3;9;;;;
;;;;;4;12;;;;
;;;;;5;14;;;;
;;;;;6;14;;;;
;;;;;7;19;;;;
;;;;;8;12;;;;
;;;;;9;12;;;;
;;;;;10;8;;;;
396;D;CLIB;Cistus_libanotis;409;1;22;;;;
;;;;;2;22;;;;
;;;;;3;11;;;;
;;;;;4;28;;;;
;;;;;5;21;;;;
;;;;;6;12;;;;
;;;;;7;23;;;;
;;;;;8;14;;;;
;;;;;9;14;;;;
;;;;;10;15;;;;
397;D;CLIB;Cistus_libanotis;410;1;11;;;;
;;;;;2;12;;;;
;;;;;3;16;;;;
;;;;;4;12;;;;
;;;;;5;16;;;;
;;;;;6;18;;;;
;;;;;7;13;;;;
;;;;;8;8;;;;
;;;;;9;14;;;;
;;;;;10;15;;;;
398;D;AVEL;Armeria_velutina;438;;;;;;
399;D;AVEL;Armeria_velutina;439;;;;;;
400;D;AVEL;Armeria_velutina;440;;;;;;
401;D;AVEL;Armeria_velutina;441;;;;;;
402;D;AVEL;Armeria_velutina;442;;;;;;
403;D;AVEL;Armeria_velutina;443;;;;;;
404;D;AVEL;Armeria_velutina;444;;;;;;
405;D;AVEL;Armeria_velutina;445;;;;;;
406;D;AVEL;Armeria_velutina;446;;;;;;
407;D;AVEL;Armeria_velutina;447;;;;;;
408;D;AVEL;Armeria_velutina;448;;;;;;
409;D;AVEL;Armeria_velutina;449;;;;;;
410;D;HHAL;Halimium_halimifolium;516;1;35;;;;
;;;;;2;0;;;;
;;;;;3;NA;;;;
;;;;;4;NA;;;;
;;;;;5;NA;;;;
;;;;;6;NA;;;;
;;;;;7;NA;;;;
;;;;;8;NA;;;;
;;;;;9;NA;;;;
;;;;;10;NA;;;;
411;D;HHAL;Halimium_halimifolium;517;1;19;;;;
;;;;;2;25;;;;
;;;;;3;30;;;;
;;;;;4;29;;;;
;;;;;5;27;;;;
;;;;;6;16;;;;
;;;;;7;NA;;;;
;;;;;8;NA;;;;
;;;;;9;NA;;;;
;;;;;10;NA;;;;
412;D;HHAL;Halimium_halimifolium;518;1;35;;;;
;;;;;2;39;;;;
;;;;;3;40;;;;
;;;;;4;34;;;;
;;;;;5;32;;;;
;;;;;6;22;;;;
;;;;;7;10;;;;
;;;;;8;7;;;;
;;;;;9;15;;;;
;;;;;10;14;;;;
413;D;HHAL;Halimium_halimifolium;519;1;35;;;;
;;;;;2;36;;;;
;;;;;3;20;;;;
;;;;;4;25;;;;
;;;;;5;31;;;;
;;;;;6;25;;;;
;;;;;7;27;;;;
;;;;;8;23;;larvae (same);;
;;;;;9;19;;;;
;;;;;10;15;;;;
414;D;HHAL;Halimium_halimifolium;520;1;61;;;;
;;;;;2;45;;;;
;;;;;3;6;;;;
;;;;;4;51;;;;
;;;;;5;11;;;;
;;;;;6;35;;;;
;;;;;7;31;;;;
;;;;;8;31;;;;
;;;;;9;7;;;;
;;;;;10;14;;;;
415;D;HHAL;Halimium_halimifolium;521;1;32;;;;
;;;;;2;18;;;;
;;;;;3;29;;;;
;;;;;4;30;;;;
;;;;;5;22;;;;
;;;;;6;11;;;;
;;;;;7;25;;;;
;;;;;8;33;;;;
;;;;;9;18;;;;
;;;;;10;14;;;;
416;D;HHAL;Halimium_halimifolium;522;1;37;;;;
;;;;;2;25;;;;
;;;;;3;23;;;;
;;;;;4;29;;;;
;;;;;5;39;;;;
;;;;;6;34;;;;
;;;;;7;30;;;;
;;;;;8;38;;;;
;;;;;9;28;;;;
;;;;;10;30;;;;
417;D;HHAL;Halimium_halimifolium;523;1;29;;;;
;;;;;2;31;;;;
;;;;;3;19;;;;
;;;;;4;35;;;;
;;;;;5;29;;;;
;;;;;6;12;;;;
;;;;;7;27;;;;
;;;;;8;30;;;;
;;;;;9;20;;;;
;;;;;10;22;;;;
418;D;HHAL;Halimium_halimifolium;524;1;16;;;;
;;;;;2;20;;;;
;;;;;3;24;;;;
;;;;;4;15;;;;
;;;;;5;7;;;;
;;;;;6;6;;;;
;;;;;7;19;;;;
;;;;;8;17;;;;
;;;;;9;NA;;;;
;;;;;10;NA;;;;
419;D;HHAL;Halimium_halimifolium;525;1;33;;;;
;;;;;2;35;;larvae (same);;
;;;;;3;41;;;;
;;;;;4;39;;;;
;;;;;5;35;;;;
;;;;;6;38;;;;
;;;;;7;36;;;;
;;;;;8;20;;larvae (same);;
;;;;;9;35;;;;
;;;;;10;45;;;;
420;D;HHAL;Halimium_halimifolium;526;1;36;;;;
;;;;;2;35;;;;
;;;;;3;48;;;;
;;;;;4;33;;;;
;;;;;5;19;;;;
;;;;;6;35;;;;
;;;;;7;57;;;;
;;;;;8;24;;;;
;;;;;9;44;;;;
;;;;;10;43;;;;
421;D;HHAL;Halimium_halimifolium;527;1;23;;;;
;;;;;2;54;;;;
;;;;;3;39;;;;
;;;;;4;59;;;;
;;;;;5;46;;;;
;;;;;6;50;;;;
;;;;;7;60;;larvae (same);;
;;;;;8;57;;;;
;;;;;9;40;;;;
;;;;;10;38;;;;
422;D;HHAL;Halimium_halimifolium;528;1;36;;;;
;;;;;2;34;;;;
;;;;;3;35;;;;
;;;;;4;21;;;;
;;;;;5;24;;;;
;;;;;6;16;;;;
;;;;;7;21;;;;
;;;;;8;28;;larvae (same);;
;;;;;9;9;;;;
;;;;;10;18;;;;
423;D;HHAL;Halimium_halimifolium;529;1;17;;;;
;;;;;2;24;;larvae (same);;
;;;;;3;20;;;;
;;;;;4;33;;;;
;;;;;5;15;;;;
;;;;;6;15;;;;
;;;;;7;16;;;;
;;;;;8;13;;;;
;;;;;9;12;;larvae (same);;
;;;;;10;8;;;;
424;D;HHAL;Halimium_halimifolium;530;1;12;;;;
;;;;;2;21;;;;
;;;;;3;26;;;;
;;;;;4;18;;;;
;;;;;5;25;;;;
;;;;;6;30;;;;
;;;;;7;23;;;;
;;;;;8;24;;;;
;;;;;9;21;;;;
;;;;;10;32;;;;
425;D;TMAS;Thymus_mastichina;591;1;1;;;;
;;;;;2;1;;;;
;;;;;3;NA;;;;
;;;;;4;NA;;;;
;;;;;5;NA;;;;
;;;;;6;NA;;;;
;;;;;7;NA;;;;
;;;;;8;NA;;;;
;;;;;9;NA;;;;
;;;;;10;NA;;;;
426;D;TMAS;Thymus_mastichina;592;1;1;;;;
;;;;;2;2;;;;
;;;;;3;2;;;;
;;;;;4;1;;;;
;;;;;5;1;;;;
;;;;;6;1;;;;
;;;;;7;1;;;;
;;;;;8;2;;;;
;;;;;9;1;;;;
;;;;;10;2;;;;
427;D;TMAS;Thymus_mastichina;593;1;2;;;;
;;;;;2;1;;;;
;;;;;3;1;;;;
;;;;;4;1;;;;
;;;;;5;NA;;;;
;;;;;6;NA;;;;
;;;;;7;NA;;;;
;;;;;8;NA;;;;
;;;;;9;NA;;;;
;;;;;10;NA;;;;
428;D;TMAS;Thymus_mastichina;594;1;1;;;;
;;;;;2;1;;;;
;;;;;3;1;;;;
;;;;;4;NA;;;;
;;;;;5;NA;;;;
;;;;;6;NA;;;;
;;;;;7;NA;;;;
;;;;;8;NA;;;;
;;;;;9;NA;;;;
;;;;;10;NA;;;;
429;D;TMAS;Thymus_mastichina;595;1;2;;;;
;;;;;2;1;;;;
;;;;;3;NA;;;;
;;;;;4;NA;;;;
;;;;;5;NA;;;;
;;;;;6;NA;;;;
;;;;;7;NA;;;;
;;;;;8;NA;;;;
;;;;;9;NA;;;;
;;;;;10;NA;;;;
430;D;TMAS;Thymus_mastichina;596;1;1;;;;
;;;;;2;1;;;;
;;;;;3;1;;;;
;;;;;4;NA;;;;
;;;;;5;NA;;;;
;;;;;6;NA;;;;
;;;;;7;NA;;;;
;;;;;8;NA;;;;
;;;;;9;NA;;;;
;;;;;10;NA;;;;
431;D;TMAS;Thymus_mastichina;597;1;1;;;;
;;;;;2;NA;;;;
;;;;;3;NA;;;;
;;;;;4;NA;;;;
;;;;;5;NA;;;;
;;;;;6;NA;;;;
;;;;;7;NA;;;;
;;;;;8;NA;;;;
;;;;;9;NA;;;;
;;;;;10;NA;;;;
432;D;TMAS;Thymus_mastichina;598;1;1;;;;
;;;;;2;1;;;;
;;;;;3;NA;;;;
;;;;;4;NA;;;;
;;;;;5;NA;;;;
;;;;;6;NA;;;;
;;;;;7;NA;;;;
;;;;;8;NA;;;;
;;;;;9;NA;;;;
;;;;;10;NA;;;;
433;D;TMAS;Thymus_mastichina;599;1;1;;;;
;;;;;2;2;;;;
;;;;;3;1;;;;
;;;;;4;NA;;;;
;;;;;5;NA;;;;
;;;;;6;NA;;;;
;;;;;7;NA;;;;
;;;;;8;NA;;;;
;;;;;9;NA;;;;
;;;;;10;NA;;;;
434;D;TMAS;Thymus_mastichina;600;1;1;;;;
;;;;;2;2;;;;
;;;;;3;1;;;;
;;;;;4;1;;;;
;;;;;5;1;;;;
;;;;;6;1;;;;
;;;;;7;1;;;;
;;;;;8;1;;;;
;;;;;9;1;;;;
;;;;;10;1;;;;
435;D;HPIC;Helichrysum_picardii;656;;;;;;
436;D;HPIC;Helichrysum_picardii;657;;;;;;
437;D;HPIC;Helichrysum_picardii;658;;;;;;
438;D;HPIC;Helichrysum_picardii;659;;;;;;
439;D;HPIC;Helichrysum_picardii;660;;;;;;
440;D;HPIC;Helichrysum_picardii;661;;;;;;
441;D;HPIC;Helichrysum_picardii;662;;;;;;
442;D;HPIC;Helichrysum_picardii;663;;;;;;
443;D;HPIC;Helichrysum_picardii;664;;;;;;
444;D;HPIC;Helichrysum_picardii;665;;;;;;
445;D;HPIC;Helichrysum_picardii;666;;;;;;
446;D;HPIC;Helichrysum_picardii;667;;;;;;
447;D;HPIC;Helichrysum_picardii;668;;;;;;
448;D;HPIC;Helichrysum_picardii;669;;;;;;
449;D;HPIC;Helichrysum_picardii;670;;;;;;
450;D;HPIC;Helichrysum_picardii;671;;;;;;
451;D;HPIC;Helichrysum_picardii;672;;;;;;
452;D;HPIC;Helichrysum_picardii;673;;;;;;
453;D;HPIC;Helichrysum_picardii;674;;;;;;
454;D;HPIC;Helichrysum_picardii;675;;;;;;
455;E;UPAR;Ulex_parviflorus;61;;;;;;
456;E;UPAR;Ulex_parviflorus;62;;;;;;
457;E;UPAR;Ulex_parviflorus;63;;;;;;
458;E;UPAR;Ulex_parviflorus;64;;;;;;
459;E;UPAR;Ulex_parviflorus;65;;;;;;
460;E;UPAR;Ulex_parviflorus;66;;;;;;
461;E;UPAR;Ulex_parviflorus;67;;;;;;
462;E;UPAR;Ulex_parviflorus;68;;;;;;
463;E;UPAR;Ulex_parviflorus;69;;;;;;
464;E;UPAR;Ulex_parviflorus;70;;;;;;
465;E;UPAR;Ulex_parviflorus;71;;;;;;
466;E;UPAR;Ulex_parviflorus;72;;;;;;
467;E;UPAR;Ulex_parviflorus;73;;;;;;
468;E;UPAR;Ulex_parviflorus;74;;;;;;
469;E;UPAR;Ulex_parviflorus;75;;;;;;
470;E;SGEN;Stauracanthus_genistoides;351;;;;;;
471;E;SGEN;Stauracanthus_genistoides;352;;;;;;
472;E;SGEN;Stauracanthus_genistoides;353;;;;;;
473;E;SGEN;Stauracanthus_genistoides;354;;;;;;
474;E;SGEN;Stauracanthus_genistoides;355;;;;;;
475;E;SGEN;Stauracanthus_genistoides;356;;;;;;
476;E;SGEN;Stauracanthus_genistoides;357;;;;;;
477;E;SGEN;Stauracanthus_genistoides;358;;;;;;
478;E;SGEN;Stauracanthus_genistoides;359;;;;;;
479;E;SGEN;Stauracanthus_genistoides;360;;;;;;
480;E;ROFF;Rosmarinus_officinalis;76;1;3;;;;
;;;;;2;4;;;;
;;;;;3;3;;;;
;;;;;4;3;;;;
;;;;;5;4;;;;
;;;;;6;2;;;;
;;;;;7;1;;;;
;;;;;8;4;;;;
;;;;;9;4;;;;
;;;;;10;NA;;;;
481;E;ROFF;Rosmarinus_officinalis;77;1;2;;;;
;;;;;2;1;;;;
;;;;;3;2;;;;
;;;;;4;2;;;;
;;;;;5;1;;;;
;;;;;6;2;;;;
;;;;;7;NA;;;;
;;;;;8;NA;;;;
;;;;;9;NA;;;;
;;;;;10;NA;;;;
482;E;ROFF;Rosmarinus_officinalis;78;1;2;;;;
;;;;;2;2;;;;
;;;;;3;1;;;;
;;;;;4;3;;;;
;;;;;5;3;;;;
;;;;;6;2;;;;
;;;;;7;1;;;;
;;;;;8;2;;;;
;;;;;9;1;;;;
;;;;;10;0;;;;
483;E;ROFF;Rosmarinus_officinalis;79;1;3;;;;
;;;;;2;2;;;;
;;;;;3;1;;;;
;;;;;4;2;;;;
;;;;;5;2;;;;
;;;;;6;2;;;;
;;;;;7;2;;;;
;;;;;8;1;;;;
;;;;;9;1;;;;
;;;;;10;2;;;;
484;E;ROFF;Rosmarinus_officinalis;80;1;2;;;;
;;;;;2;1;;;;
;;;;;3;2;;;;
;;;;;4;1;;;;
;;;;;5;NA;;;;
;;;;;6;NA;;;;
;;;;;7;NA;;;;
;;;;;8;NA;;;;
;;;;;9;NA;;;;
;;;;;10;NA;;;;
485;E;ROFF;Rosmarinus_officinalis;81;1;3;;;;
;;;;;2;3;;;;
;;;;;3;3;;;;
;;;;;4;2;;;;
;;;;;5;3;;;;
;;;;;6;1;;;;
;;;;;7;1;;;;
;;;;;8;1;;;;
;;;;;9;2;;;;
;;;;;10;0;;;;
486;E;ROFF;Rosmarinus_officinalis;82;1;3;;;;
;;;;;2;4;;;;
;;;;;3;2;;;;
;;;;;4;2;;;;
;;;;;5;0;;;;
;;;;;6;1;;;;
;;;;;7;1;;;;
;;;;;8;NA;;;;
;;;;;9;NA;;;;
;;;;;10;NA;;;;
487;E;ROFF;Rosmarinus_officinalis;83;1;0;;;;
;;;;;2;1;;;;
;;;;;3;1;;;;
;;;;;4;0;;;;
;;;;;5;1;;;;
;;;;;6;NA;;;;
;;;;;7;NA;;;;
;;;;;8;NA;;;;
;;;;;9;NA;;;;
;;;;;10;NA;;;;
488;E;ROFF;Rosmarinus_officinalis;84;1;3;;;;
;;;;;2;2;;;;
;;;;;3;3;;;;
;;;;;4;1;;;;
;;;;;5;3;;;;
;;;;;6;2;;;;
;;;;;7;1;;;;
;;;;;8;1;;;;
;;;;;9;NA;;;;
;;;;;10;NA;;;;
489;E;ROFF;Rosmarinus_officinalis;85;1;2;;;;
;;;;;2;4;;;;
;;;;;3;4;;;;
;;;;;4;1;;;;
;;;;;5;1;;;;
;;;;;6;1;;;;
;;;;;7;1;;;;
;;;;;8;1;;;;
;;;;;9;2;;;;
;;;;;10;0;;;;
490;E;ROFF;Rosmarinus_officinalis;86;1;3;;;;
;;;;;2;2;;;;
;;;;;3;0;;;;
;;;;;4;3;;;;
;;;;;5;2;;;;
;;;;;6;3;;;;
;;;;;7;NA;;;;
;;;;;8;NA;;;;
;;;;;9;NA;;;;
;;;;;10;NA;;;;
491;E;ROFF;Rosmarinus_officinalis;87;1;2;;;;
;;;;;2;1;;;;
;;;;;3;1;;;;
;;;;;4;4;;;;
;;;;;5;2;;;;
;;;;;6;2;;;;
;;;;;7;2;;;;
;;;;;8;NA;;;;
;;;;;9;NA;;;;
;;;;;10;NA;;;;
492;E;ROFF;Rosmarinus_officinalis;88;1;1;;;;
;;;;;2;1;;;;
;;;;;3;3;;;;
;;;;;4;1;;;;
;;;;;5;1;;;;
;;;;;6;3;;;;
;;;;;7;4;;;;
;;;;;8;4;;;;
;;;;;9;2;;;;
;;;;;10;1;;;;
493;E;ROFF;Rosmarinus_officinalis;89;1;4;;;;
;;;;;2;1;;;;
;;;;;3;NA;;;;
;;;;;4;NA;;;;
;;;;;5;NA;;;;
;;;;;6;NA;;;;
;;;;;7;NA;;;;
;;;;;8;NA;;;;
;;;;;9;NA;;;;
;;;;;10;NA;;;;
494;E;ROFF;Rosmarinus_officinalis;90;1;2;;;;
;;;;;2;4;;;;
;;;;;3;2;;;;
;;;;;4;3;;;;
;;;;;5;NA;;;;
;;;;;6;NA;;;;
;;;;;7;NA;;;;
;;;;;8;NA;;;;
;;;;;9;NA;;;;
;;;;;10;NA;;;;
495;E;HCOM;Halimium_commutatum;181;;;;;;
496;E;HCOM;Halimium_commutatum;182;;;;;;
497;E;HCOM;Halimium_commutatum;183;;;;;;
498;E;HCOM;Halimium_commutatum;184;;;;;;
499;E;HCOM;Halimium_commutatum;185;;;;;;
500;E;HCOM;Halimium_commutatum;186;;;;;;
501;E;HCOM;Halimium_commutatum;187;;;;;;
502;E;HCOM;Halimium_commutatum;188;;;;;;
503;E;HCOM;Halimium_commutatum;189;;;;;;
504;E;HCOM;Halimium_commutatum;190;;;;;;
505;E;HCOM;Halimium_commutatum;191;;;;;;
506;E;HCOM;Halimium_commutatum;192;;;;;;
507;E;HCOM;Halimium_commutatum;193;;;;;;
508;E;HCOM;Halimium_commutatum;194;;;;;;
509;E;HCOM;Halimium_commutatum;195;;;;;;
510;E;LPED;Lavandula_pedunculata;321;1;3;;;;
;;;;;2;1;;;;
;;;;;3;2;;;;
;;;;;4;2;;;;
;;;;;5;3;;;;
;;;;;6;2;;;;
;;;;;7;2;;;;
;;;;;8;2;;;;
;;;;;9;2;;;;
;;;;;10;2;;;;
511;E;LPED;Lavandula_pedunculata;322;1;2;;data lost;;
;;;;;2;1;;data lost;;
;;;;;3;2;;data lost;;
;;;;;4;2;;data lost;;
;;;;;5;1;;data lost;;
;;;;;6;1;;data lost;;
;;;;;7;2;;;;
;;;;;8;1;;;;
;;;;;9;2;;;;
;;;;;10;2;;;;
512;E;LPED;Lavandula_pedunculata;323;1;3;;;;
;;;;;2;1;;;;
;;;;;3;3;;;;
;;;;;4;2;;;;
;;;;;5;1;;;;
;;;;;6;2;;;;
;;;;;7;3;;;;
;;;;;8;4;;;;
;;;;;9;4;;;;
;;;;;10;3;;;;
513;E;LPED;Lavandula_pedunculata;324;1;1;;;;
;;;;;2;3;;;;
;;;;;3;3;;;;
;;;;;4;4;;;;
;;;;;5;2;;;;
;;;;;6;3;;;;
;;;;;7;2;;;;
;;;;;8;3;;;;
;;;;;9;2;;;;
;;;;;10;3;;;;
514;E;LPED;Lavandula_pedunculata;325;1;3;;;;
;;;;;2;2;;;;
;;;;;3;3;;;;
;;;;;4;2;;;;
;;;;;5;3;;;;
;;;;;6;2;;;;
;;;;;7;2;;;;
;;;;;8;3;;;;
;;;;;9;2;;;;
;;;;;10;2;;;;
515;E;LPED;Lavandula_pedunculata;326;1;1;;;;
;;;;;2;1;;;;
;;;;;3;3;;;;
;;;;;4;1;;;;
;;;;;5;2;;;;
;;;;;6;2;;;;
;;;;;7;1;;;;
;;;;;8;1;;;;
;;;;;9;3;;;;
;;;;;10;3;;;;
516;E;LPED;Lavandula_pedunculata;327;1;2;;;;
;;;;;2;1;;;;
;;;;;3;1;;;;
;;;;;4;1;;;;
;;;;;5;4;;;;
;;;;;6;3;;;;
;;;;;7;3;;;;
;;;;;8;1;;;;
;;;;;9;2;;;;
;;;;;10;2;;;;
517;E;LPED;Lavandula_pedunculata;328;1;4;;;;
;;;;;2;2;;;;
;;;;;3;2;;;;
;;;;;4;1;;;;
;;;;;5;1;;;;
;;;;;6;2;;;;
;;;;;7;1;;;;
;;;;;8;1;;;;
;;;;;9;1;;;;
;;;;;10;2;;;;
518;E;LPED;Lavandula_pedunculata;329;1;3;;;;
;;;;;2;2;;;;
;;;;;3;1;;;;
;;;;;4;1;;;;
;;;;;5;1;;;;
;;;;;6;4;;;;
;;;;;7;2;;;;
;;;;;8;1;;;;
;;;;;9;3;;;;
;;;;;10;2;;;;
519;E;LPED;Lavandula_pedunculata;330;1;1;;;;
;;;;;2;1;;;;
;;;;;3;2;;;;
;;;;;4;1;;;;
;;;;;5;2;;;;
;;;;;6;3;;;;
;;;;;7;1;;;;
;;;;;8;2;;;;
;;;;;9;1;;;;
;;;;;10;3;;;;
520;E;LPED;Lavandula_pedunculata;331;1;1;;;;
;;;;;2;4;;;;
;;;;;3;2;;;;
;;;;;4;3;;;;
;;;;;5;4;;;;
;;;;;6;4;;;;
;;;;;7;3;;;;
;;;;;8;3;;;;
;;;;;9;3;;;;
;;;;;10;4;;;;
521;E;LPED;Lavandula_pedunculata;332;1;1;;;;
;;;;;2;3;;;;
;;;;;3;3;;;;
;;;;;4;3;;;;
;;;;;5;1;;;;
;;;;;6;3;;;;
;;;;;7;2;;;;
;;;;;8;3;;;;
;;;;;9;1;;;;
;;;;;10;3;;;;
522;E;LPED;Lavandula_pedunculata;333;1;3;;;;
;;;;;2;3;;;;
;;;;;3;1;;;;
;;;;;4;2;;;;
;;;;;5;3;;;;
;;;;;6;2;;;;
;;;;;7;3;;;;
;;;;;8;2;;;;
;;;;;9;2;;;;
;;;;;10;1;;;;
523;E;LPED;Lavandula_pedunculata;334;1;2;;;;
;;;;;2;3;;;;
;;;;;3;2;;;;
;;;;;4;1;;;;
;;;;;5;1;;;;
;;;;;6;2;;;;
;;;;;7;1;;;;
;;;;;8;2;;;;
;;;;;9;3;;;;
;;;;;10;4;;;;
524;E;LPED;Lavandula_pedunculata;335;1;1;;;;
;;;;;2;2;;;;
;;;;;3;2;;;;
;;;;;4;2;;;;
;;;;;5;3;;;;
;;;;;6;1;;;;
;;;;;7;1;;;;
;;;;;8;4;;;;
;;;;;9;1;;;;
;;;;;10;2;;;;
525;E;CSAL;Cistus_salviifolius;361;;;;;;
526;E;CSAL;Cistus_salviifolius;362;;;;;;
527;E;CSAL;Cistus_salviifolius;363;;;;;;
528;E;CSAL;Cistus_salviifolius;364;;;;;;
529;E;CSAL;Cistus_salviifolius;365;;;;;;
530;E;CSAL;Cistus_salviifolius;365_1;;;;;;
531;E;CSAL;Cistus_salviifolius;365_2;;;;;;
532;E;CSAL;Cistus_salviifolius;365_3;;;;;;
533;E;CSAL;Cistus_salviifolius;365_4;;;;;;
534;E;CLIB;Cistus_libanotis;411;1;18;;;;
;;;;;2;9;;;;
;;;;;3;11;;;;
;;;;;4;7;;;;
;;;;;5;14;;;;
;;;;;6;11;;;;
;;;;;7;11;;;;
;;;;;8;15;;;;
;;;;;9;11;;;;
;;;;;10;5;;;;
535;E;CLIB;Cistus_libanotis;412;1;16;;;;
;;;;;2;16;;;;
;;;;;3;19;;;;
;;;;;4;16;;;;
;;;;;5;15;;;;
;;;;;6;10;;;;
;;;;;7;12;;;;
;;;;;8;15;;;;
;;;;;9;11;;;;
;;;;;10;12;;;;
536;E;CLIB;Cistus_libanotis;413;1;13;;;;
;;;;;2;13;;;;
;;;;;3;10;;;;
;;;;;4;15;;;;
;;;;;5;14;;;;
;;;;;6;16;;;;
;;;;;7;16;;;;
;;;;;8;10;;;;
;;;;;9;21;;;;
;;;;;10;12;;;;
537;E;CLIB;Cistus_libanotis;414;1;9;;;;
;;;;;2;9;;;;
;;;;;3;11;;;;
;;;;;4;19;;;;
;;;;;5;14;;;;
;;;;;6;14;;;;
;;;;;7;9;;;;
;;;;;8;4;;;;
;;;;;9;10;;;;
;;;;;10;8;;;;
538;E;CLIB;Cistus_libanotis;415;1;13;;;;
;;;;;2;12;;;;
;;;;;3;14;;;;
;;;;;4;20;;;;
;;;;;5;12;;;;
;;;;;6;4;;;;
;;;;;7;6;;;;
;;;;;8;3;;;;
;;;;;9;8;;;;
;;;;;10;6;;;;
539;E;CLIB;Cistus_libanotis;416;1;18;;;;
;;;;;2;22;;;;
;;;;;3;22;;;;
;;;;;4;18;;;;
;;;;;5;17;;;;
;;;;;6;18;;;;
;;;;;7;14;;;;
;;;;;8;23;;;;
;;;;;9;19;;;;
;;;;;10;5;;;;
540;E;CLIB;Cistus_libanotis;417;1;26;;;;
;;;;;2;22;;;;
;;;;;3;13;;;;
;;;;;4;14;;;;
;;;;;5;21;;;;
;;;;;6;19;;;;
;;;;;7;20;;;;
;;;;;8;18;;;;
;;;;;9;13;;;;
;;;;;10;8;;;;
541;E;CLIB;Cistus_libanotis;418;1;15;;;;
;;;;;2;7;;;;
;;;;;3;19;;;;
;;;;;4;8;;;;
;;;;;5;10;;;;
;;;;;6;9;;;;
;;;;;7;9;;;;
;;;;;8;11;;;;
;;;;;9;5;;;;
;;;;;10;9;;;;
542;E;CLIB;Cistus_libanotis;419;1;18;;;;
;;;;;2;15;;;;
;;;;;3;21;;;;
;;;;;4;15;;;;
;;;;;5;16;;;;
;;;;;6;18;;;;
;;;;;7;18;;;;
;;;;;8;16;;;;
;;;;;9;19;;;;
;;;;;10;16;;;;
543;E;CLIB;Cistus_libanotis;420;1;14;;;;
;;;;;2;22;;;;
;;;;;3;19;;;;
;;;;;4;7;;;;
;;;;;5;9;;;;
;;;;;6;7;;;;
;;;;;7;14;;;;
;;;;;8;12;;;;
;;;;;9;10;;;;
;;;;;10;5;;;;
544;E;CLIB;Cistus_libanotis;421;1;17;;;;
;;;;;2;22;;;;
;;;;;3;19;;;;
;;;;;4;23;;;;
;;;;;5;12;;;;
;;;;;6;5;;;;
;;;;;7;12;;;;
;;;;;8;9;;;;
;;;;;9;3;;;;
;;;;;10;4;;;;
545;E;CLIB;Cistus_libanotis;422;1;15;;;;
;;;;;2;20;;;;
;;;;;3;21;;;;
;;;;;4;17;;;;
;;;;;5;11;;;;
;;;;;6;16;;;;
;;;;;7;13;;;;
;;;;;8;10;;;;
;;;;;9;6;;;;
;;;;;10;6;;;;
546;E;CLIB;Cistus_libanotis;423;1;12;;;;
;;;;;2;19;;;;
;;;;;3;11;;;;
;;;;;4;13;;;;
;;;;;5;16;;;;
;;;;;6;13;;;;
;;;;;7;17;;;;
;;;;;8;10;;;;
;;;;;9;8;;;;
;;;;;10;11;;;;
547;E;CLIB;Cistus_libanotis;424;1;23;;;;
;;;;;2;14;;;;
;;;;;3;19;;;;
;;;;;4;16;;;;
;;;;;5;12;;;;
;;;;;6;21;;;;
;;;;;7;18;;;;
;;;;;8;15;;;;
;;;;;9;18;;;;
;;;;;10;23;;good;;
548;E;CLIB;Cistus_libanotis;425;1;19;;;;
;;;;;2;16;;;;
;;;;;3;23;;;;
;;;;;4;19;;;;
;;;;;5;15;;;;
;;;;;6;16;;;;
;;;;;7;11;;;;
;;;;;8;7;;;;
;;;;;9;11;;;;
;;;;;10;10;;;;
549;E;AVEL;Armeria_velutina;450;;;;;;
550;E;AVEL;Armeria_velutina;451;;;;;;
551;E;AVEL;Armeria_velutina;452;;;;;;
552;E;AVEL;Armeria_velutina;453;;;;;;
553;E;AVEL;Armeria_velutina;454;;;;;;
554;E;AVEL;Armeria_velutina;455;;;;;;
555;E;AVEL;Armeria_velutina;456;;;;;;
556;E;AVEL;Armeria_velutina;457;;;;;;
557;E;AVEL;Armeria_velutina;458;;;;;;
558;E;AVEL;Armeria_velutina;459;;;;;;
559;E;HHAL;Halimium_halimifolium;531;1;NA;;;;
;;;;;2;NA;;;;
;;;;;3;NA;;;;
;;;;;4;NA;;;;
;;;;;5;NA;;;;
;;;;;6;NA;;;;
;;;;;7;NA;;;;
;;;;;8;NA;;;;
;;;;;9;NA;;;;
;;;;;10;NA;;;;
560;E;HHAL;Halimium_halimifolium;532;;;;;;
561;E;HHAL;Halimium_halimifolium;533;1;41;;;;
;;;;;2;50;;;;
;;;;;3;36;;;;
;;;;;4;40;;;;
;;;;;5;55;;;;
;;;;;6;27;;;;
;;;;;7;33;;;;
;;;;;8;40;;;;
;;;;;9;30;;;;
;;;;;10;35;;;;
562;E;HHAL;Halimium_halimifolium;534;1;21;;;;
;;;;;2;18;;;;
;;;;;3;21;;;;
;;;;;4;19;;;;
;;;;;5;16;;;;
;;;;;6;25;;;;
;;;;;7;18;;;;
;;;;;8;23;;;;
;;;;;9;14;;;;
;;;;;10;11;;;;
563;E;HHAL;Halimium_halimifolium;535;1;25;;;;
;;;;;2;20;;;;
;;;;;3;NA;;;;
;;;;;4;NA;;;;
;;;;;5;NA;;;;
;;;;;6;NA;;;;
;;;;;7;NA;;;;
;;;;;8;NA;;;;
;;;;;9;NA;;;;
;;;;;10;NA;;;;
564;E;HHAL;Halimium_halimifolium;536;1;33;;;;
;;;;;2;41;;;;
;;;;;3;17;;;;
;;;;;4;40;;;;
;;;;;5;34;;;;
;;;;;6;35;;;;
;;;;;7;18;;;;
;;;;;8;14;;;;
;;;;;9;34;;;;
;;;;;10;27;;;;
565;E;HHAL;Halimium_halimifolium;537;1;12;;;;
;;;;;2;24;;;;
;;;;;3;26;;;;
;;;;;4;30;;;;
;;;;;5;21;;;;
;;;;;6;12;;;;
;;;;;7;29;;;;
;;;;;8;21;;;;
;;;;;9;25;;;;
;;;;;10;16;;;;
566;E;HHAL;Halimium_halimifolium;538;1;17;;;;
;;;;;2;27;;;;
;;;;;3;18;;;;
;;;;;4;19;;;;
;;;;;5;26;;;;
;;;;;6;17;;;;
;;;;;7;20;;;;
;;;;;8;12;;;;
;;;;;9;13;;;;
;;;;;10;14;;;;
567;E;HHAL;Halimium_halimifolium;539;1;51;;;;
;;;;;2;48;;;;
;;;;;3;16;;;;
;;;;;4;26;;larvae (same);;
;;;;;5;47;;;;
;;;;;6;8;;;;
;;;;;7;27;;;;
;;;;;8;NA;;;;
;;;;;9;NA;;;;
;;;;;10;NA;;;;
568;E;HHAL;Halimium_halimifolium;540;1;27;;;;
;;;;;2;27;;;;
;;;;;3;22;;;;
;;;;;4;25;;;;
;;;;;5;14;;;;
;;;;;6;20;;;;
;;;;;7;23;;;;
;;;;;8;5;;;;
;;;;;9;17;;;;
;;;;;10;21;;;;
569;E;HHAL;Halimium_halimifolium;541;1;33;;;;
;;;;;2;27;;;;
;;;;;3;28;;;;
;;;;;4;32;;;;
;;;;;5;48;;;;
;;;;;6;31;;;;
;;;;;7;32;;;;
;;;;;8;39;;;;
;;;;;9;37;;;;
;;;;;10;36;;;;
570;E;HHAL;Halimium_halimifolium;542;;;;;;
571;E;HHAL;Halimium_halimifolium;543;1;21;;;;
;;;;;2;18;;;;
;;;;;3;14;;;;
;;;;;4;32;;;;
;;;;;5;14;;;;
;;;;;6;20;;;;
;;;;;7;20;;;;
;;;;;8;22;;;;
;;;;;9;20;;one predated fruit (hole with damage, same larvae);;
;;;;;10;18;;;;
572;E;HHAL;Halimium_halimifolium;544;1;44;;;;
;;;;;2;0;;;;
;;;;;3;0;;;;
;;;;;4;NA;;;;
;;;;;5;NA;;;;
;;;;;6;NA;;;;
;;;;;7;NA;;;;
;;;;;8;NA;;;;
;;;;;9;NA;;;;
;;;;;10;NA;;;;
573;E;HHAL;Halimium_halimifolium;545;1;1;;;;
;;;;;2;1;;;;
;;;;;3;1;;;;
;;;;;4;1;;;;
;;;;;5;1;;;;
;;;;;6;NA;;;;
;;;;;7;NA;;;;
;;;;;8;NA;;;;
;;;;;9;NA;;;;
;;;;;10;NA;;;;
574;E;TMAS;Thymus_mastichina;601;1;1;;;;
;;;;;2;1;;;;
;;;;;3;1;;;;
;;;;;4;1;;;;
;;;;;5;1;;;;
;;;;;6;1;;;;
;;;;;7;1;;;;
;;;;;8;1;;;;
;;;;;9;1;;;;
;;;;;10;1;;;;
575;E;TMAS;Thymus_mastichina;602;1;1;;;;
;;;;;2;2;;;;
;;;;;3;2;;;;
;;;;;4;2;;;;
;;;;;5;2;;;;
;;;;;6;1;;;;
;;;;;7;1;;;;
;;;;;8;1;;;;
;;;;;9;1;;;;
;;;;;10;1;;;;
576;E;TMAS;Thymus_mastichina;603;1;2;;;;
;;;;;2;1;;;;
;;;;;3;NA;;;;
;;;;;4;NA;;;;
;;;;;5;NA;;;;
;;;;;6;NA;;;;
;;;;;7;NA;;;;
;;;;;8;NA;;;;
;;;;;9;NA;;;;
;;;;;10;NA;;;;
577;E;TMAS;Thymus_mastichina;604;1;1;;;;
;;;;;2;1;;;;
;;;;;3;1;;;;
;;;;;4;1;;;;
;;;;;5;2;;;;
;;;;;6;1;;;;
;;;;;7;1;;;;
;;;;;8;1;;;;
;;;;;9;2;;;;
;;;;;10;1;;;;
578;E;TMAS;Thymus_mastichina;605;1;1;;;;
;;;;;2;NA;;;;
;;;;;3;NA;;;;
;;;;;4;NA;;;;
;;;;;5;NA;;;;
;;;;;6;NA;;;;
;;;;;7;NA;;;;
;;;;;8;NA;;;;
;;;;;9;NA;;;;
;;;;;10;NA;;;;
579;E;TMAS;Thymus_mastichina;606;1;1;;;;
;;;;;2;1;;;;
;;;;;3;NA;;;;
;;;;;4;NA;;;;
;;;;;5;NA;;;;
;;;;;6;NA;;;;
;;;;;7;NA;;;;
;;;;;8;NA;;;;
;;;;;9;NA;;;;
;;;;;10;NA;;;;
580;E;TMAS;Thymus_mastichina;607;1;1;;;;
;;;;;2;1;;;;
;;;;;3;1;;;;
;;;;;4;1;;;;
;;;;;5;1;;;;
;;;;;6;1;;;;
;;;;;7;NA;;;;
;;;;;8;NA;;;;
;;;;;9;NA;;;;
;;;;;10;NA;;;;
581;E;TMAS;Thymus_mastichina;608;1;1;;;;
;;;;;2;NA;;;;
;;;;;3;NA;;;;
;;;;;4;NA;;;;
;;;;;5;NA;;;;
;;;;;6;NA;;;;
;;;;;7;NA;;;;
;;;;;8;NA;;;;
;;;;;9;NA;;;;
;;;;;10;NA;;;;
582;E;TMAS;Thymus_mastichina;609;1;1;;;;
;;;;;2;1;;;;
;;;;;3;1;;;;
;;;;;4;1;;;;
;;;;;5;1;;;;
;;;;;6;1;;;;
;;;;;7;1;;;;
;;;;;8;2;;;;
;;;;;9;NA;;;;
;;;;;10;NA;;;;
583;E;TMAS;Thymus_mastichina;610;1;NA;;;;
;;;;;2;NA;;;;
;;;;;3;NA;;;;
;;;;;4;NA;;;;
;;;;;5;NA;;;;
;;;;;6;NA;;;;
;;;;;7;NA;;;;
;;;;;8;NA;;;;
;;;;;9;NA;;;;
;;;;;10;NA;;;;
584;F;LPED;Lavandula_pedunculata;336;1;1;;;;
;;;;;2;1;;;;
;;;;;3;3;;;;
;;;;;4;2;;;;
;;;;;5;4;;;;
;;;;;6;2;;;;
;;;;;7;2;;;;
;;;;;8;1;;;;
;;;;;9;2;;;;
;;;;;10;2;;;;
585;F;LPED;Lavandula_pedunculata;337;1;2;;;;
;;;;;2;1;;;;
;;;;;3;1;;;;
;;;;;4;3;;;;
;;;;;5;3;;;;
;;;;;6;2;;;;
;;;;;7;1;;;;
;;;;;8;3;;;;
;;;;;9;3;;;;
;;;;;10;2;;;;
586;F;LPED;Lavandula_pedunculata;338;1;2;;;;
;;;;;2;2;;;;
;;;;;3;3;;;;
;;;;;4;2;;;;
;;;;;5;2;;;;
;;;;;6;2;;;;
;;;;;7;3;;;;
;;;;;8;3;;;;
;;;;;9;2;;;;
;;;;;10;1;;;;
587;F;LPED;Lavandula_pedunculata;339;1;1;;;;
;;;;;2;1;;;;
;;;;;3;3;;;;
;;;;;4;1;;;;
;;;;;5;2;;;;
;;;;;6;2;;;;
;;;;;7;2;;;;
;;;;;8;3;;;;
;;;;;9;3;;;;
;;;;;10;2;;;;
588;F;LPED;Lavandula_pedunculata;340;1;1;;;;
;;;;;2;3;;;;
;;;;;3;1;;;;
;;;;;4;2;;;;
;;;;;5;2;;;;
;;;;;6;2;;;;
;;;;;7;1;;;;
;;;;;8;4;;;;
;;;;;9;2;;;;
;;;;;10;1;;;;
589;F;LPED;Lavandula_pedunculata;341;1;3;;;;
;;;;;2;1;;;;
;;;;;3;1;;;;
;;;;;4;1;;;;
;;;;;5;3;;;;
;;;;;6;1;;;;
;;;;;7;1;;;;
;;;;;8;4;;;;
;;;;;9;3;;;;
;;;;;10;1;;;;
590;F;LPED;Lavandula_pedunculata;342;1;2;;;;
;;;;;2;1;;;;
;;;;;3;1;;;;
;;;;;4;2;;;;
;;;;;5;1;;;;
;;;;;6;1;;;;
;;;;;7;1;;;;
;;;;;8;1;;;;
;;;;;9;1;;;;
;;;;;10;1;;;;
591;F;LPED;Lavandula_pedunculata;343;1;4;;;;
;;;;;2;3;;;;
;;;;;3;1;;;;
;;;;;4;3;;;;
;;;;;5;3;;;;
;;;;;6;3;;;;
;;;;;7;1;;;;
;;;;;8;3;;;;
;;;;;9;2;;;;
;;;;;10;1;;;;
592;F;LPED;Lavandula_pedunculata;344;1;2;;;;
;;;;;2;1;;;;
;;;;;3;1;;;;
;;;;;4;2;;;;
;;;;;5;2;;;;
;;;;;6;2;;;;
;;;;;7;2;;;;
;;;;;8;2;;;;
;;;;;9;1;;;;
;;;;;10;3;;;;
593;F;LPED;Lavandula_pedunculata;345;1;1;;;;
;;;;;2;0;;;;
;;;;;3;0;;;;
;;;;;4;0;;;;
;;;;;5;0;;;;
;;;;;6;0;;;;
;;;;;7;0;;;;
;;;;;8;0;;;;
;;;;;9;0;;;;
;;;;;10;0;;;;
594;F;LPED;Lavandula_pedunculata;346;1;1;;;;
;;;;;2;1;;;;
;;;;;3;1;;;;
;;;;;4;1;;;;
;;;;;5;3;;;;
;;;;;6;1;;;;
;;;;;7;2;;;;
;;;;;8;2;;;;
;;;;;9;3;;;;
;;;;;10;1;;;;
595;F;LPED;Lavandula_pedunculata;347;1;2;;;;
;;;;;2;1;;;;
;;;;;3;4;;;;
;;;;;4;3;;;;
;;;;;5;3;;;;
;;;;;6;2;;;;
;;;;;7;1;;;;
;;;;;8;2;;;;
;;;;;9;1;;;;
;;;;;10;1;;;;
596;F;LPED;Lavandula_pedunculata;348;1;3;;;;
;;;;;2;4;;;;
;;;;;3;3;;;;
;;;;;4;3;;;;
;;;;;5;2;;;;
;;;;;6;1;;;;
;;;;;7;4;;;;
;;;;;8;3;;;;
;;;;;9;3;;;;
;;;;;10;3;;;;
597;F;LPED;Lavandula_pedunculata;349;1;2;;;;
;;;;;2;2;;;;
;;;;;3;1;;;;
;;;;;4;1;;;;
;;;;;5;2;;;;
;;;;;6;1;;;;
;;;;;7;2;;;;
;;;;;8;1;;;;
;;;;;9;1;;;;
;;;;;10;3;;;;
598;F;LPED;Lavandula_pedunculata;350;1;2;;;;
;;;;;2;2;;;;
;;;;;3;4;;;;
;;;;;4;2;;;;
;;;;;5;1;;;;
;;;;;6;3;;;;
;;;;;7;4;;;;
;;;;;8;3;;;;
;;;;;9;1;;;;
;;;;;10;1;;;;
599;F;ROFF;Rosmarinus_officinalis;91;1;4;;;;
;;;;;2;2;;;;
;;;;;3;2;;;;
;;;;;4;3;;;;
;;;;;5;4;;;;
;;;;;6;2;;;;
;;;;;7;1;;;;
;;;;;8;2;;;;
;;;;;9;4;;antagonist collected with photos;;
;;;;;10;4;;;;
600;F;ROFF;Rosmarinus_officinalis;92;1;1;;;;
;;;;;2;2;;;;
;;;;;3;1;;;;
;;;;;4;4;;;;
;;;;;5;3;;;;
;;;;;6;3;;;;
;;;;;7;2;;;;
;;;;;8;3;;;;
;;;;;9;1;;;;
;;;;;10;3;;;;
601;F;ROFF;Rosmarinus_officinalis;93;1;3;;;;
;;;;;2;3;;;;
;;;;;3;2;;;;
;;;;;4;3;;;;
;;;;;5;3;;;;
;;;;;6;3;;;;
;;;;;7;4;;;;
;;;;;8;4;;;;
;;;;;9;3;;;;
;;;;;10;2;;;;
602;F;ROFF;Rosmarinus_officinalis;94;1;1;;;;
;;;;;2;3;;;;
;;;;;3;3;;;;
;;;;;4;4;;;;
;;;;;5;3;;;;
;;;;;6;2;;;;
;;;;;7;3;;;;
;;;;;8;1;;;;
;;;;;9;1;;;;
;;;;;10;2;;;;
603;F;ROFF;Rosmarinus_officinalis;95;1;3;;;;
;;;;;2;3;;;;
;;;;;3;4;;;;
;;;;;4;3;;;;
;;;;;5;2;;;;
;;;;;6;0;;;;
;;;;;7;2;;;;
;;;;;8;0;;;;
;;;;;9;0;;;;
;;;;;10;NA;;;;
604;F;ROFF;Rosmarinus_officinalis;96;1;3;;;;
;;;;;2;3;;;;
;;;;;3;4;;;;
;;;;;4;2;;;;
;;;;;5;4;;;;
;;;;;6;2;;;;
;;;;;7;4;;;;
;;;;;8;4;;;;
;;;;;9;4;;antagonist collected with photo;;
;;;;;10;4;;;;
605;F;ROFF;Rosmarinus_officinalis;97;1;2;;;;
;;;;;2;3;;;;
;;;;;3;2;;;;
;;;;;4;3;;;;
;;;;;5;2;;;;
;;;;;6;3;;;;
;;;;;7;3;;;;
;;;;;8;4;;;;
;;;;;9;4;;two antagonist species collected with photos;;
;;;;;10;3;;;;
606;F;ROFF;Rosmarinus_officinalis;98;1;3;;;;
;;;;;2;3;;;;
;;;;;3;2;;;;
;;;;;4;2;;;;
;;;;;5;2;;;;
;;;;;6;3;;;;
;;;;;7;2;;;;
;;;;;8;4;;;;
;;;;;9;4;;;;
;;;;;10;3;;;;
607;F;ROFF;Rosmarinus_officinalis;99;1;2;;two antagonist individuals from the same species as ROFF 96 (not collected);;
;;;;;2;4;;;;
;;;;;3;3;;;;
;;;;;4;2;;;;
;;;;;5;4;;;;
;;;;;6;2;;;;
;;;;;7;1;;;;
;;;;;8;2;;;;
;;;;;9;3;;;;
;;;;;10;2;;;;
608;F;ROFF;Rosmarinus_officinalis;100;1;3;;;;
;;;;;2;3;;;;
;;;;;3;4;;;;
;;;;;4;3;;;;
;;;;;5;2;;;;
;;;;;6;2;;;;
;;;;;7;4;;;;
;;;;;8;3;;;;
;;;;;9;4;;;;
;;;;;10;1;;;;
609;F;ROFF;Rosmarinus_officinalis;101;1;4;;;;
;;;;;2;4;;;;
;;;;;3;2;;;;
;;;;;4;4;;;;
;;;;;5;1;;;;
;;;;;6;4;;;;
;;;;;7;2;;;;
;;;;;8;2;;;;
;;;;;9;4;;;;
;;;;;10;3;;;;
610;F;ROFF;Rosmarinus_officinalis;102;1;1;;;;
;;;;;2;4;;;;
;;;;;3;3;;;;
;;;;;4;3;;;;
;;;;;5;2;;;;
;;;;;6;3;;;;
;;;;;7;4;;;;
;;;;;8;1;;;;
;;;;;9;4;;;;
;;;;;10;3;;three antagonist individuals from the same species as ROFF 96 (not collected);;
611;F;ROFF;Rosmarinus_officinalis;103;1;2;;;;
;;;;;2;2;;;;
;;;;;3;2;;;;
;;;;;4;1;;;;
;;;;;5;3;;;;
;;;;;6;3;;;;
;;;;;7;2;;;;
;;;;;8;2;;;;
;;;;;9;2;;;;
;;;;;10;3;;;;
612;F;ROFF;Rosmarinus_officinalis;104;1;1;;;;
;;;;;2;1;;;;
;;;;;3;2;;;;
;;;;;4;1;;;;
;;;;;5;1;;;;
;;;;;6;2;;;;
;;;;;7;1;;;;
;;;;;8;1;;;;
;;;;;9;0;;;;
;;;;;10;2;;;;
613;F;ROFF;Rosmarinus_officinalis;105;1;2;;;;
;;;;;2;1;;;;
;;;;;3;2;;;;
;;;;;4;2;;;;
;;;;;5;NA;;;;
;;;;;6;NA;;;;
;;;;;7;NA;;;;
;;;;;8;NA;;;;
;;;;;9;NA;;;;
;;;;;10;NA;;;;
614;F;HCOM;Halimium_commutatum;196;;;;;;
615;F;HCOM;Halimium_commutatum;197;;;;;;
616;F;HCOM;Halimium_commutatum;198;;;;;;
617;F;HCOM;Halimium_commutatum;199;;;;;;
618;F;HCOM;Halimium_commutatum;200;;;;;;
619;F;HCOM;Halimium_commutatum;201;;;;;;
620;F;HCOM;Halimium_commutatum;202;;;;;;
621;F;HCOM;Halimium_commutatum;203;;;;;;
622;F;HCOM;Halimium_commutatum;204;;;;;;
623;F;HCOM;Halimium_commutatum;205;;;;;;
624;F;HCOM;Halimium_commutatum;206;;;;;;
625;F;HCOM;Halimium_commutatum;207;;;;;;
626;F;HCOM;Halimium_commutatum;208;;;;;;
627;F;HCOM;Halimium_commutatum;209;;;;;;
628;F;HCOM;Halimium_commutatum;210;;;;;;
629;F;UPAR;Ulex_parviflorus;212;;;;;;
630;F;UPAR;Ulex_parviflorus;214;;;;;;
631;F;UPAR;Ulex_parviflorus;218;;;;;;
632;F;UPAR;Ulex_parviflorus;221;;;;;;
633;F;UPAR;Ulex_parviflorus;222;;;;;;
634;F;UPAR;Ulex_parviflorus;223;;;;;;
635;F;UPAR;Ulex_parviflorus;224;;;;;;
636;F;UPAR;Ulex_parviflorus;X;;;;;;
637;F;SGEN;Stauracanthus_genistoides;213;;;;;;
638;F;SGEN;Stauracanthus_genistoides;215;;;;;;
639;F;SGEN;Stauracanthus_genistoides;216;;;;;;
640;F;SGEN;Stauracanthus_genistoides;217;;;;;;
641;F;SGEN;Stauracanthus_genistoides;219;;;;;;
642;F;SGEN;Stauracanthus_genistoides;220;;;;;;
643;F;SGEN;Stauracanthus_genistoides;225;;;;;;
644;F;SGEN;Stauracanthus_genistoides;211;;;;;;
645;F;CLIB;Cistus_libanotis;426;1;24;;;;
;;;;;2;14;;;;
;;;;;3;20;;;;
;;;;;4;16;;;;
;;;;;5;15;;;;
;;;;;6;15;;;;
;;;;;7;13;;;;
;;;;;8;17;;;;
;;;;;9;16;;;;
;;;;;10;12;;;;
646;F;CLIB;Cistus_libanotis;427;1;15;;;;
;;;;;2;16;;;;
;;;;;3;14;;;;
;;;;;4;20;;;;
;;;;;5;17;;;;
;;;;;6;16;;;;
;;;;;7;15;;;;
;;;;;8;15;;;;
;;;;;9;12;;;;
;;;;;10;6;;;;
647;F;CLIB;Cistus_libanotis;428;1;11;;;;
;;;;;2;22;;;;
;;;;;3;24;;;;
;;;;;4;25;;;;
;;;;;5;15;;;;
;;;;;6;13;;;;
;;;;;7;15;;;;
;;;;;8;15;;;;
;;;;;9;18;;;;
;;;;;10;13;;;;
648;F;CLIB;Cistus_libanotis;429;1;14;;;;
;;;;;2;20;;;;
;;;;;3;16;;;;
;;;;;4;20;;;;
;;;;;5;12;;;;
;;;;;6;18;;;;
;;;;;7;27;;;;
;;;;;8;11;;;;
;;;;;9;13;;;;
;;;;;10;12;;;;
649;F;CLIB;Cistus_libanotis;430;1;17;;;;
;;;;;2;15;;;;
;;;;;3;24;;;;
;;;;;4;20;;;;
;;;;;5;15;;;;
;;;;;6;18;;;;
;;;;;7;12;;;;
;;;;;8;13;;;;
;;;;;9;20;;;;
;;;;;10;8;;;;
650;F;CLIB;Cistus_libanotis;431;1;20;;;;
;;;;;2;18;;;;
;;;;;3;16;;;;
;;;;;4;18;;;;
;;;;;5;10;;;;
;;;;;6;20;;;;
;;;;;7;10;;;;
;;;;;8;13;;;;
;;;;;9;11;;;;
;;;;;10;8;;;;
651;F;CLIB;Cistus_libanotis;432;1;17;;;;
;;;;;2;14;;;;
;;;;;3;18;;;;
;;;;;4;13;;;;
;;;;;5;15;;;;
;;;;;6;12;;;;
;;;;;7;11;;;;
;;;;;8;12;;;;
;;;;;9;13;;;;
;;;;;10;7;;;;
652;F;CLIB;Cistus_libanotis;433;1;15;;;;
;;;;;2;18;;;;
;;;;;3;12;;;;
;;;;;4;14;;;;
;;;;;5;16;;;;
;;;;;6;17;;;;
;;;;;7;17;;;;
;;;;;8;12;;;;
;;;;;9;20;;;;
;;;;;10;15;;;;
653;F;CLIB;Cistus_libanotis;434;1;18;;;;
;;;;;2;17;;;;
;;;;;3;18;;;;
;;;;;4;21;;;;
;;;;;5;11;;;;
;;;;;6;11;;;;
;;;;;7;8;;;;
;;;;;8;17;;;;
;;;;;9;7;;;;
;;;;;10;10;;;;
654;F;CLIB;Cistus_libanotis;435;1;27;;;;
;;;;;2;25;;;;
;;;;;3;21;;;;
;;;;;4;24;;;;
;;;;;5;21;;;;
;;;;;6;13;;;;
;;;;;7;17;;;;
;;;;;8;7;;;;
;;;;;9;4;;;;
;;;;;10;7;;;;
655;F;CLIB;Cistus_libanotis;561;1;17;;;;
;;;;;2;20;;;;
;;;;;3;17;;;;
;;;;;4;18;;;;
;;;;;5;22;;;;
;;;;;6;11;;;;
;;;;;7;10;;;;
;;;;;8;4;;;;
;;;;;9;7;;;;
;;;;;10;15;;;;
656;F;CLIB;Cistus_libanotis;562;1;19;;;;
;;;;;2;14;;;;
;;;;;3;20;;;;
;;;;;4;11;;;;
;;;;;5;23;;;;
;;;;;6;18;;;;
;;;;;7;14;;;;
;;;;;8;18;;one predated fruit (photo 11/10/22);;
;;;;;9;9;;;;
;;;;;10;13;;;;
657;F;CLIB;Cistus_libanotis;563;1;18;;;;
;;;;;2;17;;;;
;;;;;3;12;;;;
;;;;;4;16;;;;
;;;;;5;19;;;;
;;;;;6;14;;;;
;;;;;7;15;;;;
;;;;;8;16;;;;
;;;;;9;12;;;;
;;;;;10;9;;;;
658;F;CLIB;Cistus_libanotis;564;1;19;;;;
;;;;;2;21;;;;
;;;;;3;18;;;;
;;;;;4;18;;;;
;;;;;5;17;;;;
;;;;;6;19;;;;
;;;;;7;17;;;;
;;;;;8;19;;;;
;;;;;9;16;;;;
;;;;;10;22;;;;
659;F;CLIB;Cistus_libanotis;565;1;18;;;;
;;;;;2;20;;;;
;;;;;3;18;;;;
;;;;;4;19;;;;
;;;;;5;21;;;;
;;;;;6;19;;;;
;;;;;7;17;;;;
;;;;;8;8;;;;
;;;;;9;13;;;;
;;;;;10;17;;;;
660;F;AVEL;Armeria_velutina;460;;;;;;
661;F;AVEL;Armeria_velutina;461;;;;;;
662;F;AVEL;Armeria_velutina;462;;;;;;
663;F;AVEL;Armeria_velutina;463;;;;;;
664;F;AVEL;Armeria_velutina;464;;;;;;
665;F;AVEL;Armeria_velutina;465;;;;;;
666;F;AVEL;Armeria_velutina;466;;;;;;
667;F;AVEL;Armeria_velutina;467;;;;;;
668;F;AVEL;Armeria_velutina;468;;;;;;
669;F;HHAL;Halimium_halimifolium;546;1;39;;;;
;;;;;2;45;;;;
;;;;;3;62;;;;
;;;;;4;46;;Larvae (photo);;
;;;;;5;26;;Larvae (same, no photo);;
;;;;;6;44;;;;
;;;;;7;36;;;;
;;;;;8;44;;;;
;;;;;9;48;;;;
;;;;;10;NA;;;;
670;F;HHAL;Halimium_halimifolium;547;1;21;;;;
;;;;;2;3;;;;
;;;;;3;0;;;;
;;;;;4;6;;;;
;;;;;5;NA;;;;
;;;;;6;NA;;;;
;;;;;7;NA;;;;
;;;;;8;NA;;;;
;;;;;9;NA;;;;
;;;;;10;NA;;;;
671;F;HHAL;Halimium_halimifolium;548;1;21;;8 fruits completely predated (all structures);;
;;;;;2;10;;;;
;;;;;3;5;;;;
;;;;;4;6;;;;
;;;;;5;NA;;;;
;;;;;6;NA;;;;
;;;;;7;NA;;;;
;;;;;8;NA;;;;
;;;;;9;NA;;;;
;;;;;10;NA;;;;
672;F;HHAL;Halimium_halimifolium;549;1;34;;1 fruit completely predated (all structures);;
;;;;;2;8;;;;
;;;;;3;9;;;;
;;;;;4;9;;;;
;;;;;5;6;;;;
;;;;;6;NA;;;;
;;;;;7;NA;;;;
;;;;;8;NA;;;;
;;;;;9;NA;;;;
;;;;;10;NA;;;;
673;F;HHAL;Halimium_halimifolium;550;1;22;;1 fruit completely predated (all structures);;
;;;;;2;6;;;;
;;;;;3;6;;;;
;;;;;4;NA;;;;
;;;;;5;NA;;;;
;;;;;6;NA;;;;
;;;;;7;NA;;;;
;;;;;8;NA;;;;
;;;;;9;NA;;;;
;;;;;10;NA;;;;
674;F;HHAL;Halimium_halimifolium;551;1;56;;;;
;;;;;2;37;;;;
;;;;;3;36;;;;
;;;;;4;42;;;;
;;;;;5;37;;;;
;;;;;6;36;;;;
;;;;;7;25;;;;
;;;;;8;38;;;;
;;;;;9;17;;one fruit predated;;
;;;;;10;27;;;;
675;F;HHAL;Halimium_halimifolium;552;1;28;;;;
;;;;;2;13;;;;
;;;;;3;51;;;;
;;;;;4;31;;;;
;;;;;5;36;;;;
;;;;;6;7;;;;
;;;;;7;28;;;;
;;;;;8;20;;;;
;;;;;9;34;;;;
;;;;;10;25;;;;
676;F;HHAL;Halimium_halimifolium;553;1;26;;;;
;;;;;2;39;;;;
;;;;;3;35;;;;
;;;;;4;35;;;;
;;;;;5;40;;;;
;;;;;6;28;;;;
;;;;;7;13;;;;
;;;;;8;39;;;;
;;;;;9;8;;;;
;;;;;10;13;;;;
677;F;HHAL;Halimium_halimifolium;554;1;30;;;;
;;;;;2;33;;;;
;;;;;3;18;;;;
;;;;;4;21;;;;
;;;;;5;45;;;;
;;;;;6;29;;;;
;;;;;7;26;;;;
;;;;;8;5;;;;
;;;;;9;44;;;;
;;;;;10;11;;;;
678;F;HHAL;Halimium_halimifolium;555;1;47;;;;
;;;;;2;15;;;;
;;;;;3;38;;;;
;;;;;4;19;;;;
;;;;;5;31;;;;
;;;;;6;17;;;;
;;;;;7;11;;;;
;;;;;8;0;;;;
;;;;;9;NA;;;;
;;;;;10;NA;;;;
679;F;HHAL;Halimium_halimifolium;556;1;18;;;;
;;;;;2;25;;;;
;;;;;3;42;;;;
;;;;;4;12;;;;
;;;;;5;16;;;;
;;;;;6;27;;;;
;;;;;7;25;;;;
;;;;;8;8;;;;
;;;;;9;6;;;;
;;;;;10;4;;;;
680;F;HHAL;Halimium_halimifolium;557;1;55;;;;
;;;;;2;31;;;;
;;;;;3;41;;;;
;;;;;4;33;;;;
;;;;;5;27;;;;
;;;;;6;21;;;;
;;;;;7;NA;;;;
;;;;;8;NA;;;;
;;;;;9;NA;;;;
;;;;;10;NA;;;;
681;F;HHAL;Halimium_halimifolium;558;1;15;;;;
;;;;;2;34;;;;
;;;;;3;36;;;;
;;;;;4;37;;;;
;;;;;5;34;;;;
;;;;;6;26;;;;
;;;;;7;38;;;;
;;;;;8;23;;;;
;;;;;9;22;;;;
;;;;;10;6;;;;
682;F;HHAL;Halimium_halimifolium;559;1;33;;;;
;;;;;2;34;;;;
;;;;;3;26;;;;
;;;;;4;23;;;;
;;;;;5;20;;;;
;;;;;6;22;;;;
;;;;;7;21;;;;
;;;;;8;26;;;;
;;;;;9;32;;;;
;;;;;10;22;;;;
683;F;HHAL;Halimium_halimifolium;560;1;18;;;;
;;;;;2;19;;;;
;;;;;3;26;;;;
;;;;;4;21;;;;
;;;;;5;11;;;;
;;;;;6;29;;;;
;;;;;7;14;;;;
;;;;;8;28;;;;
;;;;;9;7;;;;
;;;;;10;2;;;;
684;F;TMAS;Thymus_mastichina;611;1;1;;;;
;;;;;2;1;;;;
;;;;;3;2;;;;
;;;;;4;1;;;;
;;;;;5;NA;;;;
;;;;;6;NA;;;;
;;;;;7;NA;;;;
;;;;;8;NA;;;;
;;;;;9;NA;;;;
;;;;;10;NA;;;;
685;F;TMAS;Thymus_mastichina;612;1;1;;;;
;;;;;2;1;;;;
;;;;;3;2;;;;
;;;;;4;1;;;;
;;;;;5;1;;;;
;;;;;6;1;;;;
;;;;;7;1;;;;
;;;;;8;1;;;;
;;;;;9;1;;;;
;;;;;10;1;;;;
686;F;TMAS;Thymus_mastichina;613;1;1;;;;
;;;;;2;1;;;;
;;;;;3;1;;;;
;;;;;4;1;;;;
;;;;;5;1;;;;
;;;;;6;1;;;;
;;;;;7;1;;;;
;;;;;8;1;;;;
;;;;;9;NA;;;;
;;;;;10;NA;;;;
687;F;TMAS;Thymus_mastichina;614;1;2;;;;
;;;;;2;1;;;;
;;;;;3;1;;;;
;;;;;4;1;;;;
;;;;;5;1;;;;
;;;;;6;1;;;;
;;;;;7;1;;;;
;;;;;8;1;;;;
;;;;;9;1;;;;
;;;;;10;1;;;;
688;F;TMAS;Thymus_mastichina;615;1;2;;;;
;;;;;2;1;;;;
;;;;;3;2;;;;
;;;;;4;1;;;;
;;;;;5;2;;;;
;;;;;6;1;;;;
;;;;;7;1;;;;
;;;;;8;1;;;;
;;;;;9;2;;;;
;;;;;10;2;;;;
689;F;TMAS;Thymus_mastichina;616;1;1;;;;
;;;;;2;1;;;;
;;;;;3;1;;;;
;;;;;4;1;;;;
;;;;;5;1;;;;
;;;;;6;1;;;;
;;;;;7;1;;;;
;;;;;8;1;;;;
;;;;;9;1;;;;
;;;;;10;1;;;;
690;F;TMAS;Thymus_mastichina;617;1;1;;;;
;;;;;2;1;;;;
;;;;;3;1;;;;
;;;;;4;1;;;;
;;;;;5;1;;;;
;;;;;6;1;;;;
;;;;;7;1;;;;
;;;;;8;1;;;;
;;;;;9;NA;;;;
;;;;;10;NA;;;;
691;F;TMAS;Thymus_mastichina;618;1;1;;;;
;;;;;2;1;;;;
;;;;;3;NA;;;;
;;;;;4;NA;;;;
;;;;;5;NA;;;;
;;;;;6;NA;;;;
;;;;;7;NA;;;;
;;;;;8;NA;;;;
;;;;;9;NA;;;;
;;;;;10;NA;;;;
692;F;TMAS;Thymus_mastichina;619;1;1;;;;
;;;;;2;NA;;;;
;;;;;3;NA;;;;
;;;;;4;NA;;;;
;;;;;5;NA;;;;
;;;;;6;NA;;;;
;;;;;7;NA;;;;
;;;;;8;NA;;;;
;;;;;9;NA;;;;
;;;;;10;NA;;;;
693;F;TMAS;Thymus_mastichina;620;1;1;;;;
;;;;;2;2;;;;
;;;;;3;2;;;;
;;;;;4;2;;;;
;;;;;5;2;;;;
;;;;;6;2;;;;
;;;;;7;2;;;;
;;;;;8;1;;;;
;;;;;9;1;;;;
;;;;;10;1;;;;
694;F;TMAS;Thymus_mastichina;621;1;1;;;;
;;;;;2;NA;;;;
;;;;;3;NA;;;;
;;;;;4;NA;;;;
;;;;;5;NA;;;;
;;;;;6;NA;;;;
;;;;;7;NA;;;;
;;;;;8;NA;;;;
;;;;;9;NA;;;;
;;;;;10;NA;;;;
695;F;TMAS;Thymus_mastichina;622;1;1;;;;
;;;;;2;1;;;;
;;;;;3;NA;;;;
;;;;;4;NA;;;;
;;;;;5;NA;;;;
;;;;;6;NA;;;;
;;;;;7;NA;;;;
;;;;;8;NA;;;;
;;;;;9;NA;;;;
;;;;;10;NA;;;;
696;F;TMAS;Thymus_mastichina;623;1;1;;;;
;;;;;2;1;;;;
;;;;;3;1;;;;
;;;;;4;NA;;;;
;;;;;5;NA;;;;
;;;;;6;NA;;;;
;;;;;7;NA;;;;
;;;;;8;NA;;;;
;;;;;9;NA;;;;
;;;;;10;NA;;;;
697;F;TMAS;Thymus_mastichina;624;1;1;;;;
;;;;;2;1;;;;
;;;;;3;NA;;;;
;;;;;4;NA;;;;
;;;;;5;NA;;;;
;;;;;6;NA;;;;
;;;;;7;NA;;;;
;;;;;8;NA;;;;
;;;;;9;NA;;;;
;;;;;10;NA;;;;
698;F;TMAS;Thymus_mastichina;625;1;NA;;;;
;;;;;2;NA;;;;
;;;;;3;NA;;;;
;;;;;4;NA;;;;
;;;;;5;NA;;;;
;;;;;6;NA;;;;
;;;;;7;NA;;;;
;;;;;8;NA;;;;
;;;;;9;NA;;;;
;;;;;10;NA;;;;
699;F;HPIC;Helichrysum_picardii;686;;;;;;
700;F;HPIC;Helichrysum_picardii;687;;;;;;