ID;Plot;Plant_sp;Plant_sp_complete;Plant_id
1;A;UPAR;Ulex_parviflorus;1
2;A;UPAR;Ulex_parviflorus;2
3;A;UPAR;Ulex_parviflorus;3
4;A;UPAR;Ulex_parviflorus;4
5;A;UPAR;Ulex_parviflorus;5
6;A;UPAR;Ulex_parviflorus;6
7;A;UPAR;Ulex_parviflorus;7
8;A;UPAR;Ulex_parviflorus;8
9;A;UPAR;Ulex_parviflorus;9
10;A;UPAR;Ulex_parviflorus;10
11;A;UPAR;Ulex_parviflorus;11
12;A;UPAR;Ulex_parviflorus;12
13;A;UPAR;Ulex_parviflorus;13
14;A;UPAR;Ulex_parviflorus;14
15;A;UPAR;Ulex_parviflorus;15
16;A;HCOM;Halimium_commutatum;106
17;A;HCOM;Halimium_commutatum;107
18;A;HCOM;Halimium_commutatum;108
19;A;HCOM;Halimium_commutatum;109
20;A;HCOM;Halimium_commutatum;110
21;A;HCOM;Halimium_commutatum;111
22;A;HCOM;Halimium_commutatum;112
23;A;HCOM;Halimium_commutatum;113
24;A;HCOM;Halimium_commutatum;114
25;A;HCOM;Halimium_commutatum;115
26;A;HCOM;Halimium_commutatum;116
27;A;HCOM;Halimium_commutatum;117
28;A;HCOM;Halimium_commutatum;118
29;A;HCOM;Halimium_commutatum;119
30;A;HCOM;Halimium_commutatum;120
31;A;ROFF;Rosmarinus_officinalis;236
32;A;ROFF;Rosmarinus_officinalis;237
33;A;ROFF;Rosmarinus_officinalis;238
34;A;ROFF;Rosmarinus_officinalis;239
35;A;ROFF;Rosmarinus_officinalis;240
36;A;SGEN;Stauracanthus_genistoides;241
37;A;SGEN;Stauracanthus_genistoides;242
38;A;SGEN;Stauracanthus_genistoides;243
39;A;SGEN;Stauracanthus_genistoides;244
40;A;SGEN;Stauracanthus_genistoides;245
41;A;SGEN;Stauracanthus_genistoides;246
42;A;SGEN;Stauracanthus_genistoides;247
43;A;SGEN;Stauracanthus_genistoides;248
44;A;SGEN;Stauracanthus_genistoides;249
45;A;SGEN;Stauracanthus_genistoides;250
46;A;SGEN;Stauracanthus_genistoides;Y
47;A;LPED;Lavandula_pedunculata;261
48;A;LPED;Lavandula_pedunculata;262
49;A;LPED;Lavandula_pedunculata;263
50;A;LPED;Lavandula_pedunculata;264
51;A;LPED;Lavandula_pedunculata;265
52;A;LPED;Lavandula_pedunculata;266
53;A;LPED;Lavandula_pedunculata;267
54;A;LPED;Lavandula_pedunculata;268
55;A;LPED;Lavandula_pedunculata;269
56;A;LPED;Lavandula_pedunculata;270
57;A;LPED;Lavandula_pedunculata;271
58;A;LPED;Lavandula_pedunculata;272
59;A;LPED;Lavandula_pedunculata;273
60;A;LPED;Lavandula_pedunculata;274
61;A;LPED;Lavandula_pedunculata;275
62;A;CLIB;Cistus_libanotis;366
63;A;CLIB;Cistus_libanotis;367
64;A;CLIB;Cistus_libanotis;368
65;A;CLIB;Cistus_libanotis;369
66;A;CLIB;Cistus_libanotis;370
67;A;CLIB;Cistus_libanotis;371
68;A;CLIB;Cistus_libanotis;372
69;A;CLIB;Cistus_libanotis;373
70;A;CLIB;Cistus_libanotis;374
71;A;CLIB;Cistus_libanotis;375
72;A;CLIB;Cistus_libanotis;376
73;A;CLIB;Cistus_libanotis;377
74;A;CLIB;Cistus_libanotis;378
75;A;CLIB;Cistus_libanotis;379
76;A;CLIB;Cistus_libanotis;380
77;A;HHAL;Halimium_halimifolium;471
78;A;HHAL;Halimium_halimifolium;472
79;A;HHAL;Halimium_halimifolium;473
80;A;HHAL;Halimium_halimifolium;474
81;A;HHAL;Halimium_halimifolium;475
82;A;HHAL;Halimium_halimifolium;476
83;A;HHAL;Halimium_halimifolium;477
84;A;HHAL;Halimium_halimifolium;478
85;A;HHAL;Halimium_halimifolium;479
86;A;HHAL;Halimium_halimifolium;480
87;A;HHAL;Halimium_halimifolium;481
88;A;HHAL;Halimium_halimifolium;482
89;A;HHAL;Halimium_halimifolium;483
90;A;HHAL;Halimium_halimifolium;484
91;A;HHAL;Halimium_halimifolium;485
92;A;TMAS;Thymus_mastichina;566
93;A;TMAS;Thymus_mastichina;567
94;A;TMAS;Thymus_mastichina;568
95;A;TMAS;Thymus_mastichina;569
96;A;TMAS;Thymus_mastichina;570
97;A;TMAS;Thymus_mastichina;571
98;A;TMAS;Thymus_mastichina;572
99;A;TMAS;Thymus_mastichina;573
100;A;TMAS;Thymus_mastichina;574
101;A;TMAS;Thymus_mastichina;575
102;A;TMAS;Thymus_mastichina;572_1
103;A;HPIC;Helichrysum_picardii;676
104;A;HPIC;Helichrysum_picardii;677
105;A;HPIC;Helichrysum_picardii;678
106;A;HPIC;Helichrysum_picardii;679
107;A;HPIC;Helichrysum_picardii;680
108;A;HPIC;Helichrysum_picardii;681
109;A;HPIC;Helichrysum_picardii;682
110;A;HPIC;Helichrysum_picardii;683
111;A;HPIC;Helichrysum_picardii;684
112;A;HPIC;Helichrysum_picardii;685
113;B;ROFF;Rosmarinus_officinalis;16
114;B;ROFF;Rosmarinus_officinalis;17
115;B;ROFF;Rosmarinus_officinalis;18
116;B;ROFF;Rosmarinus_officinalis;19
117;B;ROFF;Rosmarinus_officinalis;20
118;B;ROFF;Rosmarinus_officinalis;21
119;B;ROFF;Rosmarinus_officinalis;22
120;B;ROFF;Rosmarinus_officinalis;23
121;B;ROFF;Rosmarinus_officinalis;24
122;B;ROFF;Rosmarinus_officinalis;25
123;B;ROFF;Rosmarinus_officinalis;26
124;B;ROFF;Rosmarinus_officinalis;27
125;B;ROFF;Rosmarinus_officinalis;28
126;B;ROFF;Rosmarinus_officinalis;29
127;B;ROFF;Rosmarinus_officinalis;30
128;B;HCOM;Halimium_commutatum;121
129;B;HCOM;Halimium_commutatum;122
130;B;HCOM;Halimium_commutatum;123
131;B;HCOM;Halimium_commutatum;124
132;B;HCOM;Halimium_commutatum;125
133;B;HCOM;Halimium_commutatum;126
134;B;HCOM;Halimium_commutatum;127
135;B;HCOM;Halimium_commutatum;128
136;B;HCOM;Halimium_commutatum;129
137;B;HCOM;Halimium_commutatum;130
138;B;HCOM;Halimium_commutatum;131
139;B;HCOM;Halimium_commutatum;132
140;B;HCOM;Halimium_commutatum;133
141;B;HCOM;Halimium_commutatum;134
142;B;HCOM;Halimium_commutatum;135
143;B;SGEN;Stauracanthus_genistoides;226
144;B;SGEN;Stauracanthus_genistoides;227
145;B;SGEN;Stauracanthus_genistoides;228
146;B;SGEN;Stauracanthus_genistoides;229
147;B;SGEN;Stauracanthus_genistoides;230
148;B;SGEN;Stauracanthus_genistoides;231
149;B;SGEN;Stauracanthus_genistoides;232
150;B;SGEN;Stauracanthus_genistoides;233
151;B;SGEN;Stauracanthus_genistoides;234
152;B;SGEN;Stauracanthus_genistoides;235
153;B;LPED;Lavandula_pedunculata;276
154;B;LPED;Lavandula_pedunculata;277
155;B;LPED;Lavandula_pedunculata;278
156;B;LPED;Lavandula_pedunculata;279
157;B;LPED;Lavandula_pedunculata;280
158;B;LPED;Lavandula_pedunculata;281
159;B;LPED;Lavandula_pedunculata;282
160;B;LPED;Lavandula_pedunculata;283
161;B;LPED;Lavandula_pedunculata;284
162;B;LPED;Lavandula_pedunculata;285
163;B;LPED;Lavandula_pedunculata;286
164;B;LPED;Lavandula_pedunculata;287
165;B;LPED;Lavandula_pedunculata;288
166;B;LPED;Lavandula_pedunculata;289
167;B;LPED;Lavandula_pedunculata;290
168;B;CLIB;Cistus_libanotis;381
169;B;CLIB;Cistus_libanotis;382
170;B;CLIB;Cistus_libanotis;383
171;B;CLIB;Cistus_libanotis;384
172;B;CLIB;Cistus_libanotis;385
173;B;CLIB;Cistus_libanotis;386
174;B;CLIB;Cistus_libanotis;387
175;B;CLIB;Cistus_libanotis;388
176;B;CLIB;Cistus_libanotis;389
177;B;CLIB;Cistus_libanotis;390
178;B;CLIB;Cistus_libanotis;391
179;B;CLIB;Cistus_libanotis;392
180;B;CLIB;Cistus_libanotis;393
181;B;CLIB;Cistus_libanotis;394
182;B;CSAL;Cistus_salviifolius;Z
183;B;CLIB;Cistus_libanotis;395
184;B;HHAL;Halimium_halimifolium;486
185;B;HHAL;Halimium_halimifolium;487
186;B;HHAL;Halimium_halimifolium;488
187;B;HHAL;Halimium_halimifolium;489
188;B;HHAL;Halimium_halimifolium;490
189;B;HHAL;Halimium_halimifolium;491
190;B;HHAL;Halimium_halimifolium;492
191;B;HHAL;Halimium_halimifolium;493
192;B;HHAL;Halimium_halimifolium;494
193;B;HHAL;Halimium_halimifolium;495
194;B;HHAL;Halimium_halimifolium;496
195;B;HHAL;Halimium_halimifolium;497
196;B;HHAL;Halimium_halimifolium;498
197;B;HHAL;Halimium_halimifolium;499
198;B;HHAL;Halimium_halimifolium;500
199;B;TMAS;Thymus_mastichina;576
200;B;TMAS;Thymus_mastichina;577
201;B;TMAS;Thymus_mastichina;578
202;B;TMAS;Thymus_mastichina;579
203;B;TMAS;Thymus_mastichina;580
204;B;TMAS;Thymus_mastichina;581
205;B;TMAS;Thymus_mastichina;582
206;B;TMAS;Thymus_mastichina;583
207;B;TMAS;Thymus_mastichina;584
208;B;TMAS;Thymus_mastichina;585
209;B;HPIC;Helichrysum_picardii;626
210;B;HPIC;Helichrysum_picardii;627
211;B;HPIC;Helichrysum_picardii;628
212;B;HPIC;Helichrysum_picardii;629
213;B;HPIC;Helichrysum_picardii;630
214;B;HPIC;Helichrysum_picardii;631
215;B;HPIC;Helichrysum_picardii;632
216;B;HPIC;Helichrysum_picardii;633
217;B;HPIC;Helichrysum_picardii;634
218;B;HPIC;Helichrysum_picardii;635
219;B;HPIC;Helichrysum_picardii;636
220;B;HPIC;Helichrysum_picardii;637
221;B;HPIC;Helichrysum_picardii;638
222;B;HPIC;Helichrysum_picardii;639
223;B;HPIC;Helichrysum_picardii;640
224;B;HPIC;Helichrysum_picardii;688
225;B;HPIC;Helichrysum_picardii;689
226;B;HPIC;Helichrysum_picardii;690
227;B;HPIC;Helichrysum_picardii;691
228;B;HPIC;Helichrysum_picardii;692
229;C;ROFF;Rosmarinus_officinalis;31
230;C;ROFF;Rosmarinus_officinalis;32
231;C;ROFF;Rosmarinus_officinalis;33
232;C;ROFF;Rosmarinus_officinalis;34
233;C;ROFF;Rosmarinus_officinalis;35
234;C;ROFF;Rosmarinus_officinalis;36
235;C;ROFF;Rosmarinus_officinalis;37
236;C;ROFF;Rosmarinus_officinalis;38
237;C;ROFF;Rosmarinus_officinalis;39
238;C;ROFF;Rosmarinus_officinalis;40
239;C;ROFF;Rosmarinus_officinalis;41
240;C;ROFF;Rosmarinus_officinalis;42
241;C;ROFF;Rosmarinus_officinalis;43
242;C;ROFF;Rosmarinus_officinalis;44
243;C;ROFF;Rosmarinus_officinalis;45
244;C;HCOM;Halimium_commutatum;136
245;C;HCOM;Halimium_commutatum;137
246;C;HCOM;Halimium_commutatum;138
247;C;HCOM;Halimium_commutatum;139
248;C;HCOM;Halimium_commutatum;140
249;C;HCOM;Halimium_commutatum;141
250;C;HCOM;Halimium_commutatum;142
251;C;HCOM;Halimium_commutatum;143
252;C;HCOM;Halimium_commutatum;144
253;C;HCOM;Halimium_commutatum;145
254;C;HCOM;Halimium_commutatum;146
255;C;HCOM;Halimium_commutatum;147
256;C;HCOM;Halimium_commutatum;148
257;C;HCOM;Halimium_commutatum;149
258;C;HCOM;Halimium_commutatum;150
259;C;LPED;Lavandula_pedunculata;291
260;C;LPED;Lavandula_pedunculata;292
261;C;LPED;Lavandula_pedunculata;293
262;C;LPED;Lavandula_pedunculata;294
263;C;LPED;Lavandula_pedunculata;295
264;C;LPED;Lavandula_pedunculata;296
265;C;LPED;Lavandula_pedunculata;297
266;C;LPED;Lavandula_pedunculata;298
267;C;LPED;Lavandula_pedunculata;299
268;C;LPED;Lavandula_pedunculata;300
269;C;LPED;Lavandula_pedunculata;301
270;C;LPED;Lavandula_pedunculata;302
271;C;LPED;Lavandula_pedunculata;303
272;C;LPED;Lavandula_pedunculata;304
273;C;LPED;Lavandula_pedunculata;305
274;C;SGEN;Stauracanthus_genistoides;251
275;C;SGEN;Stauracanthus_genistoides;252
276;C;SGEN;Stauracanthus_genistoides;253
277;C;SGEN;Stauracanthus_genistoides;254
278;C;SGEN;Stauracanthus_genistoides;255
279;C;SGEN;Stauracanthus_genistoides;256
280;C;SGEN;Stauracanthus_genistoides;257
281;C;SGEN;Stauracanthus_genistoides;258
282;C;SGEN;Stauracanthus_genistoides;259
283;C;SGEN;Stauracanthus_genistoides;260
284;C;AVEL;Armeria_velutina;436
285;C;AVEL;Armeria_velutina;437
286;C;CLIB;Cistus_libanotis;469
287;C;CLIB;Cistus_libanotis;470
288;C;HHAL;Halimium_halimifolium;501
289;C;HHAL;Halimium_halimifolium;502
290;C;HHAL;Halimium_halimifolium;503
291;C;HHAL;Halimium_halimifolium;504
292;C;HHAL;Halimium_halimifolium;505
293;C;HHAL;Halimium_halimifolium;506
294;C;HHAL;Halimium_halimifolium;507
295;C;HHAL;Halimium_halimifolium;508
296;C;HHAL;Halimium_halimifolium;509
297;C;HHAL;Halimium_halimifolium;510
298;C;HHAL;Halimium_halimifolium;511
299;C;HHAL;Halimium_halimifolium;512
300;C;HHAL;Halimium_halimifolium;513
301;C;HHAL;Halimium_halimifolium;514
302;C;HHAL;Halimium_halimifolium;515
303;C;TMAS;Thymus_mastichina;586
304;C;TMAS;Thymus_mastichina;587
305;C;TMAS;Thymus_mastichina;588
306;C;TMAS;Thymus_mastichina;589
307;C;TMAS;Thymus_mastichina;590
308;C;HPIC;Helichrysum_picardii;641
309;C;HPIC;Helichrysum_picardii;642
310;C;HPIC;Helichrysum_picardii;643
311;C;HPIC;Helichrysum_picardii;644
312;C;HPIC;Helichrysum_picardii;645
313;C;HPIC;Helichrysum_picardii;646
314;C;HPIC;Helichrysum_picardii;647
315;C;HPIC;Helichrysum_picardii;648
316;C;HPIC;Helichrysum_picardii;649
317;C;HPIC;Helichrysum_picardii;650
318;C;HPIC;Helichrysum_picardii;651
319;C;HPIC;Helichrysum_picardii;652
320;C;HPIC;Helichrysum_picardii;653
321;C;HPIC;Helichrysum_picardii;654
322;C;HPIC;Helichrysum_picardii;655
323;D;ROFF;Rosmarinus_officinalis;46
324;D;ROFF;Rosmarinus_officinalis;47
325;D;ROFF;Rosmarinus_officinalis;48
326;D;ROFF;Rosmarinus_officinalis;49
327;D;ROFF;Rosmarinus_officinalis;50
328;D;ROFF;Rosmarinus_officinalis;51
329;D;ROFF;Rosmarinus_officinalis;52
330;D;ROFF;Rosmarinus_officinalis;53
331;D;ROFF;Rosmarinus_officinalis;54
332;D;ROFF;Rosmarinus_officinalis;55
333;D;ROFF;Rosmarinus_officinalis;56
334;D;ROFF;Rosmarinus_officinalis;57
335;D;ROFF;Rosmarinus_officinalis;58
336;D;ROFF;Rosmarinus_officinalis;59
337;D;ROFF;Rosmarinus_officinalis;60
338;D;HCOM;Halimium_commutatum;151
339;D;HCOM;Halimium_commutatum;152
340;D;HCOM;Halimium_commutatum;153
341;D;HCOM;Halimium_commutatum;154
342;D;HCOM;Halimium_commutatum;155
343;D;HCOM;Halimium_commutatum;156
344;D;HCOM;Halimium_commutatum;157
345;D;HCOM;Halimium_commutatum;158
346;D;HCOM;Halimium_commutatum;159
347;D;HCOM;Halimium_commutatum;160
348;D;HCOM;Halimium_commutatum;161
349;D;HCOM;Halimium_commutatum;162
350;D;HCOM;Halimium_commutatum;163
351;D;HCOM;Halimium_commutatum;164
352;D;HCOM;Halimium_commutatum;165
353;D;LPED;Lavandula_pedunculata;306
354;D;LPED;Lavandula_pedunculata;307
355;D;LPED;Lavandula_pedunculata;308
356;D;LPED;Lavandula_pedunculata;309
357;D;LPED;Lavandula_pedunculata;310
358;D;LPED;Lavandula_pedunculata;311
359;D;LPED;Lavandula_pedunculata;312
360;D;LPED;Lavandula_pedunculata;313
361;D;LPED;Lavandula_pedunculata;314
362;D;LPED;Lavandula_pedunculata;315
363;D;LPED;Lavandula_pedunculata;316
364;D;LPED;Lavandula_pedunculata;317
365;D;LPED;Lavandula_pedunculata;318
366;D;LPED;Lavandula_pedunculata;319
367;D;LPED;Lavandula_pedunculata;320
368;D;SGEN;Stauracanthus_genistoides;166
369;D;SGEN;Stauracanthus_genistoides;167
370;D;SGEN;Stauracanthus_genistoides;168
371;D;SGEN;Stauracanthus_genistoides;169
372;D;SGEN;Stauracanthus_genistoides;170
373;D;SGEN;Stauracanthus_genistoides;171
374;D;SGEN;Stauracanthus_genistoides;172
375;D;SGEN;Stauracanthus_genistoides;173
376;D;SGEN;Stauracanthus_genistoides;174
377;D;SGEN;Stauracanthus_genistoides;175
378;D;SGEN;Stauracanthus_genistoides;176
379;D;SGEN;Stauracanthus_genistoides;177
380;D;SGEN;Stauracanthus_genistoides;178
381;D;SGEN;Stauracanthus_genistoides;179
382;D;SGEN;Stauracanthus_genistoides;180
383;D;CLIB;Cistus_libanotis;396
384;D;CLIB;Cistus_libanotis;397
385;D;CLIB;Cistus_libanotis;398
386;D;CLIB;Cistus_libanotis;399
387;D;CLIB;Cistus_libanotis;400
388;D;CLIB;Cistus_libanotis;401
389;D;CLIB;Cistus_libanotis;402
390;D;CLIB;Cistus_libanotis;403
391;D;CLIB;Cistus_libanotis;404
392;D;CLIB;Cistus_libanotis;405
393;D;CLIB;Cistus_libanotis;406
394;D;CLIB;Cistus_libanotis;407
395;D;CLIB;Cistus_libanotis;408
396;D;CLIB;Cistus_libanotis;409
397;D;CLIB;Cistus_libanotis;410
398;D;AVEL;Armeria_velutina;438
399;D;AVEL;Armeria_velutina;439
400;D;AVEL;Armeria_velutina;440
401;D;AVEL;Armeria_velutina;441
402;D;AVEL;Armeria_velutina;442
403;D;AVEL;Armeria_velutina;443
404;D;AVEL;Armeria_velutina;444
405;D;AVEL;Armeria_velutina;445
406;D;AVEL;Armeria_velutina;446
407;D;AVEL;Armeria_velutina;447
408;D;AVEL;Armeria_velutina;448
409;D;AVEL;Armeria_velutina;449
410;D;HHAL;Halimium_halimifolium;516
411;D;HHAL;Halimium_halimifolium;517
412;D;HHAL;Halimium_halimifolium;518
413;D;HHAL;Halimium_halimifolium;519
414;D;HHAL;Halimium_halimifolium;520
415;D;HHAL;Halimium_halimifolium;521
416;D;HHAL;Halimium_halimifolium;522
417;D;HHAL;Halimium_halimifolium;523
418;D;HHAL;Halimium_halimifolium;524
419;D;HHAL;Halimium_halimifolium;525
420;D;HHAL;Halimium_halimifolium;526
421;D;HHAL;Halimium_halimifolium;527
422;D;HHAL;Halimium_halimifolium;528
423;D;HHAL;Halimium_halimifolium;529
424;D;HHAL;Halimium_halimifolium;530
425;D;TMAS;Thymus_mastichina;591
426;D;TMAS;Thymus_mastichina;592
427;D;TMAS;Thymus_mastichina;593
428;D;TMAS;Thymus_mastichina;594
429;D;TMAS;Thymus_mastichina;595
430;D;TMAS;Thymus_mastichina;596
431;D;TMAS;Thymus_mastichina;597
432;D;TMAS;Thymus_mastichina;598
433;D;TMAS;Thymus_mastichina;599
434;D;TMAS;Thymus_mastichina;600
435;D;HPIC;Helichrysum_picardii;656
436;D;HPIC;Helichrysum_picardii;657
437;D;HPIC;Helichrysum_picardii;658
438;D;HPIC;Helichrysum_picardii;659
439;D;HPIC;Helichrysum_picardii;660
440;D;HPIC;Helichrysum_picardii;661
441;D;HPIC;Helichrysum_picardii;662
442;D;HPIC;Helichrysum_picardii;663
443;D;HPIC;Helichrysum_picardii;664
444;D;HPIC;Helichrysum_picardii;665
445;D;HPIC;Helichrysum_picardii;666
446;D;HPIC;Helichrysum_picardii;667
447;D;HPIC;Helichrysum_picardii;668
448;D;HPIC;Helichrysum_picardii;669
449;D;HPIC;Helichrysum_picardii;670
450;D;HPIC;Helichrysum_picardii;671
451;D;HPIC;Helichrysum_picardii;672
452;D;HPIC;Helichrysum_picardii;673
453;D;HPIC;Helichrysum_picardii;674
454;D;HPIC;Helichrysum_picardii;675
455;E;UPAR;Ulex_parviflorus;61
456;E;UPAR;Ulex_parviflorus;62
457;E;UPAR;Ulex_parviflorus;63
458;E;UPAR;Ulex_parviflorus;64
459;E;UPAR;Ulex_parviflorus;65
460;E;UPAR;Ulex_parviflorus;66
461;E;UPAR;Ulex_parviflorus;67
462;E;UPAR;Ulex_parviflorus;68
463;E;UPAR;Ulex_parviflorus;69
464;E;UPAR;Ulex_parviflorus;70
465;E;UPAR;Ulex_parviflorus;71
466;E;UPAR;Ulex_parviflorus;72
467;E;UPAR;Ulex_parviflorus;73
468;E;UPAR;Ulex_parviflorus;74
469;E;UPAR;Ulex_parviflorus;75
470;E;SGEN;Stauracanthus_genistoides;351
471;E;SGEN;Stauracanthus_genistoides;352
472;E;SGEN;Stauracanthus_genistoides;353
473;E;SGEN;Stauracanthus_genistoides;354
474;E;SGEN;Stauracanthus_genistoides;355
475;E;SGEN;Stauracanthus_genistoides;356
476;E;SGEN;Stauracanthus_genistoides;357
477;E;SGEN;Stauracanthus_genistoides;358
478;E;SGEN;Stauracanthus_genistoides;359
479;E;SGEN;Stauracanthus_genistoides;360
480;E;ROFF;Rosmarinus_officinalis;76
481;E;ROFF;Rosmarinus_officinalis;77
482;E;ROFF;Rosmarinus_officinalis;78
483;E;ROFF;Rosmarinus_officinalis;79
484;E;ROFF;Rosmarinus_officinalis;80
485;E;ROFF;Rosmarinus_officinalis;81
486;E;ROFF;Rosmarinus_officinalis;82
487;E;ROFF;Rosmarinus_officinalis;83
488;E;ROFF;Rosmarinus_officinalis;84
489;E;ROFF;Rosmarinus_officinalis;85
490;E;ROFF;Rosmarinus_officinalis;86
491;E;ROFF;Rosmarinus_officinalis;87
492;E;ROFF;Rosmarinus_officinalis;88
493;E;ROFF;Rosmarinus_officinalis;89
494;E;ROFF;Rosmarinus_officinalis;90
495;E;HCOM;Halimium_commutatum;181
496;E;HCOM;Halimium_commutatum;182
497;E;HCOM;Halimium_commutatum;183
498;E;HCOM;Halimium_commutatum;184
499;E;HCOM;Halimium_commutatum;185
500;E;HCOM;Halimium_commutatum;186
501;E;HCOM;Halimium_commutatum;187
502;E;HCOM;Halimium_commutatum;188
503;E;HCOM;Halimium_commutatum;189
504;E;HCOM;Halimium_commutatum;190
505;E;HCOM;Halimium_commutatum;191
506;E;HCOM;Halimium_commutatum;192
507;E;HCOM;Halimium_commutatum;193
508;E;HCOM;Halimium_commutatum;194
509;E;HCOM;Halimium_commutatum;195
510;E;LPED;Lavandula_pedunculata;321
511;E;LPED;Lavandula_pedunculata;322
512;E;LPED;Lavandula_pedunculata;323
513;E;LPED;Lavandula_pedunculata;324
514;E;LPED;Lavandula_pedunculata;325
515;E;LPED;Lavandula_pedunculata;326
516;E;LPED;Lavandula_pedunculata;327
517;E;LPED;Lavandula_pedunculata;328
518;E;LPED;Lavandula_pedunculata;329
519;E;LPED;Lavandula_pedunculata;330
520;E;LPED;Lavandula_pedunculata;331
521;E;LPED;Lavandula_pedunculata;332
522;E;LPED;Lavandula_pedunculata;333
523;E;LPED;Lavandula_pedunculata;334
524;E;LPED;Lavandula_pedunculata;335
525;E;CSAL;Cistus_salviifolius;361
526;E;CSAL;Cistus_salviifolius;362
527;E;CSAL;Cistus_salviifolius;363
528;E;CSAL;Cistus_salviifolius;364
529;E;CSAL;Cistus_salviifolius;365
530;E;CSAL;Cistus_salviifolius;365_1
531;E;CSAL;Cistus_salviifolius;365_2
532;E;CSAL;Cistus_salviifolius;365_3
533;E;CSAL;Cistus_salviifolius;365_4
534;E;CLIB;Cistus_libanotis;411
535;E;CLIB;Cistus_libanotis;412
536;E;CLIB;Cistus_libanotis;413
537;E;CLIB;Cistus_libanotis;414
538;E;CLIB;Cistus_libanotis;415
539;E;CLIB;Cistus_libanotis;416
540;E;CLIB;Cistus_libanotis;417
541;E;CLIB;Cistus_libanotis;418
542;E;CLIB;Cistus_libanotis;419
543;E;CLIB;Cistus_libanotis;420
544;E;CLIB;Cistus_libanotis;421
545;E;CLIB;Cistus_libanotis;422
546;E;CLIB;Cistus_libanotis;423
547;E;CLIB;Cistus_libanotis;424
548;E;CLIB;Cistus_libanotis;425
549;E;AVEL;Armeria_velutina;450
550;E;AVEL;Armeria_velutina;451
551;E;AVEL;Armeria_velutina;452
552;E;AVEL;Armeria_velutina;453
553;E;AVEL;Armeria_velutina;454
554;E;AVEL;Armeria_velutina;455
555;E;AVEL;Armeria_velutina;456
556;E;AVEL;Armeria_velutina;457
557;E;AVEL;Armeria_velutina;458
558;E;AVEL;Armeria_velutina;459
559;E;HHAL;Halimium_halimifolium;531
560;E;HHAL;Halimium_halimifolium;532
561;E;HHAL;Halimium_halimifolium;533
562;E;HHAL;Halimium_halimifolium;534
563;E;HHAL;Halimium_halimifolium;535
564;E;HHAL;Halimium_halimifolium;536
565;E;HHAL;Halimium_halimifolium;537
566;E;HHAL;Halimium_halimifolium;538
567;E;HHAL;Halimium_halimifolium;539
568;E;HHAL;Halimium_halimifolium;540
569;E;HHAL;Halimium_halimifolium;541
570;E;HHAL;Halimium_halimifolium;542
571;E;HHAL;Halimium_halimifolium;543
572;E;HHAL;Halimium_halimifolium;544
573;E;HHAL;Halimium_halimifolium;545
574;E;TMAS;Thymus_mastichina;601
575;E;TMAS;Thymus_mastichina;602
576;E;TMAS;Thymus_mastichina;603
577;E;TMAS;Thymus_mastichina;604
578;E;TMAS;Thymus_mastichina;605
579;E;TMAS;Thymus_mastichina;606
580;E;TMAS;Thymus_mastichina;607
581;E;TMAS;Thymus_mastichina;608
582;E;TMAS;Thymus_mastichina;609
583;E;TMAS;Thymus_mastichina;610
584;F;LPED;Lavandula_pedunculata;336
585;F;LPED;Lavandula_pedunculata;337
586;F;LPED;Lavandula_pedunculata;338
587;F;LPED;Lavandula_pedunculata;339
588;F;LPED;Lavandula_pedunculata;340
589;F;LPED;Lavandula_pedunculata;341
590;F;LPED;Lavandula_pedunculata;342
591;F;LPED;Lavandula_pedunculata;343
592;F;LPED;Lavandula_pedunculata;344
593;F;LPED;Lavandula_pedunculata;345
594;F;LPED;Lavandula_pedunculata;346
595;F;LPED;Lavandula_pedunculata;347
596;F;LPED;Lavandula_pedunculata;348
597;F;LPED;Lavandula_pedunculata;349
598;F;LPED;Lavandula_pedunculata;350
599;F;ROFF;Rosmarinus_officinalis;91
600;F;ROFF;Rosmarinus_officinalis;92
601;F;ROFF;Rosmarinus_officinalis;93
602;F;ROFF;Rosmarinus_officinalis;94
603;F;ROFF;Rosmarinus_officinalis;95
604;F;ROFF;Rosmarinus_officinalis;96
605;F;ROFF;Rosmarinus_officinalis;97
606;F;ROFF;Rosmarinus_officinalis;98
607;F;ROFF;Rosmarinus_officinalis;99
608;F;ROFF;Rosmarinus_officinalis;100
609;F;ROFF;Rosmarinus_officinalis;101
610;F;ROFF;Rosmarinus_officinalis;102
611;F;ROFF;Rosmarinus_officinalis;103
612;F;ROFF;Rosmarinus_officinalis;104
613;F;ROFF;Rosmarinus_officinalis;105
614;F;HCOM;Halimium_commutatum;196
615;F;HCOM;Halimium_commutatum;197
616;F;HCOM;Halimium_commutatum;198
617;F;HCOM;Halimium_commutatum;199
618;F;HCOM;Halimium_commutatum;200
619;F;HCOM;Halimium_commutatum;201
620;F;HCOM;Halimium_commutatum;202
621;F;HCOM;Halimium_commutatum;203
622;F;HCOM;Halimium_commutatum;204
623;F;HCOM;Halimium_commutatum;205
624;F;HCOM;Halimium_commutatum;206
625;F;HCOM;Halimium_commutatum;207
626;F;HCOM;Halimium_commutatum;208
627;F;HCOM;Halimium_commutatum;209
628;F;HCOM;Halimium_commutatum;210
629;F;UPAR;Ulex_parviflorus;212
630;F;UPAR;Ulex_parviflorus;214
631;F;UPAR;Ulex_parviflorus;218
632;F;UPAR;Ulex_parviflorus;221
633;F;UPAR;Ulex_parviflorus;222
634;F;UPAR;Ulex_parviflorus;223
635;F;UPAR;Ulex_parviflorus;224
636;F;UPAR;Ulex_parviflorus;X
637;F;SGEN;Stauracanthus_genistoides;213
638;F;SGEN;Stauracanthus_genistoides;215
639;F;SGEN;Stauracanthus_genistoides;216
640;F;SGEN;Stauracanthus_genistoides;217
641;F;SGEN;Stauracanthus_genistoides;219
642;F;SGEN;Stauracanthus_genistoides;220
643;F;SGEN;Stauracanthus_genistoides;225
644;F;SGEN;Stauracanthus_genistoides;211
645;F;CLIB;Cistus_libanotis;426
646;F;CLIB;Cistus_libanotis;427
647;F;CLIB;Cistus_libanotis;428
648;F;CLIB;Cistus_libanotis;429
649;F;CLIB;Cistus_libanotis;430
650;F;CLIB;Cistus_libanotis;431
651;F;CLIB;Cistus_libanotis;432
652;F;CLIB;Cistus_libanotis;433
653;F;CLIB;Cistus_libanotis;434
654;F;CLIB;Cistus_libanotis;435
655;F;CLIB;Cistus_libanotis;561
656;F;CLIB;Cistus_libanotis;562
657;F;CLIB;Cistus_libanotis;563
658;F;CLIB;Cistus_libanotis;564
659;F;CLIB;Cistus_libanotis;565
660;F;AVEL;Armeria_velutina;460
661;F;AVEL;Armeria_velutina;461
662;F;AVEL;Armeria_velutina;462
663;F;AVEL;Armeria_velutina;463
664;F;AVEL;Armeria_velutina;464
665;F;AVEL;Armeria_velutina;465
666;F;AVEL;Armeria_velutina;466
667;F;AVEL;Armeria_velutina;467
668;F;AVEL;Armeria_velutina;468
669;F;HHAL;Halimium_halimifolium;546
670;F;HHAL;Halimium_halimifolium;547
671;F;HHAL;Halimium_halimifolium;548
672;F;HHAL;Halimium_halimifolium;549
673;F;HHAL;Halimium_halimifolium;550
674;F;HHAL;Halimium_halimifolium;551
675;F;HHAL;Halimium_halimifolium;552
676;F;HHAL;Halimium_halimifolium;553
677;F;HHAL;Halimium_halimifolium;554
678;F;HHAL;Halimium_halimifolium;555
679;F;HHAL;Halimium_halimifolium;556
680;F;HHAL;Halimium_halimifolium;557
681;F;HHAL;Halimium_halimifolium;558
682;F;HHAL;Halimium_halimifolium;559
683;F;HHAL;Halimium_halimifolium;560
684;F;TMAS;Thymus_mastichina;611
685;F;TMAS;Thymus_mastichina;612
686;F;TMAS;Thymus_mastichina;613
687;F;TMAS;Thymus_mastichina;614
688;F;TMAS;Thymus_mastichina;615
689;F;TMAS;Thymus_mastichina;616
690;F;TMAS;Thymus_mastichina;617
691;F;TMAS;Thymus_mastichina;618
692;F;TMAS;Thymus_mastichina;619
693;F;TMAS;Thymus_mastichina;620
694;F;TMAS;Thymus_mastichina;621
695;F;TMAS;Thymus_mastichina;622
696;F;TMAS;Thymus_mastichina;623
697;F;TMAS;Thymus_mastichina;624
698;F;TMAS;Thymus_mastichina;625
699;F;HPIC;Helichrysum_picardii;686
700;F;HPIC;Helichrysum_picardii;687